영문공항명,한글공항,공항코드1(IATA),공항코드2(ICAO),지역,영문국가명,한글국가명,영문도시명,한글도시명
A Coruna Airport,아코루냐 공항,LCG,LECO,유럽,Spain,스페인,ACoruna,아코루냐
Aalborg Airport,올보르 공항,AAL,EKYT,유럽,Denmark,덴마크,Aalborg,올보르
Aarhus Airport,오르후스 공항,AAR,EKAH,유럽,Denmark,덴마크,Aarhus,오르후스
Aasiaat Airport,아시아앗 공항,JEG,BGAA,유럽,Greenland,그린란드,Aasiaat,아시아앗
Abadan Airport,아바단 공항,ABD,OIAA,중동,Iran,이란,Abadan,아바단
Abaiang Airport,아바이앙 공항,ABF,NGAB,아시아태평양,Kiribati,키리바시,Abaiang,아바이앙
Abakan Airport,아바칸 공항,ABA,UNAA,유럽,Russian Federation,러시아,Abakan,아바칸
Abbotsford International Airport,애버츠퍼드 국제공항,YXX,CYXX,북아메리카,Canada,캐나다,Abbotsford,애버츠퍼드
Abecher Airport,아베셰 공항,AEH,FTTC,아프리카,Chad,차드,Abeche,아베셰
Abemama Airport,아베마마 아톨 공항,AEA,NGTB,아시아태평양,Kiribati,키리바시,Abemama,아베마마
Aberdeen International Airport,애버딘 국제공항,ABZ,EGPD,유럽,United Kingdom,영국,Aberdeen,애버딘
Aberdeen Regional Airport,애버딘 지역 공항,ABR,KABR,북아메리카,United States of America,미국,Aberdeen,애버딘
Abha Airport,아바 공항,AHB,OEAB,중동,Saudi Arabia,사우디아라비아,Abha,아바
Abidjan Felix Houphouet Boigny Airport,펠릭스 우푸에 부아니 공항,ABJ,DIAP,아프리카,Cote d'Ivoire,코트디부아르,Abidjan,아비장
Abilene Regional Airport,애빌린 지역 공항,ABI,KABI,북아메리카,United States of America,미국,Abilene,애빌린
Abingdon Virginia Highlands Airport,버지니아 하이랜드 공항,VJI,KVJI,북아메리카,United States of America,미국,Abingdon,애빙던
Abraham Lincoln Capital Airport,에이브러햄 링컨 캐피털 공항,SPI,KSPI,북아메리카,United States of America,미국,Springfield,스프링필드
Abu Dhabi Zayed International Airport,아부다비 국제공항,AUH,OMAA,중동,United Arab Emirates,아랍에미레이트,Abu Dhabi,아부다비
Abu Musa Airport,아부무사 공항,AEU,OIBA,중동,Iran,이란,Abu Musa,아부무사
Abu Simbel Airport,아부심벨 공항,ABS,HEBL,아프리카,Egypt,이집트,Abu Simbel,아부심벨
Abuja Nnamdi Azikiwe International Airport,남디 아지키웨 국제공항,ABV,DNAA,아프리카,Nigeria,나이지리아,Abuja,아부자
Acadiana Regional Airport,아카디아나 지역공항,ARA,KARA,북아메리카,United States of America,미국,Iberia,이베리아
Acandi Alcides Fernandez Airport,아칸디 알시데스 페르난데스 공항,ACD,SKAD,라틴아메리카,Colombia,콜롬비아,Acandi,아칸디
Acapulco Alvarez International Airport,아카풀코 알바레스 국제공항,ACA,MMAA,라틴아메리카,Mexico,멕시코,Acapulco,아카풀코
Acarigua Oswaldo Guevara Mujica Airport,오스왈도 게바라 무히카 공항,AGV,SVAC,라틴아메리카,Venezuela,베네수엘라,Acarigua,아카리과
Accra Kotoka International Airport,아크라 코토카 국제공항,ACC,DGAA,아프리카,Ghana,가나,Accra,아크라
Achutupo Airport,아추투포 공항,ACU,n/a,라틴아메리카,Panama,파나마,Achutupo,아추투포
Adado Airport,아다도 공항,AAD,HCAD,아프리카,Somalia,소말리아,Adado,아다도
Adak Island Naval Airport,아다크 섬 해군 공항,ADK,PADK,북아메리카,United States of America,미국,Adak,아다크
Adampur Airport,아담푸르 공항,AIP,VIAX,아시아태평양,India,인도,Adampur,아담푸르
Adana Sakirpasa Airport,아다나 사키르파사 공항,ADA,LTAF,중동,Turkiye,터키,Adana,아다나
Addis Ababa Bole International Airport,아디스아바바 볼레 국제공항,ADD,HAAB,아프리카,Ethiopia,이디오피아,Addisababa,아디스아바바
Adelaide Airport,애들레이드 공항,ADL,YPAD,아시아태평양,Australia,오스트레일리아,Adelaide,애들레이드
Adelaide Parafield Airport,애들레이드 파라필드 공항,PFD,YPPF,아시아태평양,Australia,오스트레일리아,Adelaide,애들레이드
Aden International Airport,아덴 국제공항,ADE,OYAA,중동,Yemen,예멘,Aden,아덴
Adiyaman Airport,아디야만 공항,ADF,LTCP,중동,Turkiye,터키,Adiyaman,아디야만
Adrar Touat Airport,아두라르 투아 공항,AZR,DAUA,아프리카,Algeria,알제리,Adrar,아드라르
Aek Godang Airport,애크고당공항,AEG,WIME,아시아태평양,Indonesia,인도네시아,Padang Sidempuan,파당시뎀푸안
Afutara Aerodrome,아푸타라 공항,AFT,n/a,아시아태평양,Solomon Islands,솔로몬 제도,Afutara,아푸타라
Agadez Mano Dayak International Airport,마노 다약 국제공항,AJY,DRZA,아프리카,Niger,니제르,Agadez,아가데즈
Agadir Al Massira Airport,아가디르 알 마시라 공항,AGA,GMAD,아프리카,Morocco,모로코,Agadir,아가디르
Agartala Singerbhil Airport,아가탈라 공항,IXA,VEAT,아시아태평양,India,인도,Agartala,아가르탈라
Agatti Island Airport,아가티 비행장,AGX,VOAT,아시아태평양,India,인도,Agatti,아가티
Agen La Garenne Airport,아겐 라 가렌느 공항,AGF,LFBA,유럽,France,프랑스,Agen,아쟁
Agra Kheria Airport,아그라 공항,AGR,VIAG,아시아태평양,India,인도,Agra,아그라
Agri Airport,아리 공항,AJI,LTCO,중동,Turkiye,터키,Agri,아리
Aguachica Hacaritama Airport,아과치카 하카리타마 공항,HAY,SKAG,라틴아메리카,Colombia,콜롬비아,Aguachica,아과치카
Aguaclara Airport,아과클라라 공항,ACL,n/a,라틴아메리카,Colombia,콜롬비아,Aguaclara,아과클라라
Aguadilla Rafael Hernandez Airport,라파엘 에르난데스 공항,BQN,TJBQ,북아메리카,Puerto Rico,푸에르토리코,Aguadilla,아과디야
Aguas Claras Airport,아구아스 클라라스 공항,OCV,SKOC,라틴아메리카,Colombia,콜롬비아,Ocana,오카냐
Aguascalientes Airport,헤수스 테란 페레도 국제공항,AGU,MMAS,라틴아메리카,Mexico,멕시코,Aguascalientes,아과스칼리엔테스
Aguni Airport,아구니 공항,AGJ,RORA,아시아태평양,Japan,일본,Aguni,아구니
Ahe Airport,아헤 공항,AHE,NTHE,아시아태평양,French Polynesia,프랑스령 폴리네시아,Ahe,아헤
Ahmedabad Sardar Vallabhbhai Patel International Airport,사르다르 발라바이 파텔 국제공항,AMD,VAAH,아시아태평양,India,인도,Ahmedabad,아메다바드
Ahwaz Airport,아바즈 국제공항,AWZ,OIAW,중동,Iran,이란,Ahvaz,아바즈
Ailinglapalap Airport,아이링라플랍 아이록 공항,AIC,n/a,아시아태평양,Marshall Islands,마샬 군도,Airok,아이록
Ailuk Island Airport,아일룩 공항,AIM,n/a,아시아태평양,Marshall Islands,마샬 군도,Ailuk,아일룩
Aitutaki Airport,아이투타키 공항,AIT,NCAI,아시아태평양,Cook Islands,쿡 군도,Aitutaki,아이투타키
Aizawl Lengpui Airport,렝푸이 공항,AJL,VELP,아시아태평양,India,인도,Aizawl,아이졸
Ajaccio Napoleon Bonaparte Airport,아작시오 나폴레옹 보나파르트 공항,AJA,LFKJ,유럽,France,프랑스,Ajaccio,아작시오
Aji Pangeran Tumenggung Pranoto International Airport,아지 프린스 투멍궁 프라노토 국제공항,AAP,WALS,아시아태평양,Indonesia,인도네시아,Samarinda,사마린다
Ajibata Sibisa Airport,시비사 공항,SIW,WIMP,아시아태평양,Indonesia,인도네시아,Parapat,파라팟
Ajmer Kishangarh Airport,아지메르 키샨가르 공항,KQH,VIKG,아시아태평양,India,인도,Kishangarh,키샨가르
Akhiok Sea Plane Base,아키오크 수상비행장,AKK,PAKH,북아메리카,United States of America,미국,Akhiok,아키오크
Akiachak Sea Plane Base,아키아착 수상비행장,KKI,n/a,북아메리카,United States of America,미국,Akiachak,아키아착
Akiak Airport,아키악 공항,AKI,PFAK,북아메리카,United States of America,미국,Akiak,아키악
Akita Airport,아키타 공항,AXT,RJSK,아시아태평양,Japan,일본,Akita,아키타
Aklavik Airport,아클라비크 공항,LAK,CYKD,북아메리카,Canada,캐나다,Aklavik,아클라비크
Akola Airport,아콜라 공항,AKD,VAAK,아시아태평양,India,인도,Akola,아콜라
Akron-Canton Airport,애크런 캔턴 공항,CAK,KCAK,북아메리카,United States of America,미국,Akron,애크런
Aksu Wensu Airport,악수 공항,AKU,ZWAK,아시아태평양,China,중국,Aksu,악수
Aktau Airport,악타우 공항,SCO,UATE,아시아태평양,Kazakhstan,카자흐스탄,Aktau,악타우
Aktobe Airport,악토베 공항,AKX,UATT,아시아태평양,Kazakhstan,카자흐스탄,Aktobe,악토베
Akulivik Airport,아쿨리비크 공항,AKV,CYKO,북아메리카,Canada,캐나다,Akulivik,아쿨리비크
Akunnaaq Heliport,아쿠나크 헬리포트,QCU,BGAK,유럽,Greenland,그린란드,Akunaaq,아쿠나크
Akure Airport,아쿠레 공항,AKR,DNAK,아프리카,Nigeria,나이지리아,Akure,아쿠레
Akureyri Airport,아쿠레이리 공항,AEY,BIAR,유럽,Iceland,아이슬란드,Akureyri,아쿠레이리
Akutan Airport,아쿠탄 공항,KQA,PAUT,북아메리카,United States of America,미국,Akutan,아쿠탄
Al Ain International Airport,알 아인 국제공항,AAN,OMAL,중동,United Arab Emirates,아랍에미레이트,Al Ain,알아인
Al Bateen Executive Airport,알 바틴 이그제큐티브 공항,AZI,OMAD,중동,United Arab Emirates,아랍에미레이트,Abu Dhabi,아부다비
Al Ghaydah Airport,알가이다 공항,AAY,n/a,중동,Yemen,예멘,Al Ghaydah,알가이다
Al Hoceima Cherif Al Idrissi Airport,체리프 알 이드리시 공항,AHU,GMTA,아프리카,Morocco,모로코,Al Hoceima,알호세이마
Al Jouf Airport,알 자우프 국내선 공항,AJF,OESK,중동,Saudi Arabia,사우디아라비아,Sakakah,사카카
Al Maktoum International Airport,알 막툼 국제공항,DWC,OMDW,중동,United Arab Emirates,아랍에미레이트,Dubai,두바이
Al Najaf Al-Ashraf International Airport,알 나자프 국제공항,NJF,ORNI,중동,Iraq,이라크,Al Najaf,나자프
Al Qaisumah-Hafar Al Batin Airport,알 카이수마/하프르 알 바틴 공항,AQI,OEPA,중동,Saudi Arabia,사우디아라비아,Qaisumah,카이수마
Al Ula Prince Abdul Majeed bin Abdulaziz Airport,프린스 압둘 마지드 빈 압둘아지즈 국내선 공항,ULH,OEAO,중동,Saudi Arabia,사우디아라비아,Alula,알울라
Al-Ahsa Airport,알아사 국제공항,HOF,OEAH,중동,Saudi Arabia,사우디아라비아,Hofuf,호푸프
Alakanuk Airport,알라카누크 공항,AUK,PAUK,북아메리카,United States of America,미국,Alakanuk,알라카누크
Alamogordo-White Sands Regional Airport,앨라모고도 화이트 샌즈 공항,ALM,KALM,북아메리카,United States of America,미국,Alamogordo,앨러모고도
Alar Talimu Airport,알라르 탈리무 공항,ACF,ZWAL,아시아태평양,China,중국,Alar,알라르
Albacete Airport,알바세테 공항,ABC,LEAB,유럽,Spain,스페인,Albacete,알바세테
Al-Baha Al-Aqiq Airport,알바하 알아키크 공항,ABT,OEBA,중동,Saudi Arabia,사우디아라비아,Al-Baha,알바하
Albany Airport,올버니 공항,ALH,YABA,아시아태평양,Australia,오스트레일리아,Albany,올버니
Albany International Airport,올버니 국제공항,ALB,KALB,북아메리카,United States of America,미국,Albany,올버니
Alberni Valley Regional Airport,알버니 밸리 지역공항,YPB,n/a,북아메리카,Canada,캐나다,Port Alberni,포트앨버니
Albert Picardie Airport,알버트 피카르디 공항,BYF,LFAQ,유럽,France,프랑스,Albert,알베르
Albuquerque International Sunport Airport,앨버커키 국제 선포트 공항,ABQ,KABQ,북아메리카,United States of America,미국,Albuquerque,앨버커키
Albury Airport,앨버리 공항,ABX,YMAY,아시아태평양,Australia,오스트레일리아,Albury,앨버리
Aldan Airport,알단 공항,ADH,UEEA,유럽,Russian Federation,러시아,Aldan,알단
Alderney Airport,올더니 공항,ACI,EGJA,유럽,Guernsey,건지,Alderney,올더니
Alegrete Gaudencio Machado Ramos Airport,알레그레테 공항,ALQ,SSLT,라틴아메리카,Brazil,브라질,Alegrete,알레그레테
Aleknagik Airport,알렉나직 공항,WKK,n/a,북아메리카,United States of America,미국,Aleknagik,알렉나직
Aleppo Nejrab Airport,알레포 국제공항,ALP,OSAP,중동,Syria,시리아,Aleppo,알레포
Alesund Airport,올레순비그라 공항,AES,ENAL,유럽,Norway,노르웨이,Alesund,올레순
Alexandra Airport,알렉산드라 비행장,ALR,NZLX,아시아태평양,New Zealand,뉴질랜드,Alexandra,알렉산드라
Alexandria Borg el Arab Airport,보르그 엘 아랍 공항,HBE,HEBA,아프리카,Egypt,이집트,Borg El Arab,보르그엘아랍
Alexandria International Airport,알렉산드리아 국제공항,AEX,KAEX,북아메리카,United States of America,미국,Alexandria,알렉산드리아
Alexandroupolis Dimokritos Airport,알렉산드로폴리 공항,AXD,LGAL,유럽,Greece,그리스,Alexandroupoli,알렉산드로폴리
Algeciras Heliport,알헤시라스 헬리포트,AEI,LEAG,유럽,Spain,스페인,Algeciras,알헤시라스
Alghero Fertilia Airport,알게로 페르틸리아 공항,AHO,LIEA,유럽,Italy,이탈리아,Alghero,알게로
Algiers Houari Boumediene Airport,후아리 부메디엔 공항,ALG,DAAG,아프리카,Algeria,알제리,Algiers,알제
Ali Pulan Airport,알리 풀란 공항,APJ,ZUPL,아시아태평양,China,중국,Ali,알리
Alicante Elche Miguel Hernandez Airport,알리칸테 엘체 공항,ALC,LEAL,유럽,Spain,스페인,Alicante,알리칸테
Alice International Airport,앨리스 국제공항,ALI,KALI,북아메리카,United States of America,미국,Alice,앨리스
Alice Springs Airport,앨리스 스프링스 공항,ASP,YBAS,아시아태평양,Australia,오스트레일리아,Alice Springs,앨리스스프링스
Aligarh Airport,알리가르 공항,HRH,VIAH,아시아태평양,India,인도,Aligarh,알리가르
Alitak Sea Plane Base,알리탁 수상비행장,ALZ,n/a,북아메리카,United States of America,미국,Lazy Bay,레이지베이
Allahabad Bamrauli Airport,알라하바드 공항,IXD,VIAL,아시아태평양,India,인도,Allahabad,알라하바드
Allakaket Airport,알라카켓 공항,AET,n/a,북아메리카,United States of America,미국,Allakaket,알라카켓
Allentown Lehigh Valley International Airport,리하이 밸리 국제공항,ABE,KABE,북아메리카,United States of America,미국,Allentown,앨런타운
Alliance Municipal Airport,얼라이언스 공항,AIA,KAIA,북아메리카,United States of America,미국,Alliance,얼라이언스
Alma Airport,알마 공항,YTF,CYTF,북아메리카,Canada,캐나다,Alma,알마
Almaty International Airport,알마티 국제공항,ALA,UAAA,아시아태평양,Kazakhstan,카자흐스탄,Almaty,알마티
Almeria Airport,알메리아 공항,LEI,LEAM,유럽,Spain,스페인,AlmerIa,알메리아
Along Airport,알라오 공항,IXV,VEAN,아시아태평양,India,인도,Along,알롱
Alor Island Airport,알로르 아일랜드 공항,ARD,WATM,아시아태평양,Indonesia,인도네시아,Alor,알로르
Alor Setar Airport,술탄 압둘 할림 공항,AOR,WMKA,아시아태평양,Malaysia,말레이시아,Alor Setar,알로르세타르
Alotau Gurney Airport,거니 공항,GUR,AYGN,아시아태평양,Papua New Guinea,파푸아뉴기니,Alotau,알로타우
Alpena County Regional Airport,앨피너 카운티 공항,APN,KAPN,북아메리카,United States of America,미국,Alpena,앨피너
Alpine-Casparis Municipal Airport,알파인 카스파리 시립공항,ALE,n/a,북아메리카,United States of America,미국,Alpine,알파인
Alta Airport,알타 공항,ALF,ENAT,유럽,Norway,노르웨이,Alta,알타
Alta Floresta Airport,알타 플로레스타 공항,AFL,SBAT,라틴아메리카,Brazil,브라질,Alta Floresta,알타플로레스타
Altai Airport,알타이 공항,LTI,ZMAT,아시아태평양,Mongolia,몽골,Altai,알타이
Altamira Airport,알타미라 공항,ATM,SBHT,라틴아메리카,Brazil,브라질,Altamira,알타미라
Altay Airport,알타이 공항,AAT,ZWAT,아시아태평양,China,중국,Altay,알타이
Altenburg Nobitz Airport,라이프치히 알텐부르크 공항,AOC,EDAC,유럽,Germany,독일,Altenburg,알텐부르크
Alto Rio Senguer Airport,알토 리오 셍구에르 공항,ARR,n/a,라틴아메리카,Argentina,아르헨티나,Alto Rio Senguer,알토리오셍구에르
Altoona-Blair County Airport,앨투나 블레어 카운티 공항,AOO,KAOO,북아메리카,United States of America,미국,Altoona,앨투나
Alxa Left Banner Airport,바얀호트 공항,AXF,n/a,아시아태평양,China,중국,Alxa Left Banner,알샤쭤기
Alxa Right Banner Airport,바단길린 공항,RHT,n/a,아시아태평양,China,중국,Alxa Right Banner,알샤우기
Amakusa Airfield,아마쿠사 비행장,AXJ,RJDA,아시아태평양,Japan,일본,Amakusa,아마쿠사
Amami Oshima Airport,아마미 공항,ASJ,RJKA,아시아태평양,Japan,일본,Amami,아마미
Amasya Merzifon Airport,아마시야 메르지폰 공항,MZH,LTAP,중동,Turkiye,터키,Merzifon,메르지폰
Ambala Airport,암발라 공항,n/a,VIAM,아시아태평양,India,인도,Ambala,암발라
Ambatomainty Airport,암바토마인티 공항,AMY,n/a,아프리카,Madagascar,마다가스카르,Ambatomainty,암바토마인티
Ambatondrazaka Airport,암바톤드라자카 공항,WAM,FMMZ,아프리카,Madagascar,마다가스카르,Ambatondrazaka,암바톤드라자카
Ambler Airport,앰블러 공항,ABL,PAFM,북아메리카,United States of America,미국,Ambler,앰블러
Ambon Pattimura Airport,파티무라 공항,AMQ,WAPP,아시아태평양,Indonesia,인도네시아,Ambon,암본
Amboseli Airport,암보셀리 공항,ASV,HKAM,아프리카,Kenya,케냐,Amboseli,암보셀리
Ambrolauri Airport,암브롤라우리 공항,n/a,UGAM,유럽,Georgia,조지아,Ambrolauri,암브롤라우리
Amderma Airport,암데르마 공항,AMV,n/a,유럽,Russian Federation,러시아,Amderma,암데르마
Amdjarass Airport,암자라스 공항,AEE,FTAA,아프리카,Chad,차드,Amdjarass,암자라스
Amgu Airport,암구 공항,AEM,n/a,유럽,Russian Federation,러시아,Amgu,암구
Amman Civil Airport,암만 민간공항,ADJ,OJAM,중동,Jordan,요르단,Amman,암만
Amman Queen Alia International Airport,퀸 알리아 국제공항,AMM,OJAI,중동,Jordan,요르단,Amman,암만
Ammassivik Heliport,암마시빅 헬리포트,QUW,BGAS,유럽,Greenland,그린란드,Ammassivik,암마시빅
Amook Airport,아묵 베이 수상비행기 기지,AOS,n/a,북아메리카,United States of America,미국,Amook,아묵
Ampara Gal-Oya Airport,암파라 공항,ADP,n/a,아시아태평양,Sri Lanka,스리랑카,Ampara,암파라
Ampara Kondavattavan Tank Airport,콘다바타반 탱크 수상비행기 기지,AFK,n/a,아시아태평양,Sri Lanka,스리랑카,Ampara,암파라
Amravati Airport,암라바티 공항,AVR,VAAM,아시아태평양,India,인도,Amravati,암라바티
Amritsar Sri Guru Ram Dass Jee Airport,스리 구루 람 다스 지 국제공항,ATQ,VIAR,아시아태평양,India,인도,Amritsar,암리차르
Amsterdam Schiphol Airport,암스테르담 스키폴 공항,AMS,EHAM,유럽,Netherlands,네덜란드,Amsterdam,암스테르담
Anaa Airport,아나 공항,AAA,NTGA,아시아태평양,French Polynesia,프랑스령 폴리네시아,Anaa,아나
Anadyr Airport,우골니 공항,DYR,UHMA,유럽,Russian Federation,러시아,Anadyr,아나디리
Anahim Lake Airport,아나힘 레이크 공항,YAA,n/a,북아메리카,Canada,캐나다,Anahim,아나힘
Anaktuvuk Airport,아낙투북 패스 공항,AKP,PAKP,북아메리카,United States of America,미국,Anaktuvuk Pass,아낙투북패스
Anapa Vityazevo Airport,아나파 비티아제보 공항,AAQ,URKA,유럽,Russian Federation,러시아,Anapa,아나파
Anapolis Airport,아나폴리스 공항,APS,SWNS,라틴아메리카,Brazil,브라질,Anapolis,아나폴리스
Ancona Marche Airport,안코나 팔코나라 공항,AOI,LIPY,유럽,Italy,이탈리아,Ancona,안코나
Andahuaylas Airport,안다와일라스 공항,ANS,n/a,라틴아메리카,Peru,페루,Andahuaylas,안다와일라스
Andamooka Airport,안다무카 공항,ADO,YAMK,아시아태평양,Australia,오스트레일리아,Andamooka,안다무카
Andavadoaka Airport,안다바도아카 공항,DVD,n/a,아프리카,Madagascar,마다가스카르,Andavadoaka,안다바도아카
Andenes Andoya Airport,안도야 공항,ANX,ENAN,유럽,Norway,노르웨이,Andenes,안데네스
Andimba Toivo ya Toivo Airport,안딤바 토이보 야토이보 공항,OND,FYOA,아프리카,Namibia,나미비아,Ondangwa,온당과
Andizhan Airport,안디잔 공항,AZN,UZFA,아시아태평양,Uzbekistan,우즈베키스탄,Andizhan,안디잔
Andrews Air Force Base,앤드루스 공군기지,ADW,n/a,북아메리카,United States of America,미국,Camp Springs,캠프스프링스
Andros Town Airport,안드로스 타운 국제공항,ASD,MYAF,카리브해,Bahamas,바하마,Andros,안드로스
Anegada Airport,오귀스트 조지 공항,NGD,n/a,카리브해,British Virgin Islands,영국령 버진아일랜드,Anegada,아네가다
Aneityum Airport,아톰공항,AUY,NVVA,아시아태평양,Vanuatu,바누아투,Anatom,아나톰
Angelholm/Helsingborg Airport,엔겔홀름 헬싱보리 공항,AGH,ESTA,유럽,Sweden,스웨덴,Angelholm,엔겔홀름
Angers Loire Airport,앙제 루아르 공항,ANE,LFRJ,유럽,France,프랑스,Angers,앙제
Anglesey Airport,앵글시 공항,VLY,EGOV,유럽,United Kingdom,영국,Anglesey,앵글시
Angling Lake Airport,앵글링 레이크/와페케카 공항,YAX,n/a,북아메리카,Canada,캐나다,Wapekeka,와페케카
Angoon Airport,앙군 수상비행기 기지,AGN,PAGN,북아메리카,United States of America,미국,Angoon,앙군
Angouleme Brie Champniers Airport,앙굴렘 코냑 국제공항,ANG,LFBU,유럽,France,프랑스,Angouleme,앙굴렘
Angra dos Reis Carmelo Jordao Airport,카르멜로 조르당 공항,GDR,SDAG,라틴아메리카,Brazil,브라질,Angra dos Reis,앙그라두스헤이스
Anguilla Clayton J. Lloyd International Airport,클레이튼 J. 로이드 국제공항,AXA,TQPF,카리브해,Anguilla,앵귈라,The Valley,더밸리
Aniak Airport,아니악 공항,ANI,PANI,북아메리카,United States of America,미국,Aniak,아니악
Aniwa Airport,아니와 공항,AWD,NVVB,아시아태평양,Vanuatu,바누아투,Aniwa,아니와
Anjouan Ouani Airport,우아니 공항,AJN,FMCV,아프리카,Comoros,코모로,Anjouan,앙주앙
Ankang Fuqiang Airport,안캉 울리푸 공항,AKA,ZLAK,아시아태평양,China,중국,Ankang,안캉
Ankara Esenboga Airport,에센보아 국제공항,ESB,LTAC,중동,Turkiye,터키,Ankara,앙카라
Ankara Etimesgut AFB Airport,에타임스구트 공군기지,ANK,LTAD,중동,Turkiye,터키,Ankara,앙카라
Ankavandra Airport,앙카반드라 공항,JVA,n/a,아프리카,Madagascar,마다가스카르,Ankavandra,앙카반드라
Ann Airport,앤 공항,VBA,VYAN,아시아태평양,Myanmar,미얀마,Ann,안
Annaba Rabah Bitat Airport,안나바 라바 비타트 공항,AAE,DABB,아프리카,Algeria,알제리,Annaba,안나바
Annecy-Meythet Airport,안시 몽블랑 공항,NCY,LFLP,유럽,France,프랑스,Annecy,안시
Annobon Airport,아노본 공항,NBN,FGAN,아프리카,Equatorial Guinea,적도 기니,DePale,데팔레
Anqing Tianzhushan Airport,안칭 티안주산 공항,AQG,ZSAQ,아시아태평양,China,중국,Anqing,안칭
Anshan Teng'ao Airport,안산 텅아오 공항,AOG,ZYAS,아시아태평양,China,중국,Anshan,안산
Anshun Huangguoshu Airport,안순 황궈슈 공항,AVA,ZUAS,아시아태평양,China,중국,Anshun,안순
Anta Airport,안타 공항,ATA,n/a,라틴아메리카,Peru,페루,Huaraz,우아라스
Antalaha Antsirabato,안시라바토 공항,ANM,FMNH,아프리카,Madagascar,마다가스카르,Antalaha,안탈라하
Antalya Airport,안탈리아 공항,AYT,LTAI,중동,Turkiye,터키,Antalya,안탈리아
Antananarivo Ivato International Airport,이바토 국제공항,TNR,FMMI,아프리카,Madagascar,마다가스카르,Antananarivo,안타나나리보
Antigua VC Bird International Airport,V. C. 버드 국제공항,ANU,TAPA,카리브해,Antigua and Barbuda,앤티가 바부다,Antigua,앤티가
Antique Evelio Javier Airport,에벨리오 하비에르 공항,EUQ,RPVS,아시아태평양,Philippines,필리핀,Antique,앤티크
Antofagasta Cerro Moreno Airport,세로 모레노 국제공항,ANF,SCFA,라틴아메리카,Chile,칠레,Antofagasta,안토파가스타
Antsirabe Airport,안트시라베 공항,ATJ,FMME,아프리카,Madagascar,마다가스카르,Antsirabe,안트시라베
Antsiranana Arrachart Airport,아라차트 공항,DIE,FMNA,아프리카,Madagascar,마다가스카르,Antsiranana,안치라나나
Antsohihy Ambalabe Airport,암발라베 공항,WAI,FMNW,아프리카,Madagascar,마다가스카르,Antsohihy,안초이히
Antwerp International Airport,앤트워프 국제공항,ANR,EBAW,유럽,Belgium,벨기에,Antwerp,앤트워프
Anvik Airport,안빅 공항,ANV,PANV,북아메리카,United States of America,미국,Anvik,안빅
Anyang Airport,안양공항,AYN,ZHAY,아시아태평양,China,중국,Anyang,안양
Anyang Hongqiqu Airport,안양홍치취공항,HQQ,ZHQQ,아시아태평양,China,중국,Anyang,안양
Aomori Airport,아오모리 공항,AOJ,RJSA,아시아태평양,Japan,일본,Aomori,아오모리
Aosta Corrado Gex Airport,아오스타 밸리 공항,AOT,LIMW,유럽,Italy,이탈리아,Aosta,아오스타
Apartado Antonio Roldan Betancourt Airport,안토니오 롤단 베탕쿠르 공항,APO,SKLC,라틴아메리카,Colombia,콜롬비아,Apartado,아파르타도
Apataki Airport,아파타키 공항,APK,NTGD,아시아태평양,French Polynesia,프랑스령 폴리네시아,Apataki,아파타키
Apia Fagali'i Airport,파갈리 공항,FGI,NSFI,아시아태평양,Samoa,사모아,Apia,아피아
Apia Faleolo Airport,팔레올로 국제공항,APW,NSFA,아시아태평양,Samoa,사모아,Apia,아피아
Apolo Airport,아폴로 공항,APB,SLAP,라틴아메리카,Bolivia,볼리비아,Apolo,아폴로
Appleton International Airport,애플턴 국제공항,ATW,KATW,북아메리카,United States of America,미국,Appleton,애플턴
Aqaba King Hussein International Airport,킹 후세인 국제공항,AQJ,OJAQ,중동,Jordan,요르단,Aqaba,아카바
Araak Airport,아라크 공항,AJK,OIHR,중동,Iran,이란,Arak,아라크
Aracaju Airport,산타 마리아 공항,AJU,SBAR,라틴아메리카,Brazil,브라질,Aracaju,아라카주
Aracati Dragao do Mar Airport,아라카티 공항,ARX,SBAC,라틴아메리카,Brazil,브라질,Aracati,아라카치
Aracatuba Airport,아라사투바 공항,ARU,SBAU,라틴아메리카,Brazil,브라질,Aracatuba,아라사투바
Arad Airport,아라드 국제공항,ARW,LRAR,유럽,Romania,루마니아,Arad,아라드
Araguaina Airport,아라과이나 공항,AUX,SWGN,라틴아메리카,Brazil,브라질,AraguaIna,아라과이나
Aransas County Airport,애런사스 카운티 공항,RKP,n/a,북아메리카,United States of America,미국,Rockport,록포트
Aranuka Buariki Airport,아라누카 부아리키 공항,AAK,NGUK,아시아태평양,Kiribati,키리바시,Aranuka Buariki,아라누카부아리키
Arapongas Alberto Bertelli Airport,아라퐁가스 공항,APX,SSOG,라틴아메리카,Brazil,브라질,Arapongas,아라퐁가스
Arar Airport,아라르 국내선 공항,RAE,OERR,중동,Saudi Arabia,사우디아라비아,Arar,아라르
Araracuara Airport,아라라쿠아라 공항,ACR,SKAC,라틴아메리카,Colombia,콜롬비아,Araracuara,아라라쿠아라
Araraquara Bartolomeu de Gusmao Airport,아라라콰라 공항,AQA,SBAQ,라틴아메리카,Brazil,브라질,Araraquara,아라라콰라
Araripina Airport,아라리피나 공항,JAW,SNAB,라틴아메리카,Brazil,브라질,Araripina,아라리피나
Arathusa Airport,아라투사 공항,ASS,FAAR,아프리카,South Africa,남아프리카,Arathusa,아라투사
Aratika Airport,아라티카 노르드 공항,RKA,NTGR,아시아태평양,French Polynesia,프랑스령 폴리네시아,Aratika,아라티카
Arauca Airport,산티아고 페레즈 키로스 공항,AUC,SKUC,라틴아메리카,Colombia,콜롬비아,Arauca,아라우카
Araxa Airport,아락사 공항,AAX,SBAX,라틴아메리카,Brazil,브라질,Araxa,아락사
Arba Minch Airport,아르바 민치 공항,AMH,HAAM,아프리카,Ethiopia,이디오피아,Arba Minch,아르바민치
Arcata-Eureka Airport,아르카타-유레카 공항,ACV,KACV,북아메리카,United States of America,미국,Arcata-Eureka,아르카타-유레카
Arctic Bay Airport,북극 베이 공항,YAB,CYAB,북아메리카,Canada,캐나다,Arctic Bay,아틱베이
Arctic Village Airport,북극 마을 공항,ARC,PARC,북아메리카,United States of America,미국,Arctic Village,아틱빌리지
Ardabil Airport,아르다빌 공항,ADU,OITC,중동,Iran,이란,Ardabil,아르다빌
Ardmore Industrial Airpark,아드모어 산업 비행장,ADM,KADM,북아메리카,United States of America,미국,Ardmore,아드모어
Are Ostersund Airport,아레 외스테르순드 공항,OSD,ESNZ,유럽,Sweden,스웨덴,Ostersund,외스테르순드
Arendal Airport Gullknapp,아렌달 공항 굴크냅,n/a,ENGK,유럽,Norway,노르웨이,Arendal,아렌달
Arequipa Rodriguez Ballon Airport,로드리게스 발론 국제공항,AQP,SPQU,라틴아메리카,Peru,페루,Arequipa,아레키파
Argyle Airport,아가일 공항,GYL,YARG,아시아태평양,Australia,오스트레일리아,Argyle,아가일
Arica Chacalluta Airport,차칼루타 국제공항,ARI,SCAR,라틴아메리카,Chile,칠레,Arica,아리카
Aripuana Airport,아리푸아낭 공항,AIR,n/a,라틴아메리카,Brazil,브라질,Aripuana,아리푸아나
Ariquemes Airport,아리케메스 공항,AQM,SJOG,라틴아메리카,Brazil,브라질,Ariquemes,아리케메스
Arkansas International Airport,아칸소 국제공항,BYH,KBYH,북아메리카,United States of America,미국,Blytheville,블라이스빌
Arkhangelsk Talagi Airport,탈라기 공항,ARH,ULAA,유럽,Russian Federation,러시아,Arkhangelsk,아르한겔스크
Arlington Municipal(Texas) Airport,알링턴 시립(텍사스) 공항,ARY,KGKY,북아메리카,United States of America,미국,Arlington,알링턴
Arlit Airport,아를릿 공항,RLT,DRZL,아프리카,Niger,니제르,Arlit,아를리트
Armenia El Eden Airport,엘 에덴 국제공항,AXM,SKAR,라틴아메리카,Colombia,콜롬비아,Armenia,아르메니아
Armidale Airport,아미데일 공항,ARM,YARM,아시아태평양,Australia,오스트레일리아,Armidale,아미데일
Arnold Palmer Regional Airport,아놀드 파머 공항,LBE,KLBE,북아메리카,United States of America,미국,Latrobe,라트로브
Arona Ulawa Airport,울라와 공항,RNA,AGAR,아시아태평양,Solomon Islands,솔로몬 제도,Arona,아로나
Arorae Airport,아로라 아일랜드 공항,AIS,NGTR,아시아태평양,Kiribati,키리바시,Arorae Island,아로라에섬
Arrabury Airport,아라베리 공항,AAB,YARY,아시아태평양,Australia,오스트레일리아,Arrabury,아라버리
Arthur's Town Airport,아서스 타운 공항,ATC,MYCA,카리브해,Bahamas,바하마,Arthurs Town,아서스타운
Arua Airport,아루아 공항,RUA,HUAR,아프리카,Uganda,우간다,Arua,아루아
Aruba Queen Beatrix International Airport,퀸 베아트릭스 국제공항,AUA,TNCA,카리브해,Aruba,아루바,Aruba,아루바
Arusha Airport,아루샤 공항,ARK,HTAR,아프리카,Tanzania,탄자니아,Arusha,아루샤
Arutua Airport,아루투아 공항,AXR,NTGU,아시아태평양,French Polynesia,프랑스령 폴리네시아,Arutua,아루투아
Arviat Airport,아르비아 공항,YEK,CYEK,북아메리카,Canada,캐나다,Arviat,아르비아트
Arvidsjaur Airport,아르비스야우르 공항,AJR,ESNX,유럽,Sweden,스웨덴,Arvidsjaur,아르비스야우르
Arxan Yi'ershi Airport,아산 이얼시 공항,YIE,ZBES,아시아태평양,China,중국,Aershan,아얼산
Asaba International Airport,아사바 국제공항,ABB,DNAS,아프리카,Nigeria,나이지리아,Asaba,아사바
Asahikawa Airport,아사히카와 공항,AKJ,RJEC,아시아태평양,Japan,일본,Asahikawa,아사히카와
Asaloyeh Persian Gulf Airport,페르시아 걸프 공항,PGU,OIBP,중동,Iran,이란,Asaloyeh,아살루예
Ascension Island Wideawake Field,어센션 섬 공항,ASI,FHAW,아프리카,Saint Helena,세인트헬레나,Ascension,어센션
Asheville Regional Airport,애슈빌 공항,AVL,KAVL,북아메리카,United States of America,미국,Asheville,애슈빌
Ashgabat International Airport,아시가바트 국제공항,ASB,UTAA,아시아태평양,Turkmenistan,투르크메니스탄,Ashgabat,아시가바트
Asmara International Airport,아스마라 국제공항,ASM,HHAS,아프리카,Eritrea,에리트레아,Asmara,아스마라
Asosa Airport,아소사 공항,ASO,HASO,아프리카,Ethiopia,이디오피아,Asosa,아소사
Aspen/Pitkin County Airport,아스펜 핏킨 카운티 공항,ASE,KASE,북아메리카,United States of America,미국,Aspen,아스펜
Assab International Airport,아사브 국제공항,ASA,HHSB,아프리카,Eritrea,에리트레아,Assab,아사브
Astana International Airport,아스타나 국제공항,NQZ,UACC,아시아태평양,Kazakhstan,카자흐스탄,Astana,아스타나
Astoria Regional Airport,아스토리아 지역공항,AST,KAST,북아메리카,United States of America,미국,Astoria,아스토리아
Astrakhan Narimanovo Airport,나리마노보 공항,ASF,URWA,유럽,Russian Federation,러시아,Astrakhan,아스트라한
Asturias Airport,아스투리아스 공항,OVD,LEAS,유럽,Spain,스페인,Oviedo,오비에도
Astypalaia Island Airport,아스티팔라이아 아일랜드 내셔널 공항,JTY,LGPL,유럽,Greece,그리스,Astypalaia,아스티팔라이아
Asuncion Silvio Pettirossi International Airport,실비오 페티로시 국제공항,ASU,SGAS,라틴아메리카,Paraguay,파라과이,Asuncion,아순시온
Aswan Daraw Airport,아스완 국제공항,ASW,HESN,아프리카,Egypt,이집트,Aswan,아스완
Asyut Airport,아시우트 공항,ATZ,HEAT,아프리카,Egypt,이집트,Assiut,아시우트
Atambua Haliwen Airport,아탐부아 할리웬 공항,ABU,WATA,아시아태평양,Indonesia,인도네시아,Atambua,아탐부아
Ataq Airport,아타크 공항,AXK,n/a,중동,Yemen,예멘,Ataq,아타크
Ataturk Airport,이스탄불 아타튀르크 공항,ISL,LTBA,중동,Turkiye,터키,Istanbul,이스탄불
Athens Ben Epps Airport,아테네 벤 엡스 공항,AHN,KAHN,북아메리카,United States of America,미국,Athens,아테네
Athens International Airport,아테네 국제공항,ATH,LGAV,유럽,Greece,그리스,Athens,아테네
Atiu Island Airport,에누아 공항,AIU,n/a,아시아태평양,Cook Islands,쿡 군도,Atiu,아티우
Atka Airport,앗카 공항,AKB,PAAK,북아메리카,United States of America,미국,Atka,앗카
Atlangatepec Tlaxcala Airport,아틀란가테펙 틀락스칼라 공항,n/a,MMTA,라틴아메리카,Mexico,멕시코,Atlangatepec,아틀란가테펙
Atlanta DeKalb Peachtree Airport,드칼브 피치트리 공항,PDK,KPDK,북아메리카,United States of America,미국,Atlanta,애틀랜타
Atlanta Fulton County Airport,풀턴 카운티 공항,FTY,KFTY,북아메리카,United States of America,미국,Atlanta,애틀랜타
Atlanta Hartsfield-Jackson International Airport,하츠필드 잭슨 애틀랜타 국제공항,ATL,KATL,북아메리카,United States of America,미국,Atlanta,애틀랜타
Atlantic City International Airport,애틀랜틱시티 국제공항,ACY,KACY,북아메리카,United States of America,미국,Atlantic City,애틀랜틱시티
Atmautluak Airport,아트마우틀루악 공항,ATT,n/a,북아메리카,United States of America,미국,Atmautluak,아트마우틀루악
Atoifi Airport,우루 항구 공항,ATD,AGAT,아시아태평양,Solomon Islands,솔로몬 제도,Atoifi,아토이피
Atqasuk Airport,앳가숙 에드워드 버넬 시니어 메모리얼 공항,ATK,PATQ,북아메리카,United States of America,미국,Atqasuk,앳가숙
Attapeu International Airport,아타푸 국제공항,AOU,VLAP,아시아태평양,Laos,라오스,Attapeu,아타푸
Attawapiskat Airport,아타와피스캇 공항,YAT,CYAT,북아메리카,Canada,캐나다,Attawapiskat,아타와피스캇
Atuona Airport,아투오나 공항,AUQ,NTMN,아시아태평양,French Polynesia,프랑스령 폴리네시아,Atuona,아투오나
Atyrau Airport,아티라우 공항,GUW,UATG,아시아태평양,Kazakhstan,카자흐스탄,Atyrau,아티라우
Auburn University Regional Airport,오번대학교 지역공항,AUO,n/a,북아메리카,United States of America,미국,Auburn,오번
Auckland International Airport,오클랜드 공항,AKL,NZAA,아시아태평양,New Zealand,뉴질랜드,Auckland,오클랜드
Augusta Regional Airport,오거스타 공항앳 부시 필드,AGS,KAGS,북아메리카,United States of America,미국,Augusta,오거스타
Augusta State Airport,오거스타 주립공항,AUG,KAUG,북아메리카,United States of America,미국,Augusta,오거스타
Auki Gwaunaru'u Airport,아우키 과우나루우 공항,AKS,AGGA,아시아태평양,Solomon Islands,솔로몬 제도,Auki,아우키
Aupaluk Airport,아우팔룩 공항,YPJ,CYLA,북아메리카,Canada,캐나다,Aupaluk,아우팔룩
Aur Island Airport,아우르 공항,AUL,n/a,아시아태평양,Marshall Islands,마샬 군도,Aur,아우르
Aurangabad Chikkalthana Airport,아우랑가바드 공항,IXU,VAAU,아시아태평양,India,인도,Aurangabad,아우랑가바드
Aurillac Airport,오리락 공항,AUR,LFLW,유럽,France,프랑스,Aurillac,오리약
Aurukun Mission Airport,오루쿤 공항,AUU,YAUR,아시아태평양,Australia,오스트레일리아,Aurukun,오루쿤
Austin-Bergstrom International Airport,오스틴 버그스트롬 국제공항,AUS,KAUS,북아메리카,United States of America,미국,Austin,오스틴
Avignon Caumont Airport,아비뇽 프로방스 공항,AVN,LFMV,유럽,France,프랑스,Avignon,아비뇽
Avinor Oslo Airport,오슬로 공항 가르데르모엔,OSL,ENGM,유럽,Norway,노르웨이,Oslo,오슬로
Awasa Airport,아와사 공항,AWA,HALA,아프리카,Ethiopia,이디오피아,Awasa,아와사
Axum Airport,악숨 공항,AXU,HAAX,아프리카,Ethiopia,이디오피아,Axum,악숨
Ayacucho Alfredo Mendivil Duarte Airport,야나밀라 공항,AYP,SPHO,라틴아메리카,Peru,페루,Ayacucho,아야쿠초
Ayan Airport,아얀 공항,n/a,UHNA,유럽,Russian Federation,러시아,Ayan,아얀
Aydin Cildir Airport,아이딘 공항,CII,LTBD,중동,Turkiye,터키,Aydin,아이딘
Ayers Rock Connellan Airport,에어즈락 공항,AYQ,YAYE,아시아태평양,Australia,오스트레일리아,Yulara,율라라
Ayodhya International Airport,아요디아 국제공항,AYJ,VEAY,아시아태평양,India,인도,Ayodhya,아요디아
Azamgarh Airport,아잠가르 공항,AZH,VEAH,아시아태평양,India,인도,Azamgarh,아잠가르
Bacau George Enescu International Airport,바커우 국제공항,BCM,LRBC,유럽,Romania,루마니아,Bacau,바커우
Bacolod-Silay International Airport,바콜로드 실라이 국제공항,BCD,RPVB,아시아태평양,Philippines,필리핀,Bacolod,바콜로드
Badajoz Airport,바다호스 공항,BJZ,LEBZ,유럽,Spain,스페인,Badajoz,바다호스
Badu Island Airport,바두 아일랜드 공항,BDD,YBAU,아시아태평양,Australia,오스트레일리아,Badu Island,바두섬
Bafoussam Airport,바푸샴 공항,BFX,FKKU,아프리카,Cameroon,카메룬,Bafoussam,바푸삼
Bagdogra Airport,바그도그라 공항,IXB,VEBD,아시아태평양,India,인도,Bagdogra,바그도그라
Bage Airport,코만단테 구스타보 크라이머 공항,BGX,SBBG,라틴아메리카,Brazil,브라질,Bage,바제
Baghdad International Airport,바그다드 국제공항,BGW,ORBI,중동,Iraq,이라크,Baghdad,바그다드
Baglung Balewa Airport,바그룽 공항,BGL,VNBL,아시아태평양,Nepal,네팔,Baglung,바그룽
Baguio Loakan Airport,로아칸 공항,BAG,RPUB,아시아태평양,Philippines,필리핀,Baguio,바기오
Bahawalpur Airport,바하왈푸르 공항,BHV,OPBW,아시아태평양,Pakistan,파키스탄,Bahawalpur,바하왈푸르
Bahia Blanca Comandante Airport,코망단트 에스포라 공항,BHI,SAZB,라틴아메리카,Argentina,아르헨티나,Bahia Blanca,바이아블랑카
Bahia Pinas Airport,바이아피냐 공항,BFQ,n/a,라틴아메리카,Panama,파나마,Puerto Pina,푸에르토피냐
Bahia Solano Airport,호세 셀레스티노 무티스 공항,BSC,SKBS,라틴아메리카,Colombia,콜롬비아,Bahia Solano,바이아솔라노
Bahias de Huatulco International Airport,바이아스 데 우아툴코 국제공항,HUX,MMBT,라틴아메리카,Mexico,멕시코,Huatulco,우아툴코
Bahir Dar Dejazmach Belay Zeleke Airport,바히르 다르 공항,BJR,HABD,아프리카,Ethiopia,이디오피아,Bahir Dar,바히르다르
Bahrain International Airport,바레인 국제공항,BAH,OBBI,중동,Bahrain,바레인,Manama,마나마
Baicheng Chang'an Airport,바이청 장안 공항,DBC,n/a,아시아태평양,China,중국,Baicheng,바이청
Baie Comeau Airport,베 코모 공항,YBC,CYBC,북아메리카,Canada,캐나다,BaieComeau,베코모
Baise Bama Airport,바이스 바마 공항,AEB,ZGBS,아시아태평양,China,중국,Baise,바이세
Baishan Changbaishan Airport,창바이산 공항,NBS,ZYBS,아시아태평양,China,중국,Baishan,바이산
Bajawa Airport,바자와 소아 공항,BJW,WATB,아시아태평양,Indonesia,인도네시아,Bajawa,바자와
Bajura Airport,바주라 공항,BJU,VNBR,아시아태평양,Nepal,네팔,Bajura,바주라
Bakalalan Airport,바켈랄란 공항,BKM,n/a,아시아태평양,Malaysia,말레이시아,Bakelalan,바켈랄란
Baker Lake Airport,베이커 레이크 공항,YBK,CYBK,북아메리카,Canada,캐나다,Baker Lake,베이커레이크
Bakersfield Meadows Field Airport,메도우즈 필드 공항,BFL,KBFL,북아메리카,United States of America,미국,Bakersfield,베이커즈필드
Baku Heydar Aliyev International Airport,헤이다르 알리예프 국제공항,GYD,UBBB,유럽,Azerbaijan,아제르바이잔,Baku,바쿠
Balakovo Airport,발라코보 공항,BWO,n/a,유럽,Russian Federation,러시아,Balakovo,발라코보
Balalae Airport,발랄래 공항,BAS,AGGE,아시아태평양,Solomon Islands,솔로몬 제도,Balalae Island,발랄래섬
Balaton Sarmellek Airport,헤비즈 발라톤 공항,SOB,LHSM,유럽,Hungary,헝가리,HevIz,헤비즈
Bali Denpasar Ngurah Rai Airport,응우라라이 국제공항,DPS,WADD,아시아태평양,Indonesia,인도네시아,Denpasar,덴파사르
Balikesir Merkez Airport,발리케시르 공항,BZI,LTBF,중동,Turkiye,터키,Balikesir,발리케시르
Balikpapan Sultan Aji Muhamad Sulaiman Airport,술탄 아지 무하마드 술라이만 공항,BPN,WALL,아시아태평양,Indonesia,인도네시아,Balikpapan,발릭파판
Balimo Airport,발리모 공항,OPU,n/a,아시아태평양,Papua New Guinea,파푸아뉴기니,Balimo,발리모
Balkanabat Airport,발카나바트 공항,BKN,n/a,아시아태평양,Turkmenistan,니제르,Balkanabat,발카나바트
Balkhash Airport,발카쉬 공항,BXH,UAAH,아시아태평양,Kazakhstan,카자흐스탄,Balkhash,발하시
Ballarat Airport,밸러랫 공항,n/a,YBLT,아시아태평양,Australia,오스트레일리아,Ballarat,밸러랫
Ballari Airport,벨라리 공항,BEP,VOBI,아시아태평양,India,인도,Bellary,벨라리
Ballera Airport,발레라 공항,BBL,YLLE,아시아태평양,Australia,오스트레일리아,Ballera,발레라
Ballina Byron Gateway Airport,발리나 바이런 게이트웨이 공항,BNK,YBNA,아시아태평양,Australia,오스트레일리아,Ballina,밸리나
Balmaceda Teniente Vidal Airport,발마세다 공항,BBA,SCBA,라틴아메리카,Chile,칠레,Balmaceda,발마세다
Balti International Airport,벨시 국제공항,BZY,LUBL,유럽,Moldova,몰도바,Balti,벨츠
Baltimore Martin State Airport,마틴 스테이트 공항,MTN,KMTN,북아메리카,United States of America,미국,Baltimore,볼티모어
Baltimore/Washington International Airport,볼티모어/워싱턴 인터내셔널 서굿 마샬 공항,BWI,KBWI,북아메리카,United States of America,미국,Baltimore Washington,볼티모어
Balurghat Airport,발루가트 공항,RGH,VEBG,아시아태평양,India,인도,Balurghat,발루르가트
Bam Airport,뱀 공항,BXR,OIKM,중동,Iran,이란,Bam,밤
Bamako Modibo Keita International Airport,바마코 세누 국제공항,BKO,GABS,아프리카,Mali,말리,Bamako,바마코
Bamenda Airport,바멘다 공항,BPC,FKKV,아프리카,Cameroon,카메룬,Bamenda,바멘다
Bamyan Airport,바미얀 공항,BIN,OABN,아시아태평양,Afghanistan,아프가니스탄,Bamyan,바미얀
Banda Aceh Sultan Iskandar Muda International Airport,술탄 이스칸다르 무다 국제공항,BTJ,WITT,아시아태평양,Indonesia,인도네시아,Banda Aceh,반다아체
Bandar Abbas Airport,반다르아바스 국제공항,BND,OIKB,중동,Iran,이란,Bandar Abbas,반다르아바스
Bandar Lampung Radin Inten II Airport,라딘 인텐 II 공항,TKG,WICT,아시아태평양,Indonesia,인도네시아,Bandar Lampung,반다르람풍
Bandar Lengeh Airport,반다르 렝게 공항,BDH,OIBL,중동,Iran,이란,Bandar Lengeh,반다르랑게
Bandar Mahshahr Mahshahr Airport,마흐샤르 공항,MRX,n/a,중동,Iran,이란,Mahshahr,마흐샤르
Bandar Seri Begawan Brunei International Airport,브루나이 국제공항,BWN,WBSB,아시아태평양,Brunei,브루나이,Bandar Seri Begawan,반다르스리브가완
Bandung Husein Sastranegara Airport,후세인 사스트라네가라 국제공항,BDO,WICC,아시아태평양,Indonesia,인도네시아,Bandung,반둥
Bangkok Don Mueang International Airport,돈므앙 국제공항,DMK,VTBD,아시아태평양,Thailand,태국,Bangkok,방콕
Bangkok Suvarnabhumi International Airport,수완나품 공항,BKK,VTBS,아시아태평양,Thailand,태국,Bangkok,방콕
Bangor International Airport,뱅거 국제공항,BGR,KBGR,북아메리카,United States of America,미국,Bangor,뱅고어
Bangui Airport,방기 음포코 국제공항,BGF,FEFF,아프리카,Central African Republic,중앙아프리카공화국,Bangui,방기
Banja Luka International Airport,바냐루카 국제공항,BNX,LQBK,유럽,Bosnia and Herzegovina,보스니아 헤르체고비나,Banja Luka,바냐루카
Banjarmasin Syamsudin Noor Airport,샴수단 누르 공항,BDJ,WAOO,아시아태평양,Indonesia,인도네시아,Banjarmasin,반자르마신
Banjul Yundum International Airport,반줄 국제공항,BJL,GBYD,아프리카,Gambia,감비아,Banjul,반줄
Bannu Airport,반누 공항,BNP,OPBN,아시아태평양,Pakistan,파키스탄,Bannu,반누
Bantayan Airport,반타얀 공항,n/a,RPSB,아시아태평양,Philippines,필리핀,Bantayan,반타얀
Banyuwangi Blimbingsari Airport,반유왕이 공항,BWX,WARB,아시아태평양,Indonesia,인도네시아,Banyuwangi,반유왕이
Baoshan Yunduan Airport,바오산 윈두안 공항,BSD,ZPBS,아시아태평양,China,중국,Baoshan,바오산
Baotou Donghe Airport,바우터우 공항,BAV,ZBOW,아시아태평양,China,중국,Baotou,바오터우
Barahona Airport,마리아 몬테스 국제공항,BRX,MDBH,카리브해,Dominican Republic,도미니카공화국,Barahona,바라오나
Baramati Airport,바라마티 공항,n/a,VABM,아시아태평양,India,인도,Baramati,바라마티
Barbuda Burton-Nibbs International Airport,바부다 코드링턴 공항,BBQ,n/a,카리브해,Antigua and Barbuda,앤티가 바부다,Barbuda,바부다
Barcaldine Airport,바르칼딘 공항,BCI,YBAR,아시아태평양,Australia,오스트레일리아,Barcaldine,바르칼딘
Barcelona Gen J A Anzoategui Airport,제너럴 호세 안토니오 안조아테구이 국제공항,BLA,SVBC,라틴아메리카,Venezuela,베네수엘라,Barcelona,바르셀로나
Barcelona-El Prat Josep Tarradellas Airport,바르셀로나 엘프라트 공항,BCN,LEBL,유럽,Spain,스페인,Barcelona,바르셀로나
Barcelos Airport,바르셀로스 공항,BAZ,SWBC,라틴아메리카,Brazil,브라질,Barcelos,바르셀로스
Bardufoss Airport,바두포스 공항,BDU,ENDU,유럽,Norway,노르웨이,Bardufoss,바르두포스
Bareilly Airport,바레일리 공항,BEK,VIBY,아시아태평양,India,인도,Bareilly,바레일리
Bari Palese Airport,바리 카롤 보이티와 공항,BRI,LIBD,유럽,Italy,이탈리아,Bari,바리
Barimunya Airport,바리문야 공항,BYP,YBRY,아시아태평양,Australia,오스트레일리아,Barimunya,바리문야
Barinas Airport,바리나스 공항,BNS,SVBI,라틴아메리카,Venezuela,베네수엘라,Barinas,바리나스
Bario Airport,바리오 공항,BBN,WBGZ,아시아태평양,Malaysia,말레이시아,Bario,바리오
Barisal Airport,바리살 공항,BZL,VGBR,아시아태평양,Bangladesh,방글라데시,Barisal,바리살
Barkley Regional Airport,바클리 공항,PAH,KPAH,북아메리카,United States of America,미국,Paducah,파두카
Barkol Dahe Airport,바리쿤 다허 공항,DHH,ZBWL,아시아태평양,China,중국,Barkol,바리쿤
Barnaul Airport,바르나울 공항,BAX,UNBB,유럽,Russian Federation,러시아,Barnaul,바르나울
Barquisimeto Airport,하신토 라라 국제공항,BRM,SVBM,라틴아메리카,Venezuela,베네수엘라,Barquisimeto,바르키시메토
Barra Airport,바라 공항,BRR,EGPR,유럽,United Kingdom,영국,Barra,바라
Barra do Garcas Airport,바라 두 가르사스 공항,BPG,SBBW,라틴아메리카,Brazil,브라질,Barra do Garcas,바라 두 가르사스
Barrancabemeja Yariguies Airport,야리기에스 공항,EJA,SKEJ,라틴아메리카,Colombia,콜롬비아,Barrancabermeja,바랑카베르메하
Barranquilla Ernesto Cortissoz Airport,에르네스토 코르티소스 국제공항,BAQ,SKBQ,라틴아메리카,Colombia,콜롬비아,Barranquilla,바랑키야
Barreiras Airport,바레이라스 공항,BRA,SNBR,라틴아메리카,Brazil,브라질,Barreiras,바레이라스
Barreirinhas Airport,바레이리냐스 공항,BRB,SBRR,라틴아메리카,Brazil,브라질,Barreirinhas,바레이리냐스
Barretos Airport,차페이 암세이 공항,BAT,SNBA,라틴아메리카,Brazil,브라질,Barretos,바레투스
Barrow Island Airport,배로우 아일랜드 공항,BWB,YBWX,아시아태평양,Australia,오스트레일리아,Barrow Island,배로우섬
Barrow Wiley Post/Will Rogers Memorial Airport,와일리 포스트 윌 로저스 메모리얼 공항,BRW,PABR,북아메리카,United States of America,미국,Barrow,배로
Barter Island Airport,바터 아일랜드 LRRS 공항,BTI,PABA,북아메리카,United States of America,미국,Barter Island,바터섬
Bartletts Airport,바틀렛 공항,n/a,KBSZ,북아메리카,United States,미국,Bartletts,바틀렛
Basankusu Airport,바산쿠스 공항,BSU,FZEN,아프리카,Democratic Republic of the Congo,콩고 민주공화국,Basankusu,바산쿠스
Basco Airport,바스코 공항,BSO,RPUO,아시아태평양,Philippines,필리핀,Basco,바스코
Basrah International Airport,바스라 국제공항,BSR,ORMM,중동,Iraq,이라크,Basra,바스라
Bastia Poretta Airport,바스티아 포레타 공항,BIA,LFKB,유럽,France,프랑스,Bastia,바스티아
Bata International Airport,바타 공항,BSG,FGBT,아프리카,Equatorial Guinea,적도 기니,Bata,바타
Batagay Airport,바타가이 공항,BQJ,UEBB,유럽,Russian Federation,러시아,Batagay,바타가이
Batam Hang Nadim Airport,항 나딤 공항,BTH,WIDD,아시아태평양,Indonesia,인도네시아,Batam,바탐
Batchelor Airport,배철러 공항,n/a,YBCR,아시아태평양,Australia,오스트레일리아,Batchelor,배첼러
Bathinda Airport,비자냐 공군기지,BUP,VIBT,아시아태평양,India,인도,Bathinda,바틴다
Bathurst Island Airport,배서스트 아일랜드 공항,BRT,YBTI,아시아태평양,Australia,오스트레일리아,Bathurst Island,배서스트섬
Bathurst Raglan Airport,배서스트 공항,BHS,YBTH,아시아태평양,Australia,오스트레일리아,Bathurst,배서스트
Bathurst Regional Airport,배서스트 공항,ZBF,CZBF,북아메리카,Canada,캐나다,Bathurst,배서스트
Batken Airport,바켄 공항,BTK,UAFB,아시아태평양,Kyrgyzstan,키르기스스탄,Batken,바트켄
Batman Airport,배트맨 공항,BAL,LTCJ,중동,Turkiye,터키,Batman,바트만
Batna Airport,바트나 공항,BLJ,DABT,아프리카,Algeria,알제리,Batna,바트나
Baton Rouge Metropolitan Airport,배턴루지 메트로폴리탄 공항,BTR,KBTR,북아메리카,United States of America,미국,Baton Rouge,배턴루지
Batsfjord Airport,보츠피오르 공항,BJF,ENBS,유럽,Norway,노르웨이,Batsfjord,보츠피오르
Batticaloa International Airport,바티칼로아 국제공항,BTC,VCCB,아시아태평양,Sri Lanka,스리랑카,Batticaloa,바티칼로아
Battle Creek Executive Airport,W. K. 켈로그 공항,BTL,KBTL,북아메리카,United States of America,미국,Battle Creek,배틀크리크
Batu Licin Bersujud Airport,바투 리친 공항,BTW,WAOC,아시아태평양,Indonesia,인도네시아,Batu Licin,바툴리친
Batumi Airport,바투미 국제공항,BUS,UGSB,유럽,Georgia,조지아,Batumi,바투미
Batuna Airport,바투나 공항,BPF,n/a,아시아태평양,Solomon Islands,솔로몬 제도,Batuna,바투나
Baubau Betoambari Airport,베토암바리 공항,BUW,WAWB,아시아태평양,Indonesia,인도네시아,Baubau,바우바우
Bauru State Airport,바우루 아레알바 주립 공항,JTC,n/a,라틴아메리카,Brazil,브라질,Bauru,바우루
Bawean Airport,바웨안 공항,BXW,WARW,아시아태평양,Indonesia,인도네시아,Bawean,바웨안
Bayamo Carlos Manuel de Cespedes Airport,카를로스 마누엘 데 세스페데스 공항,BYM,n/a,카리브해,Cuba,쿠바,Bayamo,바야모
Bayanaul Airport,바야눌 공항,n/a,UASP,아시아태평양,Kazakhstan,카자흐스탄,Bayanaul,바야나울
Bayankhongor Airport,바얀콩고르 공항,BYN,ZMBH,아시아태평양,Mongolia,몽골,Bayankhongor,바얀홍고르
Bayannur Tianjitai Airport,바얀누르 톈지타이 공항,RLK,ZBYZ,아시아태평양,China,중국,Bayannur,바얀누르
Baykit Airport,베이킷 공항,BYK,UNIB,유럽,Russian Federation,러시아,Baykit,바이키트
Baykonur Krayniy Airport,크라이니 공항,BXY,UAOL,아시아태평양,Kazakhstan,카자흐스탄,Baikonur,바이코누르
Bazhong Enyang Airport,바중 엔양 공항,BZX,n/a,아시아태평양,China,중국,Bazhong,바중
Bearskin Lake Airport,베어스킨 레이크 공항,XBE,n/a,북아메리카,Canada,캐나다,Bearskin,베어스킨레이크
Beaufort County Airport,보퍼트 카운티 공항,BFT,KARW,북아메리카,United States of America,미국,Beaufort County,보퍼트
Beaver Airport,비버 공항,WBQ,n/a,북아메리카,United States of America,미국,Beaver,비버
Bechar Leger Airport,부게네 벤알리 로트피 공항,CBH,DAOR,아프리카,Algeria,알제리,Bechar,베샤르
Beckley Raleigh County Memorial Airport,롤리 카운티 메모리얼 공항,BKW,KBKW,북아메리카,United States of America,미국,Beckley,벡클리
Bedourie Airport,베두리 공항,BEU,YBIE,아시아태평양,Australia,오스트레일리아,Bedourie,베두리
Bedwell Harbor Airport,베드웰 하버 수상 비행장,YBW,n/a,북아메리카,Canada,캐나다,Bedwell Harbour,베드웰하버
Beida Labraq Airport,알 아브라크 국제공항,LAQ,HLLQ,아프리카,Libya,리비아,Bayda,바이다
Beihai Fucheng Airport,베이하이 푸청 공항,BHY,ZGBH,아시아태평양,China,중국,Beihai,베이하이
Beijing Capital International Airport,베이징 서우두 국제공항,PEK,ZBAA,아시아태평양,China,중국,Beijing,베이징
Beijing Daxing International Airport,베이징 다싱 국제공항,PKX,ZBAD,아시아태평양,China,중국,Beijing,베이징
Beijing Nanyuan Airport,베이징 난위안 공항,NAY,ZBNY,아시아태평양,China,중국,Beijing,베이징
Beira Airport,베이라 공항,BEW,FQBR,아프리카,Mozambique,모잠비크,Beira,베이라
Beirut Rafic Hariri International Airport,베이루트 라픽 하리리 국제공항,BEY,OLBA,중동,Lebanon,레바논,Beirut,베이루트
Beja Airport,베자 공항,BYJ,LPBJ,유럽,Portugal,포르투갈,Beja,베자
Bejaia Airport,아바네 람데인 공항,BJA,DAAE,아프리카,Algeria,알제리,Bejaia,베자이아
Belaya Gora Airport,벨라야 고라 공항,BGN,n/a,유럽,Russian Federation,러시아,Belaya Gora,벨라야고라
Belbek Sevastopol International Airport,세바스토폴 국제공항,UKS,UKFB,유럽,Russian Federation,우크라이나,Sevastopol,세바스토폴
Belem Protasio de Oliveira Airport,벨렘 프로타시오 데 올리베이라 공항,n/a,SBJC,라틴아메리카,Brazil,브라질,Belem,벨렝
Belem Val de Cans Airport,발 드 꺉 국제공항,BEL,SBBE,라틴아메리카,Brazil,브라질,Belem,벨렝
Belep Island Airport,일 아트 와알라 공항,BMY,n/a,아시아태평양,New Caledonia,뉴칼레도니아,Waala,와알라
Belfast City George Best Airport,조지 베스트 벨파스트 시티 공항,BHD,EGAC,유럽,United Kingdom,영국,Belfast,벨파스트
Belfast International Airport,벨파스트 국제공항,BFS,EGAA,유럽,United Kingdom,영국,Belfast,벨파스트
Belgaum Airport,벨가움 공항,IXG,VOBM,아시아태평양,India,인도,Belgaum,벨가움
Belgorod International Airport,벨고로트 국제공항,EGO,UUOB,유럽,Russian Federation,러시아,Belgorod,벨고로드
Belgrade Nikola Tesla Airport,베오그라드 니콜라 테슬라 공항,BEG,LYBE,유럽,Serbia,세르비아,Belgrade,베오그라드
Belize City Municipal Airport,벨리즈 시티 공항,TZA,n/a,라틴아메리카,Belize,벨리즈,Belize City,벨리즈시티
Belize City Philip SW Goldson International Airport,필립 SW 골드슨 국제공항,BZE,MZBZ,라틴아메리카,Belize,벨리즈,Belize City,벨리즈시티
Bella Bella Airport,벨라 벨라 공항,ZEL,CBBC,북아메리카,Canada,캐나다,Bella Bella,벨라벨라
Bella Coola Airport,벨라 쿨라 공항,QBC,CYBD,북아메리카,Canada,캐나다,Bella Coola,벨라쿨라
Bellingham International Airport,벨링햄 국제공항,BLI,KBLI,북아메리카,United States of America,미국,Bellingham,벨링햄
Bellona Airport,아누아 공항,BNY,n/a,아시아태평양,Solomon Islands,솔로몬 제도,Bellona Island,벨로나섬
Belmopan Airport,헥터 실바 활주로,BCV,n/a,라틴아메리카,Belize,벨리즈,Belmopan,벨모판
Belo Airport,벨로 수르 치리비히나 공항,BMD,FMML,아프리카,Madagascar,마다가스카르,Belo sur Tsiribihina,벨로쉬르치리비히나
Belo Horizonte Carlos Prates Airport,벨루오리존치 카를로스 프라테스 공항,n/a,SBPR,라틴아메리카,Brazil,브라질,Belo Horizonte,벨루오리존치
Belo Horizonte Pampulha Airport,카를로스 드러먼드 데 안드라데 공항,PLU,SBBH,라틴아메리카,Brazil,브라질,Belo Horizonte,벨루오리존치
Belo Horizonte Tancredo Neves International Airport,탄크레도 네베스 국제공항,CNF,SBCF,라틴아메리카,Brazil,브라질,Belo Horizonte,벨로오리존치
Beloyarsky Airport,벨로야르스크 공항,EYK,USHQ,유럽,Russian Federation,러시아,Beloyarsky,벨로야르스키
Bemidji Regional Airport,베미지 지역공항,BJI,KBJI,북아메리카,United States of America,미국,Bemidji,베미지
Ben Slimane Airport,벤슬리만 공항,GMD,GMMB,아프리카,Morocco,모로코,Ben Slimane,벤슬리만
Benbecula Airport,벤베큘라 공항,BEB,EGPL,유럽,United Kingdom,영국,Benbecula,벤베큘라
Bendigo Airport,벤디고 공항,BXG,YBDG,아시아태평양,Australia,오스트레일리아,Bendigo,벤디고
Bengaluru Kempegowda International Airport,켐페고다 국제공항,BLR,VOBL,아시아태평양,India,인도,Bangalore,벵갈루루
Benghazi Benina International Airport,베니나 국제공항,BEN,HLLB,아프리카,Libya,리비아,Benghazi,벵가지
Bengkulu Fatmawati Soekarno Airport,파트마와티 수카르노 공항,BKS,WIPL,아시아태평양,Indonesia,인도네시아,Bengkulu,벵쿨루
Benguela Airport,벵겔라 공항,BUG,FNBG,아프리카,Angola,앙골라,Benguela,벵겔라
Beni Airport,베니 공항,BNC,FZNP,아프리카,Democratic Republic of the Congo,콩고 민주공화국,Beni,베니
Beni Mellal Airport,베니 멜랄 공항,BEM,GMMD,아프리카,Morocco,모로코,Beni Mellal,베니멜랄
Benin City Airport,베냉 공항,BNI,DNBE,아프리카,Nigeria,나이지리아,Benin,베닌시티
Bensbach Airport,벤스바흐 공항,BSP,n/a,아시아태평양,Papua New Guinea,파푸아뉴기니,Bensbach,벤스바흐
Bentota River Airport,벤토타 리버 공항,BJT,n/a,아시아태평양,Sri Lanka,스리랑카,Bentota,벤토타
Berau Kalimarau Airport,칼리마라우 공항,BEJ,WAQT,아시아태평양,Indonesia,인도네시아,Tanjung Redeb,탄중레뎁
Berbera Airport,베르베라 공항,BBO,HCMI,아프리카,Somalia,소말리아,Berbera,베르베라
Berens River Airport,베렌스 리버 공항,YBV,CYBV,북아메리카,Canada,캐나다,Berens River,베렌스리버
Berezovo Airport,베리조보 공항,EZV,n/a,유럽,Russian Federation,러시아,Beryozovo,베료조보
Bergen Flesland Airport,플레스랜드 공항,BGO,ENBR,유럽,Norway,노르웨이,Bergen,베르겐
Bergerac Dordogne Perigord Airport,베르주라크 도르도뉴 페리고르 공항,EGC,LFBE,유럽,France,프랑스,Bergerac,베르주라크
Berlevag Airport,베를레보그 공항,BVG,ENBV,유럽,Norway,노르웨이,Berlevag,베를레보그
Berlin Brandenburg Airport,베를린 브란덴부르크 공항,BER,EDDB,유럽,Germany,독일,Berlin,베를린
Bermuda LF Wade International Airport,LF 웨이드 국제공항,BDA,TXKF,북아메리카,Bermuda,버뮤다,Hamilton,해밀턴
Bern Belp Airport,베른 공항,BRN,LSZB,유럽,Switzerland,스위스,Bern,베른
Bertoua Airport,베르투아 공항,BTA,FKKO,아프리카,Cameroon,카메룬,Bertoua,베르투아
Beru Airport,베루 섬 공항,BEZ,NGBR,아시아태평양,Kiribati,키리바시,Beru,베루
Besalampy Airport,베살람피 공항,BPY,FMNQ,아프리카,Madagascar,마다가스카르,Besalampy,베살람피
Bethel Airport,베델 공항,BET,PABE,북아메리카,United States of America,미국,Bethel,베델
Betong International Airport,베통 공항,BTZ,VTSY,아시아태평양,Thailand,태국,Betong,베통
Bettles Airport,베틀스 공항,BTT,PABT,북아메리카,United States of America,미국,Bettles,베틀스
Beziers Cap d'Agde Airport,베지어 캅 다그드 공항,BZR,LFMU,유럽,France,프랑스,Beziers,베지에
Bhadrapur Chandragadi Airport,바드라푸르 공항,BDP,n/a,아시아태평양,Nepal,네팔,Bhadrapur,바드라푸르
Bhamo Airport,바모 공항,BMO,VYBM,아시아태평양,Myanmar,미얀마,Bhamo,바모
Bharatpur Airport,제소르 공항,BHR,VGJR,아시아태평양,Nepal,방글라데시,Jessore,제소르
Bhavnagar Airport,바브나가르 공항,BHU,VABV,아시아태평양,India,인도,Bhavnagar,바브나가르
Bhojpur Airport,보즈푸르 공항,BHP,VNBJ,아시아태평양,Nepal,네팔,Bhojpur,보즈푸르
Bhopal Raja Bhoj Airport,라자 보즈 공항,BHO,VABP,아시아태평양,India,인도,Bhopal,보팔
Bhubaneswar Biju Patnaik Airport,비주 파트나이크 국제공항,BBI,VEBS,아시아태평양,India,인도,Bhubaneswar,부바네스와르
Bhuj Rudra Mata Airport,부지 공항,BHJ,VABJ,아시아태평양,India,인도,Bhuj,부지
Biak Frans Kaisiepo Airport,프란스 카이시에포 공항,BIK,WABB,아시아태평양,Indonesia,인도네시아,Biak,비아크
Bialystok Krywlany Airport,비아위스토크 크리울라니 공항,QYY,EPBK,유럽,Poland,폴란드,Bialystok,비아위스토크
Biarritz Parme Airport,비아리츠 페이 바스크 공항,BIQ,LFBZ,유럽,France,프랑스,Biarritz,비아리츠
Bicol International Airport,비콜 국제공항,DRP,RPLP,아시아태평양,Philippines,필리핀,Daraga,다라가
Bidar Airport,비다르 공항,IXX,VOBR,아시아태평양,India,인도,Bidar,비다르
Bien Hoa Airport,비엔호아 공항,n/a,VVBH,아시아태평양,Vietnam,베트남,Bien Hoa,비엔호아
Big Bay Marina,빅 베이 수상 비행장,YIG,n/a,북아메리카,Canada,캐나다,Stuart Island,스튜어트섬
Big Trout Airport,빅 트라우트 레이크 공항,YTL,CYTL,북아메리카,Canada,캐나다,Big Trout Lake,빅트라우트레이크
Bihac Airport,비하치 공항,n/a,LQBI,유럽,Bosnia and Herzegovina,보스니아 헤르체고비나,Bihac,비하치
Bijie Feixiong Airport,비지에 페이슝 공항,BFJ,ZUBJ,아시아태평양,China,중국,Bijie,비제
Bikaner Airport,날 공항,BKB,VIBK,아시아태평양,India,인도,Bikaner,비카네르
Bikini Atoll Enyu Airfield,비키니 아톨 공항,BII,n/a,아시아태평양,Marshall Islands,마샬 군도,Bikini Atoll,비키니환초
Bilaspur Airport,빌라스푸르 공항,PAB,VEBU,아시아태평양,India,인도,Bilaspur,빌라스푸르
Bilbao Airport,빌바오 공항,BIO,LEBB,유럽,Spain,스페인,Bilbao,빌바오
Bildudalur Airport,빌두달루르 공항,BIU,BIBD,유럽,Iceland,아이슬란드,BIldudalur,빌두달루르
Biliran Airport,빌리란 공항,n/a,RPVQ,아시아태평양,Philippines,필리핀,Biliran,빌리란
Billings Logan International Airport,빌링스 로건 국제공항,BIL,KBIL,북아메리카,United States of America,미국,Billings,빌링스
Billund Airport,빌룬드 공항,BLL,EKBI,유럽,Denmark,덴마크,Billund,빌룬
Billy Bishop Toronto City Airport,빌리 비숍 토론토 시티 공항,YTZ,CYTZ,북아메리카,Canada,캐나다,Toronto,토론토
Biloela Airport,빌로엘라 공항,ZBL,YBLE,아시아태평양,Australia,오스트레일리아,Biloela,빌로엘라
Bima Sultan Mohammed Salahuddin Airport,술탄 무하마드 살라후딘 공항,BMU,WADB,아시아태평양,Indonesia,인도네시아,Bima,비마
Bimini North Airport,북쪽 수상비행기 기지,NSB,n/a,카리브해,Bahamas,바하마,Bimini,비미니
Bimini South Airport,사우스 비미니 공항,BIM,MYBS,카리브해,Bahamas,바하마,Bimini,비미니
Bingol Airport,빙골 공항,BGG,LTCU,중동,Turkiye,터키,Bingl,빙괼
Bintulu Airport,빈툴루 공항,BTU,WBGB,아시아태평양,Malaysia,말레이시아,Bintulu,빈툴루
Biratnagar Airport,비랏나가르 공항,BIR,VNVT,아시아태평양,Nepal,네팔,Biratnagar,비라트나가르
Birch Creek Airport,버치 크릭 공항,KBC,n/a,북아메리카,United States of America,미국,Birch Creek,버치크릭
Birdsville Airport,버즈빌 공항,BVI,YBDV,아시아태평양,Australia,오스트레일리아,Birdsville,버즈빌
Birjand Airport,비르잔드 국제공항,XBJ,OIMB,중동,Iran,이란,Birjand,비르잔드
Birmingham Airport,버밍엄 공항,BHX,EGBB,유럽,United Kingdom,영국,Birmingham,버밍엄
Birmingham-Shuttlesworth International Airport,버밍엄 셔틀스워스 국제공항,BHM,KBHM,북아메리카,United States of America,미국,Birmingham,버밍엄
Birnin Kebbi International Airport,비르닌 케비 국제공항,n/a,DNBK,아프리카,Nigeria,나이지리아,Birnin Kebbi,비르닌케비
Bisha Airport,비샤 국내선 공항,BHH,OEBH,중동,Saudi Arabia,사우디아라비아,Bisha,비샤
Bishkek Manas International Airport,마나스 국제공항,BSZ,UCFM,아시아태평양,Kyrgyzstan,키르기스스탄,Bishkek,비슈케크
Bishop Regional Airport,이스턴 시에라 공항,BIH,KBIH,북아메리카,United States of America,미국,Bishop,비숍
Biskra Airport,비스크라 공항,BSK,DAUB,아프리카,Algeria,알제리,Biskra,비스크라
Bismarck Airport,비스마르크 공항,BIS,KBIS,북아메리카,United States of America,미국,Bismarck,비스마르크
Bissau Osvaldo Vieira Airport,오스발도 비에이라 국제공항,OXB,GGOV,아프리카,Guinea-Bissau,기니비사우,Bissau,비사우
Biysk Airport,비스크 공항,KEB,UNBI,유럽,Russian Federation,러시아,Biysk,비스크
Bjorkvik Airport,비요르크비크 공항,n/a,ESKX,유럽,Sweden,스웨덴,Bjorkvik,비외르크비크
Black Tickle Airport,블랙 티클 공항,YBI,n/a,북아메리카,Canada,캐나다,Black Tickle,블랙티클
Blackall Airport,블랙올 공항,BKQ,YBCK,아시아태평양,Australia,오스트레일리아,Blackall,블랙올
Blackbushe Airport,블랙부셰 공항,BBS,EGLK,유럽,United Kingdom,영국,Yateley,에이틀리
Blackpool Airport,블랙풀 공항,BLK,EGNH,유럽,United Kingdom,영국,Blackpool,블랙풀
Blagoveshchensk Ignatyevo Airport,이그나티예보 공항,BQS,UHBB,유럽,Russian Federation,러시아,Blagoveshchensk,블라고베셴스크
Blanc Sablon Airport,루르드 드 블랑 사블롱 공항,YBX,CYBX,북아메리카,Canada,캐나다,Blanc-Sablon,블랑사블롱
Blantyre Chileka Airport,칠레카 국제공항,BLZ,FWCL,아프리카,Malawi,말라위,Blantyre,블랜타이어
Block Island Airport,블록 아일랜드 스테이트 공항,BID,KBID,북아메리카,United States of America,미국,Block Island,블록섬
Bloemfontein Bram Fischer International Airport,블룸폰테인 공항,BFN,FABL,아프리카,South Africa,남아프리카,Bloemfontein,블룸폰테인
Bloomfield River,블룸필드 공항,BFC,n/a,아시아태평양,Australia,오스트레일리아,Bloomfield,블룸필드
Bloomington Central Illinois Regional Airport,센트럴 일리노이 공항,BMI,KBMI,북아메리카,United States of America,미국,Bloomington,블루밍턴
Bloomington Monroe County Airport,먼로 카운티 공항,BMG,KBMG,북아메리카,United States of America,미국,Bloomington,블루밍턴
Blue Canyon Airport,블루 캐니언 나이액 공항,BLU,n/a,북아메리카,United States of America,미국,Emigrant Gap,에미그랜트갭
Blue Mountain Airport,블루 마운틴 공항,VBM,n/a,북아메리카,United States of America,미국,Blue Mountain,블루마운틴
Bluefields Airport,블루필즈 공항,BEF,MNBL,라틴아메리카,Nicaragua,니카라과,Bluefields,블루필즈
Boa Vista Aristides Pereira International Airport,아리스티데스 페레이라 국제공항,BVC,GVBA,아프리카,Cabo Verde,카보베르데,Boa Vista,보아비스타
Boa Vista International Airport,보아 비스타 국제공항,BVB,SBBV,라틴아메리카,Brazil,브라질,Boa Vista,보아비스타
Bobo Dioulasso Borgo Airport,보보 디울라소 공항,BOY,DFOO,아프리카,Burkina Faso,부르키나 파소,Bobo-Dioulasso,보보디울라소
Boca Raton Airport,보카 레이턴 공항,BCT,KBCT,북아메리카,United States of America,미국,Boca Raton,보카레이턴
Bocas Del Toro Airport,"보카스 델 토로 ""이슬라 콜론"" 국제공항",BOC,MPBO,라틴아메리카,Panama,파나마,Bocas Town,보카스타운
Bodaybo Airport,보다이보 공항,ODO,UIKB,유럽,Russian Federation,러시아,Bodaybo,보다이보
Bodo Airport,보되 공항,BOO,ENBO,유럽,Norway,노르웨이,Bodo,보되
Bodrum Imsik Airport,보드룸 임식 공항,BXN,LTBV,중동,Turkiye,터키,Bodrum,보드룸
Bodrum Milas Airport,밀라스 보드룸 공항,BJV,LTFE,중동,Turkiye,터키,Bodrum,보드룸
Boende Airport,보엔데 공항,BNB,FZGN,아프리카,Democratic Republic of the Congo,콩고 민주공화국,Boende,보엔데
Bogorodskoye Airport,보고로드스코예 공항,BQG,n/a,유럽,Russian Federation,러시아,Bogorodskoye,보고로드스코예
Bogota El Dorado International Airport,엘도라도 국제공항,BOG,SKBO,라틴아메리카,Colombia,콜롬비아,Bogota,보고타
Bohol-Panglao International Airport,보홀 팡라오 국제공항,TAG,RPSP,아시아태평양,Philippines,필리핀,Panglao,팡라오
Boigu Island Airport,보이구 아일랜드 공항,GIC,YBOI,아시아태평양,Australia,오스트레일리아,Boigu Island,보이구섬
Boise Airport,보이시 공항,BOI,KBOI,북아메리카,United States of America,미국,Boise,보이시
Bojnord Airport,보이노르드 공항,BJB,OIMN,중동,Iran,이란,Bojnord,보즈누르드
Bokaro Airport,보카로 공항,n/a,VEBK,아시아태평양,India,인도,Bokaro,보카로
Bokeo International Airport,보케오 국제공항,BOR,VLBK,아시아태평양,Laos,라오스,Bokeo,보케오
Bokhtar International Airport,보흐타르 국제공항,KQT,UTDT,아시아태평양,Tajikistan,타지키스탄,Qurghonteppa,쿠르곤텦파
Bokpyin Airport,복평공항,VBP,VYBP,아시아태평양,Myanmar,미얀마,Bokpyin,복퓨인
Bole Alashankou Airport,볼레 알라샨커우 공항,BPL,ZWBL,아시아태평양,China,중국,Bole,보러
Bologna Guglielmo Marconi Airport,볼로냐 굴리엘모 마르코니 공항,BLQ,LIPE,유럽,Italy,이탈리아,Bologna,볼로냐
Bolzano Dolomiti Airport,볼차노 공항,BZO,LIPB,유럽,Italy,이탈리아,Bolzano,볼차노
Bom Jesus Vale do Gurgueia Regional Airport,봉 제주스 발레 두 구르게이아 지역 공항,n/a,SNGG,라틴아메리카,Brazil,브라질,Bom Jesus,봉제주스
Boma Airport,보마 공항,BOA,FZAJ,아프리카,Democratic Republic of the Congo,콩고 민주공화국,Boma,보마
Bonaire Flamingo International Airport,플라밍고 국제공항,BON,TNCB,카리브해,Bonaire,보네르,Kralendijk,크랄렌데이크
Bonaventure Airport,보나벤투라 공항,YVB,CYVB,북아메리카,Canada,캐나다,Bonaventure,보나방튀르
Bone Arung Palakka Airport,보네 아룽 팔라카 공항,APD,WAWN,아시아태평양,Indonesia,인도네시아,Bone,보네
Bonito Airport,보니토 공항,BYO,SBDB,라틴아메리카,Brazil,브라질,Bonito,보니투
Bonne Terre Airport,본 테르 공항,n/a,n/a,북아메리카,United States,미국,Bonne Terre,본테르
Bontang Airport,바다본탕 공항,BXT,WALC,아시아태평양,Indonesia,인도네시아,Bontang,본탕
Boolgeeda Airport,불지다 공항,OCM,YBGD,아시아태평양,Australia,오스트레일리아,Boolgeeda,불지다
Boone County Regional Airport,분 카운티 공항,HRO,KHRO,북아메리카,United States of America,미국,Harrison,해리슨
Bora Bora Motu-mute Airport,보라보라 공항,BOB,NTTB,아시아태평양,French Polynesia,프랑스령 폴리네시아,Bora Bora,보라보라
Bordeaux Airport,보르도 메리냑 공항,BOD,LFBD,유럽,France,프랑스,Bordeaux,보르도
Bordj Badji Mokhtar Airport,보르지 모크타르 공항,BMW,DATM,아프리카,Algeria,알제리,Bordj Badji Mokhtar,보르즈바지모크타르
Borkum Airport,보르쿰 비행장,BMK,EDWR,유럽,Germany,독일,Borkum,보르쿰
Bornholm Airport,본홀름 공항,RNN,EKRN,유럽,Denmark,덴마크,Bornholm,본홀름
Borongan Airport,보롱간 공항,BPA,RPVW,아시아태평양,Philippines,필리핀,Borongan,보롱간
Bosaso Bender Qassim International Airport,벤더 카심 국제공항,BSA,HCMF,아프리카,Somalia,소말리아,Bosaso,보사소
Boscobel Ian Fleming International Airport,이안 플레밍 국제공항,OCJ,MKBS,카리브해,Jamaica,자메이카,Ocho Rios,오초 리오스
Bost Airport,보스트 공항,BST,OABT,아시아태평양,Afghanistan,아프가니스탄,Lashkar Gah,라슈카르가
Boston Logan International Airport,로건 국제공항,BOS,KBOS,북아메리카,United States of America,미국,Boston,보스턴
Bouake Airport,부아케 공항,BYK,DIBK,아프리카,Cote d'Ivoire,코트디부아르,Bouake,부아케
Bouarfa Airport,부아르파 공항,UAR,GMFB,아프리카,Morocco,모로코,Bouarfa,부아르파
Boulia Airport,불리아 공항,BQL,YBOU,아시아태평양,Australia,오스트레일리아,Boulia,불리아
Boun Neua Airport,분네우아 공항,PCQ,VLFL,아시아태평양,Laos,라오스,Phongsaly,퐁살리
Bourke Airport,버크 공항,BRK,YBKE,아시아태평양,Australia,오스트레일리아,Bourke,버크
Bournemouth Airport,본머스 공항,BOH,EGHH,유럽,United Kingdom,영국,Bournemouth,본머스
Bowling Green-Warren County Airport,볼링그린 워렌 카운티 공항,BWG,n/a,북아메리카,United States of America,미국,Bowling Green,볼링그린
Bozeman Yellowstone International Airport,보즈먼 옐로스톤 국제공항,BZN,KBZN,북아메리카,United States of America,미국,Bozeman,보즈먼
Bozhou Airport,보저우 공항,BZJ,n/a,아시아태평양,China,중국,Bozhou,보저우
Brac Bol Airport,볼 공항,BWK,LDSB,유럽,Croatia,크로아티아,Bol,볼
Bradford Regional Airport,브래드퍼드 공항,BFD,KBFD,북아메리카,United States of America,미국,Bradford,브래드퍼드
Braganca Airport,브라간사 공항,BGC,LPBG,유럽,Portugal,포르투갈,Braganca,브라간사
Brahmapur Airport,브라마푸르 공항,BMP,VEBM,아시아태평양,India,인도,Brahmapur,브라마푸르
Brainerd Lakes Regional Airport,브레이너드 레이크 공항,BRD,KBRD,북아메리카,United States of America,미국,Brainerd,브레이너드
Brak Airport,브락 공항,BCQ,n/a,아프리카,Libya,리비아,Brak,브락
Brampton Island Airport,브램턴 아일랜드 공항,BMP,YBPI,아시아태평양,Australia,오스트레일리아,Brampton Island,브램턴섬
Brandon Municipal Airport,브랜든 뮤니시펄 공항,YBR,CYBR,북아메리카,Canada,캐나다,Brandon,브랜든
Branson Airport,브랜슨 공항,BKG,KBBG,북아메리카,United States of America,미국,Branson,브랜슨
Brasilia International Airport,브라질리아 국제공항,BSB,SBBR,라틴아메리카,Brazil,브라질,BrasIlia,브라질리아
Brasov-Ghimbav International Airport,브라쇼브 김바브 국제공항,GHV,LRBV,유럽,Romania,루마니아,Brasov,브라쇼브
Bratislava M R Stefanik Airport,브라티슬라바 공항,BTS,LZIB,유럽,Slovakia,슬로바키아,Bratislava,브라티슬라바
Bratsk Airport,브라츠크 공항,BTK,UIBB,유럽,Russian Federation,러시아,Bratsk,브라츠크
Braunschweig-Wolfsburg Airport,브라운슈바이크 볼프스부르크 공항,BWE,EDVE,유럽,Germany,독일,Braunschweig,브라운슈바이크
Brazzaville Maya Maya Airport,마야 마야 공항,BZV,FCBB,아프리카,Republic of the Congo,콩고,Brazzaville,브라자빌
Bremen Airport Hans Koschnick,브레멘 공항,BRE,EDDW,유럽,Germany,독일,Bremen,브레멘
Brescia Montichiari Airport,브레시아 공항,VBS,LIPO,유럽,Italy,이탈리아,Brescia,브레시아
Brest Airport,브레스트 공항,BQT,UMBB,유럽,Belarus,벨라루시,Brest,브레스트
Brest Bretagne Airport,브레스트 브르타뉴 공항,BES,LFRB,유럽,France,프랑스,Brest,브레스트
Bridgetown Grantley Adams International Airport,그랜틀리 아담스 국제공항,BGI,TBPB,카리브해,Barbados,바베이도스,Bridgetown,브리지타운
Bridgewater Air Park,브리지워터 에어파크,BWG,KVBW,북아메리카,United States of America,미국,Bridgewater,브리지워터
Brighton City Airport,쇼어햄 공항,ESH,EGKA,유럽,United Kingdom,영국,Shoreham,쇼어햄
Brindisi Casale Airport,브린디시 살렌토 공항,BDS,LIBR,유럽,Italy,이탈리아,Brindisi,브린디시
Brisbane Airport,브리즈번 공항,BNE,YBBN,아시아태평양,Australia,오스트레일리아,Brisbane,브리즈번
Brisbane Archerfield Airport,브리즈번 아처필드 공항,n/a,YBAF,아시아태평양,Australia,오스트레일리아,Brisbane,브리즈번
Bristol Airport,브리스톨 공항,BRS,EGGD,유럽,United Kingdom,영국,Bristol,브리스틀
Brive-Dordogne Valley Airport,브리브 / 수이락 공항,BVE,LFBV,유럽,France,프랑스,Brive-la-Gaillarde,브리브라가야르드
Brno Turany Airport,브르노 투르자니 공항,BRQ,LKTB,유럽,Czech Republic,체코,Brno,브르노
Broadford Isle of Skye Airport,브로드포드 비행장,SKL,EGEI,유럽,United Kingdom,영국,Isle of Skye,스카이섬
Brochet Airport,브로셰 공항,YBT,n/a,북아메리카,Canada,캐나다,Brochet,브로셰
Brockville Regional Tackaberry Airport,브로크빌 지역 태커베리 공항,XBR,n/a,북아메리카,Canada,캐나다,Brockville,브로크빌
Broken Hill Airport,브로큰 힐 공항,BHQ,YBHI,아시아태평양,Australia,오스트레일리아,Broken Hill,브로큰힐
Bronnoysund Bronnoy Airport,브로노이 공항,BNN,ENBN,유럽,Norway,노르웨이,Bronnoysund,브뢰뇌위순
Brookings Regional Airport,브루킹스 공항,BKX,KBKX,북아메리카,United States of America,미국,Brookings,브루킹스
Broome International Airport,브룸 국제공항,BME,YBRM,아시아태평양,Australia,오스트레일리아,Broome,브룸
Broughton Island Airport,키키크타르주아크 공항,YVM,CYVM,북아메리카,Canada,캐나다,Broughton,브로턴
Brownsville South Padre Island International Airport,사우스 파드레 아일랜드 국제공항,BRO,KBRO,북아메리카,United States of America,미국,Brownsville,브라운즈빌
Bruce Campbell Field,브루스 캠벨 공항 ,DXE,n/a,북아메리카,United States of America,미국,Madison,매디슨
Brunswick Golden Isles Airport,브런즈윅 골든 아일즈 공항,BQK,KBQK,북아메리카,United States of America,미국,Brunswick,브런즈윅
Brus Laguna Airport,브루스 라구나 공항,BHG,n/a,라틴아메리카,Honduras,온두라스,Brus Laguna,브루스라구나
Brussels Airport,브뤼셀 공항,BRU,EBBR,유럽,Belgium,벨기에,Brussels,브뤼셀
Brussels South Charleroi Airport,브뤼셀 사우스 샤를루아 공항,CRL,EBCI,유럽,Belgium,벨기에,Charleroi,샤를루아
Bryansk Airport,브랸스크 국제공항,BZK,UUBP,유럽,Russian Federation,러시아,Bryansk,브랸스크
Bucaramanga Palonegro Airport,팔로 네그로 공항,BGA,SKBG,라틴아메리카,Colombia,콜롬비아,Bucaramanga,부카라망가
Bucharest Baneasa Airport,아우렐 블라이쿠 국제공항,BBU,LRBS,유럽,Romania,루마니아,Bucharest,부쿠레슈티
Bucharest Henri Coanda International Airport,앙리 코안더 국제공항,OTP,LROP,유럽,Romania,루마니아,Bucharest,부쿠레슈티
Buckland Airport,버클랜드 공항,BKC,PABL,북아메리카,United States of America,미국,Buckland,버클랜드
Budapest Ferenc Liszt International Airport,부다페스트 페렌츠 리스트 국제공항,BUD,LHBP,유럽,Hungary,헝가리,Budapest,부다페스트
Buenaventura Airport,헤라르도 토바르 로페스 공항,BUN,SKBU,라틴아메리카,Colombia,콜롬비아,Buenaventura,부에나벤투라
Buenos Aires Aeroparque Jorge Newbery Airport,호르헤 뉴베리 에어파크,AEP,SABE,라틴아메리카,Argentina,아르헨티나,Buenos Aires,부에노스아이레스
Buenos Aires El Palomar Airport,엘 팔로마 공항,EPA,SADP,라틴아메리카,Argentina,아르헨티나,El Palomar,엘팔로마르
Buenos Aires Ezeiza International Airport,미니스트로 피스타리니 국제공항,EZE,SAEZ,라틴아메리카,Argentina,아르헨티나,Buenos Aires,부에노스아이레스
Buenos Aires(Costa Rica) Airport ,부에노스 아이레스(코스타리카) 공항,BAI,MRBA,라틴아메리카,Costa Rica,코스타리카,Buenos Aires,부에노스아이레스
Buerjin Kanas Airport,카나스 공항,KJI,ZWKN,아시아태평양,China,중국,Burqin,부얼진
Buffalo Niagara International Airport,버팔로 나이아가라 국제공항,BUF,KBUF,북아메리카,United States of America,미국,Buffalo,버펄로
Bugulma Airport,부굴마 공항,UUA,UWKB,유럽,Russian Federation,러시아,Bugulma,부굴마
Bujumbura International Airport,부줌부라 국제공항,BJM,HBBA,아프리카,Burundi,부룬디,Bujumbura,부줌부라
Buka Airport,부카 아일랜드 공항,BUA,AYBK,아시아태평양,Papua New Guinea,파푸아뉴기니,Buka Island,부카섬
Bukavu Kamenbe Airport,카부무 공항,BKY,FZMA,아프리카,Democratic Republic of the Congo,콩고 민주공화국,Bukavu,부카부
Bukhara Airport,부하라 국제공항,BHK,UZSB,아시아태평양,Uzbekistan,우즈베키스탄,Bukhara,부하라
Bukoba Airport,부코바 공항,BKZ,HTBU,아프리카,Tanzania,탄자니아,Bukoba,부코바
Bulagtai,불락타이 공항,UGT,n/a,아시아태평양,Mongolia,몽골,Bulagtai,불락타이
Bulawayo Joshua Mqabuko Nkomo Airport,조슈아 뫄부코 엔코모 국제공항,BUQ,FVBU,아프리카,Zimbabwe,짐바브웨,Bulawayo,불라와요
Buli Airport,불리 공항,PGQ,WAEM,아시아태평양,Indonesia,인도네시아,Pekaulang,페카울랑
Bulolo Airport,불롤로 공항,BUL,n/a,아시아태평양,Papua New Guinea,파푸아뉴기니,Bulolo,불롤로
Bumba Airport,붐바 공항,BMB,FZFU,아프리카,Democratic Republic of the Congo,콩고 민주공화국,Bumba,붐바
Bundaberg Airport,번더버그 공항,BDB,YBUD,아시아태평양,Australia,오스트레일리아,Bundaberg,번더버그
Bunia Airport,부니아 공항,BUX,FZKA,아프리카,Democratic Republic of the Congo,콩고 민주공화국,Bunia,부니아
Buol Pogogul Airport,포고굴 공항,UOL,WAFY,아시아태평양,Indonesia,인도네시아,Buol,부올
Buon Ma Thuot Airport,부온마투옷 공항,BMV,VVBM,아시아태평양,Vietnam,베트남,Buon Ma Thuot,부온마투옷
Bureta Levuka Airfield,레부카 비행장,LEV,n/a,아시아태평양,Fiji,피지,Levuka,레부카
Burgas Airport,부르가스 공항,BOJ,LBBG,유럽,Bulgaria,불가리아,Burgas,부르가스
Burgos Villafria Airport,부르고스 공항,RGS,LEBG,유럽,Spain,스페인,Burgos,부르고스
Buriram Airport,부리람 공항,BFV,VTUO,아시아태평양,Thailand,태국,Buriram,부리람
Burketown Airport,버크타운 공항,BUC,YBKT,아시아태평양,Australia,오스트레일리아,Burketown,버크타운
Burlington International Airport,벌링턴 국제공항,BTV,KBTV,북아메리카,United States of America,미국,Burlington,벌링턴
Burlington Southeast Iowa Regional Airport,사우스이스트 아이오와 공항,BRL,KBRL,북아메리카,United States of America,미국,Burlington,벌링턴
Burlington-Alamance Regional Airport,벌링턴-알라마스 지역 공항,BUY,KBUY,북아메리카,United States of America,미국,Burlington,벌링턴
Burnie Wynyard Airport,버니 공항,BWT,YWYY,아시아태평양,Australia,오스트레일리아,Burnie,버니
Bursa Yenisehir Airport,예니셰히르 공항,YEI,LTBR,중동,Turkiye,터키,Bursa,부르사
Busan Gimhae Airport,김해국제공항,PUS,RKPK,아시아태평양,South Korea,대한민국,Busan,부산
Bushehr Airport,부셰르 공항,BUZ,OIBB,중동,Iran,이란,Bushehr,부셰르
Busselton Margaret River Airport,버셀턴 마가렛 리버 공항,BQB,YBLN,아시아태평양,Australia,오스트레일리아,Busselton,버설턴
Busuanga Airport,프란시스코 B. 레예스 공항,USU,RPVV,아시아태평양,Philippines,필리핀,Busuanga,부수앙가
Butaritari Airport,부타리타리 환초 공항,BBG,NGTU,아시아태평양,Kiribati,키리바시,Butaritari Atoll,부타리타리환초
Butembo Rughenda Airport,부템보 공항,RUE,FZMB,아프리카,Democratic Republic of the Congo,콩고 민주공화국,Butembo,부템보
Butte Bert Mooney Airport,버트 무니 공항,BTM,KBTM,북아메리카,United States of America,미국,Butte,뷰트
Butuan Airport,반카시 공항,BXU,RPME,아시아태평양,Philippines,필리핀,Butuan,부투안
Buzios Umberto Modiano Airport,움베르토 모디아노 공항,BZC,SBBZ,라틴아메리카,Brazil,브라질,Armacao dos Buzios,아르마상두부지우스
Bydgoszcz Airport,비드고슈치 이그나시 얀 파데레프스키 공항,BZG,EPBY,유럽,Poland,폴란드,Bydgoszcz,비드고슈치
Ca Mau Airport,까마우 공항,CAH,VVCM,아시아태평양,Vietnam,베트남,Ca Mau,까마우
Cabinda Airport,카빈다 공항,CAB,FNCA,아프리카,Angola,앙골라,Cabinda,카빈다
Cabo Frio Airport,카보 프리우 국제공항,CFB,SBCB,라틴아메리카,Brazil,브라질,Cabo Frio,카부프리우
Cabo Rojo Airport,카보 로호 공항,CBJ,MDCR,카리브해,Dominican Republic,도미니카공화국,Pedernales,페데르날레스
Cabo San Lucas International Airport,카보 산 루카스 국제공항,CSW,MMSL,라틴아메리카,Mexico,멕시코,Cabo San Lucas,카보산루카스
Cacador Airport,카사도르 공항,CFC,n/a,라틴아메리카,Brazil,브라질,Cacador,카사도르
Caceres Airport,카세레스 공항,CCX,SWKC,라틴아메리카,Brazil,브라질,Caceres,카세레스
Cachoeiro Itapemirim Raimundo de Andrade Airport,카초에이루 데 이타페미림 공항,CDI,n/a,라틴아메리카,Brazil,브라질,Cachoeiro de Itapemirim,카초에이루 데 이타페미림
Cacoal Airport,캐피탈 두 카페 공항,OAL,n/a,라틴아메리카,Brazil,브라질,Cacoal,카코알
Caen Carpiquet Airport,캉 카르피케 공항,CFR,LFRK,유럽,France,프랑스,Caen,캉
Cagayan North International Airport,카가얀 노스 국제공항,LLC,n/a,아시아태평양,Philippines,필리핀,Lal-lo,랄로
Cagliari Elmas Airport,칼리아리 엘마스 공항,CAG,LIEE,유럽,Italy,이탈리아,Cagliari,칼리아리
Cairns Airport,케언즈 공항,CNS,YBCS,아시아태평양,Australia,오스트레일리아,Cairns,케언스
Cairo Capital International Airport,카이로 캐피털 국제공항,CCE,HECP,아프리카,Egypt,이집트,Cairo,카이로
Cairo International Airport,카이로 국제공항,CAI,HECA,아프리카,Egypt,이집트,Cairo,카이로
Cairo Sphinx International Airport,스핑크스 국제공항,SPX,HESX,아프리카,Egypt,이집트,Giza,기자
Cajamarca Airport,메이저 제네랄 FAP 아르만도 로베레도 이글레시아스 공항,CJA,SPJR,라틴아메리카,Peru,페루,Cajamarca,카하마르카
Cajazeiras Airport,카자제이라스 공항,CJZ,n/a,라틴아메리카,Brazil,브라질,Cajazeiras,카자제이라스
Calabar Airport,마가렛 에크포 국제공항,CBQ,DNCA,아프리카,Nigeria,나이지리아,Calabar,칼라바르
Calais/Dunkerque Airport,칼레 됭케르크 공항,CQF,LFAC,유럽,France,프랑스,Calais-Dunkerque,칼레 됭케르크
Calama El Loa Airport,엘 로아 공항,CJC,SCCF,라틴아메리카,Chile,칠레,Calama,칼라마
Calayan Island Dadao Airport,칼라얀 아일랜드 다다오 공항,n/a,VECP,아시아태평양,Philippines,필리핀,Calayan Island,칼라얀 섬
Calbayog Airport,칼바요그 공항,CYP,RPVC,아시아태평양,Philippines,필리핀,Calbayog,칼바요그
Caldas Novas Airport,칼다스 노바스 공항,CLV,SBCN,라틴아메리카,Brazil,브라질,Caldas Novas,칼다스노바스
Cali Alfonso Bonilla Aragon Airport,알폰소 보닐라 아라곤 국제공항,CLO,SKCL,라틴아메리카,Colombia,콜롬비아,Cali,칼리
Calvi Sainte Catherine Airport,칼비생트 카트린 공항,CLY,LFKC,유럽,France,프랑스,Calvi,칼비
Camaguey International Airport,이그나시오 아그라몬테 국제공항,CMW,MUCM,카리브해,Cuba,쿠바,Camaguey,카마구에이
Cambridge Bay Airport,케임브리지 베이 공항,YCB,CYCB,북아메리카,Canada,캐나다,Cambridge Bay,케임브리지베이
Cambridge City Airport,케임브리지 공항,CBG,EGSC,유럽,United Kingdom,영국,Cambridge,케임브리지
Cameron Pampa Guanaco Airport,팜파 과나코 공항,DPB,n/a,라틴아메리카,Chile,칠레,Cameron,카메론
Camiguin Mambajao Airport,카미귄 공항,CGM,RPMH,아시아태평양,Philippines,필리핀,Mambajao,맘바자오
Campbell River Airport,캠벨 리버 공항,YBL,CYBL,북아메리카,Canada,캐나다,Campbell River,캠벨리버
Campbell River Harbour Airport,캠벨 리버 워터 비행장,YHH,n/a,북아메리카,Canada,캐나다,Campbell River,캠벨리버
Campbeltown Machrihanish Airport,캠벨타운 공항,CAL,EGEC,유럽,United Kingdom,영국,Campbeltown,캠벨타운
Campeche International Airport,알베르토 아쿠냐 옹가이 국제공항,CPE,MMCP,라틴아메리카,Mexico,멕시코,Campeche,캄페체
Campina Grande Joao Suassuna Airport,캄피나 그란데 공항,CPV,SBKG,라틴아메리카,Brazil,브라질,Campina Grande,캄피나그란데
Campinas Amarais Airport,캄피나스 아마라이스 공항,CPQ,SDAM,라틴아메리카,Brazil,브라질,Campinas Amarais,캄피나스 아마라이스
Campinas Viracopos Airport,비라코포스/캄피나스 국제공항,VCP,SBKP,라틴아메리카,Brazil,브라질,Sao Paulo,상파울루
Campo Grande International Airport Ueze Elias Zahran,캄포 그란데 국제공항,CGR,SBCG,라틴아메리카,Brazil,브라질,Campo Grande,캄푸그란데
Campos dos Goytacazes Bartolomeu Lisandro Airport,바르톨로메우 리산드로 공항,CAW,SBCP,라틴아메리카,Brazil,브라질,Campos,캄푸스두스고이타카제스
Can Tho International Airport,껀터 국제공항,VCA,VVCT,아시아태평양,Vietnam,베트남,CanTho,껀터
Canadian Rockies International Airport,캐나디언 로키스 국제공항,YXC,CYXC,북아메리카,Canada,캐나다,Cranbrook,크랜브룩
Canaima Airport,카나이마 공항,CAJ,SVCN,라틴아메리카,Venezuela,베네수엘라,Canaima,카나이마
Canakkale Airport,차나칼레 공항,CKZ,LTBH,중동,Turkiye,터키,Canakkale,차나칼레
Canberra Airport,캔버라 공항,CBR,YSCB,아시아태평양,Australia,오스트레일리아,Canberra,캔버라
Cancun International Airport,칸쿤 국제공항,CUN,MMUN,라틴아메리카,Mexico,멕시코,Cancun,칸쿤
Canela e Gramado Airport,카넬라 공항,CEL,SSCN,라틴아메리카,Brazil,바하마,Canela,카넬라
Cangyuan Washan Airport,창위안 와산 공항,CWJ,ZPCW,아시아태평양,China,중국,Nuoliang,눠량
Cangzhou Airport,창저우 공항,n/a,n/a,아시아태평양,China,중국,Cangzhou,창저우
Cannes Mandelieu Airport,칸 망들리유 공항,CEQ,LFMD,유럽,France,프랑스,Cannes,칸
Canouan Island Airport,카누안 공항,CIW,TVSC,카리브해,Saint Vincent and the Grenadines,세인트빈센트그레나딘,Canouan,카누안
Cap Skirring Airport,캡스컬링 공항,CSK,GOGS,아프리카,Senegal,세네갈,Cap Skirring,캅스키링
Cape Barren Island Airport,케이프 배런 아일랜드 공항,CBI,YCBN,아시아태평양,Australia,오스트레일리아,Cape Barren Island,케이프배런 섬
Cape Cod Gateway Airport,반스터블 뮤니시펄 공항,HYA,KHYA,북아메리카,United States of America,미국,Hyannis,하이어니스
Cape Dorset Airport,케이프 도싯 공항,YTE,CYTE,북아메리카,Canada,캐나다,Cape Dorset,케이프도싯
Cape Girardeau Regional Airport,케이프 지라도 공항,CGI,KCGI,북아메리카,United States of America,미국,Cape Girardeau,케이프지라도
Cape Lisburne Airport,케이프 리스번 LRRS 공항,LUR,PALU,북아메리카,United States of America,미국,Cape Lisburne,케이프리스번
Cape Town International Airport,케이프 타운 국제공항,CPT,FACT,아프리카,South Africa,남아프리카,Cape Town,케이프타운
Cape Winelands Airport,케이프 와인랜드 공항,n/a,FAWN,아프리카,South Africa,남아프리카,Cape Winelands,케이프와인랜즈
Cap-Haitien Hugo Chavez International Airport,우고 차베스 국제공항,CAP,MTCH,카리브해,Haiti,아이티,Cap-Haitien,카프아이티앵
Capurgana Airport,카푸르가나 공항,CPB,SKCA,라틴아메리카,Colombia,콜롬비아,Capurgana,카푸르가나
Caracarai Airport,카라카라이 공항,n/a,SWQI,라틴아메리카,Brazil,브라질,Caracarai,카라카라이
Caracas Oscar Machado Zuloaga Airport,오스카 마차도 줄로아가 공항,QXC,SVCS,라틴아메리카,Venezuela,베네수엘라,Caracas,카라카스
Caracas Simon Bolivar International Airport,시몬 볼리바르 국제공항,CCS,SVMI,라틴아메리카,Venezuela,베네수엘라,Caracas,카라카스
Carajas Airport,카라하스 공항,CKS,SBCJ,라틴아메리카,Brazil,브라질,Parauapebas,파라우아페바스
Carauari Airport,카라우아리 공항,CAF,SWCA,라틴아메리카,Brazil,브라질,Carauari,카라우아리
Caravelas Airport,카라벨라스 공항,CRQ,n/a,라틴아메리카,Brazil,브라질,Caravelas,카라벨라스
Carcassonne Airport,카르카손 공항,CCF,LFMK,유럽,France,프랑스,Carcassonne,카르카손
Cardiff Airport,카디프 공항,CWL,EGFF,유럽,United Kingdom,영국,Cardiff,카디프
Cardiff St Athan Air Base,카디프 세인트 아단 공군기지,n/a,EGSY,유럽,United Kingdom,영국,Athan,아탄
Carlisle Lake District Airport,칼라일 공항,CAX,EGNC,유럽,United Kingdom,영국,Carlisle,칼라일
Carlsbad Cavern City Air Terminal,캐번 시티 에어 터미널,CNM,KCNM,북아메리카,United States of America,미국,Carlsbad,칼즈배드
Carnarvon Airport,카나본 공항,CVQ,YCAR,아시아태평양,Australia,오스트레일리아,Carnarvon,카나번
Cartagena Rafael Nunez International Airport,라파엘 누녜스 국제공항,CTG,SKCG,라틴아메리카,Colombia,콜롬비아,Cartagena,카르타헤나
Cartago Airport,산타아나 공항,CRC,n/a,라틴아메리카,Colombia,콜롬비아,Cartago,카르타고
Cartwright Airport,카트라이트 공항,YRF,CYCA,북아메리카,Canada,캐나다,Cartwright,카트라이트
Caruaru Oscar Laranjeiras Airport,카루아루 공항,CAU,SNRU,라틴아메리카,Brazil,브라질,Caruaru,카루아루
Casablanca Anfa Airport,카사블랑카 안파 공항,n/a,n/a,아프리카,Morocco,모로코,Casablanca,카사블랑카
Casablanca Mohammed V Airport,모하메드 V 국제공항,CMN,GMMN,아프리카,Morocco,모로코,Casablanca,카사블랑카
Casablanca Tit Mellil Airport,카사블랑카 티트 멜릴 공항,CAS,GMMT,아프리카,Morocco,모로코,Casablanca,카사블랑카
Cascavel Airport,카스카벨 공항,CAC,SBCA,라틴아메리카,Brazil,브라질,Cascavel,카스카벨
Casper/Natrona County International Airport,캐스퍼 내트로나 카운티 국제공항,CPR,KCPR,북아메리카,United States of America,미국,Casper,캐스퍼
Cassidy International Airport,캐시디 국제공항,CXI,PLCH,아시아태평양,Kiribati,키리바시,Christmas Island,크리스마스 섬
Castellon Airport,카스테욘 코스타 아자하르 공항,CDT,LECN,유럽,Spain,스페인,Castellon de la Plana,카스테욘 데 라 플라나
Castle Air Base,캐슬 공군기지,MER,n/a,북아메리카,United States of America,미국,Merced,머세드
Castlegar West Kootenay Regional Airport,웨스트 쿠트네이 지역 공항,YCG,CYCG,북아메리카,Canada,캐나다,Castlegar,캐슬가
Castlereigh Reservoir Airport,캐슬레이 저수지 수상비행기 기지,NUF,n/a,아시아태평양,Sri Lanka,스리랑카,Hatton,해튼
Castres Mazamet Airport,카스트레스 마자메트 공항,DCM,LFCK,유럽,France,프랑스,Castres,카스트르
Castro Mocopulli Airport,모코풀리 공항,MHC,n/a,라틴아메리카,Chile,칠레,Castro,카스트로
Cat Lake Airport,캣레이크 공항,YAC,CYAC,북아메리카,Canada,캐나다,Cat Lake,캣레이크
Catalina Island Two Harbors Airport,카탈리나 아일랜드 투 하버스 공항,TWH,n/a,북아메리카,United States of America,미국,Catalina,카탈리나 섬
Catamarca Coronel Felipe Varela International Airport,코로넬 펠리페 바렐라 국제공항,CTC,SANC,라틴아메리카,Argentina,아르헨티나,Catamarca,카타마르카
Catania Fontanarossa Airport,카타니아 폰타나로사 공항,CTA,LICC,유럽,Italy,이탈리아,Catania,카타니아
Catarman National Airport,카타르만 공항,CRM,RPVF,아시아태평양,Philippines,필리핀,Catarman,카타르만
Catbalogan Airport,카트발로간 공항,n/a,RPVY,아시아태평양,Philippines,필리핀,Catbalogan,카트발로간
Caticlan Godofredo P Ramos Airport,고도프레도 P. 라모스 공항,MPH,RPVE,아시아태평양,Philippines,필리핀,Caticlan,카티클란
Catumbela Airport,카툼벨라 공항,CBT,FNCT,아프리카,Angola,앙골라,Catumbela,카툼벨라
Cauayan Airport,카우아얀 공항,CYZ,RPUY,아시아태평양,Philippines,필리핀,Cauayan,카우아얀
Caucasia Airport,후안 H. 화이트 공항,CAQ,n/a,라틴아메리카,Colombia,콜롬비아,Caucasia,카우카시아
Caxambu Airport,칵삼부 공항,n/a,SNXB,라틴아메리카,Brazil,브라질,Caxambu,칵삼부
Caxias do Sul Airport,카시아스두술 공항,CXJ,SBCX,라틴아메리카,Brazil,브라질,Caxias do Sul,카시아스두술
Caye Caulker Airport,케이콜커 공항,CUK,n/a,라틴아메리카,Belize,벨리즈,Caye Caulker,키코커
Caye Chapel Airport,카예 채플 공항,CYC,MZCP,라틴아메리카,Belize,벨리즈,Caye Chapel,키 채플
Cayenne-Felix Eboue Airport,카이엔 펠릭스 에부에 공항,CAY,SOCA,라틴아메리카,French Guiana,프랑스령 기아나,Cayenne,카옌
Cayman Brac Charles Kirkconnell Airport,찰스 커코넬 국제공항,CYB,MWCB,카리브해,Cayman Islands,케이멘제도,Cayman Brac,케이먼브랙
Cayo Coco Airport,하르디네스 델 레이 공항,CCC,MUCC,카리브해,Cuba,쿠바,Cayo Coco,카요코코
Cayo Largo del Sur Airport,빌로 아쿠냐 공항,CYO,MUCL,카리브해,Cuba,쿠바,Cayo Largo,카요라르고
Cayo Las Brujas Airport,라스 브루하스 공항,BWW,n/a,카리브해,Cuba,쿠바,Cayo Santa MarIa,카요산타마리아
Cedar City Regional Airport,시더 시티 공항,CDC,KCDC,북아메리카,United States of America,미국,Cedar City,시더시티
Cedar Rapids Eastern Iowa Airport,이스턴 아이오와 공항,CID,KCID,북아메리카,United States of America,미국,Cedar Rapids,시더래피즈
Ceduna Airport,세두나 공항,CED,YCDU,아시아태평양,Australia,오스트레일리아,Ceduna,세두나
Cengiz Topel Airport,첸기즈 토펠 해군 비행장,KCO,LTBQ,중동,Turkiye,터키,Kocaeli,코자엘리
Central Airport,센트럴 공항,CEM,PACE,북아메리카,United States of America,미국,Central,센트럴
Central Nebraska Regional Airport,센트럴 네브래스카 공항,GRI,KGRI,북아메리카,United States of America,미국,Grand Island,그랜드아일랜드
Central Wisconsin Airport,센트럴 위스콘신 공항,CWA,KCWA,북아메리카,United States of America,미국,Mosinee,모시니
Ceske Budejovice Airport,체스케부데요비체 공항,JCL,LKCS,유럽,Czech Republic,체코,Ceske Budejovice,체스케부데요비체
Ceuta Heliport,세우타 헬리포트,JCU,GECE,유럽,Spain,스페인,Ceuta,세우타
Chachapoyas Airport,차차포야스 공항,CHH,SPPY,라틴아메리카,Peru,페루,Chachapoyas,차차포야스
Chadron Municipal Airport,채드런 시립공항,CDR,KCDR,북아메리카,United States of America,미국,Chadron,채드런
Chah-Bahar Konarak Airport,코나라크 공항,ZBR,OIZC,중동,Iran,이란,ChahBahar,차바하르
Chaiten Airport,차이텐 공항,WCH,SCTN,라틴아메리카,Chile,칠레,Chaiten,차이텐
Chakcharan Airport,차차란 공항,CCN,OACC,아시아태평양,Afghanistan,아프가니스탄,Chaghcharan,차그차란
Chalkyitsik Airport,찰키칙 공항,CIK,PACI,북아메리카,United States of America,미국,Chalkyitsik,찰키칙
Chambery Savoie Mont Blanc Airport,샹베리 액스레뱅 공항,CMF,LFLB,유럽,France,프랑스,Chambery,샹베리
Chandigarh Airport,찬디가르 공항,IXC,VICG,아시아태평양,India,인도,Chandigarh,찬디가르
Chandrapur Airport,찬드라푸르 공항,n/a,n/a,아시아태평양,India,인도,Chandrapur,찬드라푸르
Changchun Longjia International Airport,장춘 룽지아 국제공항,CGQ,ZYCC,아시아태평양,China,중국,Changchun,창춘
Changde Taohuayuan Airport,창더 타오화위안 공항,CGD,ZGCD,아시아태평양,China,중국,Changde,창더
Changhai Airport,장하이 공항,CNI,ZYCH,아시아태평양,China,중국,Changhai,장하이
Changsha Huanghua International Airport,창사 황화 국제공항,CSX,ZGHA,아시아태평양,China,중국,Changsha,창사
Changuinola Airport,창위놀라 국제공항,CHX,MPCH,라틴아메리카,Panama,파나마,Changuinola,창기놀라
Changzhi Wangcun Airport,창즈 왕춘 공항,CIH,ZBCZ,아시아태평양,China,중국,Changzhi,창즈
Changzhou Benniu International Airport,창저우 베니우 공항,CZX,ZSCG,아시아태평양,China,중국,Changzhou,창저우
Chania Ioannis Daskalogiannis Airport,하니아 국제공항,CHQ,LGSA,유럽,Greece,그리스,Chania,하니아
Chaoyang Airport,차오양 공항,CHG,ZYCY,아시아태평양,China,중국,Chaoyang,차오양
Chapeco Airport,세라핀 에노스 베르타소 공항,XAP,SBCH,라틴아메리카,Brazil,브라질,Chapeco,샤페코
Chara Airport,차라 공항,CZR,UIAR,유럽,Russian Federation,러시아,Chara,차라
Charles M Schulz - Sonoma County Airport,찰스 M. 슐츠 소노마 카운티 공항,STS,KSTS,북아메리카,United States of America,미국,Santa Rosa,산타로사
Charleston International Airport,찰스턴 국제공항,CHS,KCHS,북아메리카,United States of America,미국,Charleston,찰스턴
Charleville Airport,샤를르빌 공항,CTL,YBCV,아시아태평양,Australia,오스트레일리아,Charleville,샤를르빌
Charlevoix Municipal Airport,샤를부아 시립공항,CVX,KCVX,북아메리카,United States of America,미국,Charlevoix,샤를부아
Charlo Airport,샬로 공항,YCL,CYCL,북아메리카,Canada,캐나다,Charlo,샬로
Charlotte Douglas International Airport,샬럿 더글러스 국제공항,CLT,KCLT,북아메리카,United States of America,미국,Charlotte,샬럿
Charlottesville Albemarle Airport,샬러츠빌 앨버말 공항,CHO,KCHO,북아메리카,United States of America,미국,Charlottesville,샬러츠빌
Charlottetown Airport,샬럿타운 공항,YYG,CYYG,북아메리카,Canada,캐나다,Charlottetown,샬럿타운
Charlottetown/Labrador Airport,샬럿타운 공항,YHG,n/a,북아메리카,Canada,캐나다,Charlottetown,샬럿타운
Chateauroux Airport,샤토룩스 데올 공항,CHR,LFLX,유럽,France,프랑스,Chateauroux,샤토루
Chatham Islands Tuuta Airport,투우타 공항,CHT,NZCI,아시아태평양,New Zealand,뉴질랜드,Chatham Islands,채텀 제도
Chattanooga Metropolitan Airport,채터누가 메트로폴피탄 공항,CHA,KCHA,북아메리카,United States of America,미국,Chattanooga,채터누가
Chautauqua County-Jamestown Airport,셔터쿼 카운티 제임스타운 공항,JHW,n/a,북아메리카,United States of America,미국,Jamestown,제임스타운
Cheboksary Airport,체보크사리 공항,CSY,UWKS,유럽,Russian Federation,러시아,Cheboksary,체보크사리
Chefornak Sea Plane Base,체포르낙 수상비행장,CYF,PACK,북아메리카,United States of America,미국,Chefornak,체포르낙
Chelinda Airport,첼린다 공항,CEH,FWCD,아프리카,Malawi,말라위,Chelinda,첼린다
Chelyabinsk Kurchatov International Airport,첼랴빈스크 공항,CEK,USCC,유럽,Russian Federation,러시아,Chelyabinsk,첼랴빈스크
Chengde Puning Airport,청더 푸닝 공항,CDE,ZBCD,아시아태평양,China,중국,Chengde,청더
Chengdu Shuangliu International Airport,청두 솽류 국제공항,CTU,ZUUU,아시아태평양,China,중국,Chengdu,청두
Chengdu Tianfu International Airport,청두 톈푸 국제공항,TFU,ZUTF,아시아태평양,China,중국,Chengdu,청두
Chennai International Airport,첸나이 국제공항,MAA,VOMM,아시아태평양,India,인도,Chennai,첸나이
Chenzhou Beihu Airport,첸저우 베이후 공항,HCZ,ZGCZ,아시아태평양,China,중국,Chenzhou,첸저우
Cheongju International Airport,청주국제공항,CJJ,RKTU,아시아태평양,South Korea,대한민국,Cheongju,청주
Cherbourg Maupertus Airport,쉘부르 마우페르투스 공항,CER,LFRC,유럽,France,프랑스,Cherbourg-Octeville,셰르부르-옥트빌
Cherepovets Airport,체레포베츠 공항,CEE,ULWC,유럽,Russian Federation,러시아,Cherepovets,체레포베츠
Cherkasy International Airport,체르카시 국제공항,CKC,UKKE,유럽,Ukraine,우크라이나,Cherkasy,체르카시
Chernivtsi International Airport,체르니우치 국제공항,CWC,UKLN,유럽,Ukraine,우크라이나,Chernivtsi,체르니우치
Cherry Capital Airport,체리 캐피탈 공항,TVC,KTVC,북아메리카,United States of America,미국,Traverse City,트래버스시티
Chersky Airport,체르스키 공항,CYX,UESS,유럽,Russian Federation,러시아,Chersky,체르스키
Chester Hawarden Airport,후워든 공항,CEG,EGNR,유럽,United Kingdom,영국,Chester,체스터
Chesterfield Inlet Airport,체스터필드 인렛 공항,YCS,CYCS,북아메리카,Canada,캐나다,Chesterfield,체스터필드
Chetumal Airport,체투말 국제공항,CTM,MMCM,라틴아메리카,Mexico,멕시코,Chetumal,체투말
Chevak Airport,체박 공항,VAK,n/a,북아메리카,United States of America,미국,Chevak,체박
Chevery Airport,체버리 공항,YHR,CYHR,북아메리카,Canada,캐나다,Chevery,체버리
Cheyenne Regional Airport,샤이엔 지역공항,CYS,KCYS,북아메리카,United States of America,미국,Cheyenne,샤이엔
Chiang Mai International Airport,치앙마이 국제공항,CNX,VTCC,아시아태평양,Thailand,태국,Chiang Mai,치앙마이
Chiang Rai Airport,치앙라이 국제공항,CEI,VTCT,아시아태평양,Thailand,태국,Chiang Rai,치앙라이
Chiayi Airport,자이 공항,CYI,RCKU,아시아태평양,Taiwan,대만,Chiayi,자이
Chibougamau Airport,치부가마우 공항,YMT,CYMT,북아메리카,Canada,캐나다,Chibougamau,치부가마우
Chicago DuPage Airport,뒤페이지 공항,DPA,KDPA,북아메리카,United States of America,미국,West Chicago,웨스트시카고
Chicago Executive Airport,시카고 이그제큐티브 공항,PWK,KPWK,북아메리카,United States of America,미국,Chicago,시카고
Chicago Midway International Airport,미드웨이 국제공항,MDW,KMDW,북아메리카,United States of America,미국,Chicago,시카고
Chicago O'Hare International Airport,오헤어 국제공항,ORD,KORD,북아메리카,United States of America,미국,Chicago,시카고
Chicago Rockford International Airport,시카고 락퍼드 국제공항,RFD,KRFD,북아메리카,United States of America,미국,Chicago,시카고
Chichijima Airport,치치지마 공항,n/a,n/a,아시아태평양,Japan,일본,Chichijima,치치지마
Chicken Airport,치킨 공항,CKX,n/a,북아메리카,United States of America,미국,Chicken,치킨
Chiclayo Cornel Ruiz Airport,커널 루이즈 공항,CIX,SPHI,라틴아메리카,Peru,페루,Chiclayo,치클라요
Chico Municipal Airport,치코 공항,CIC,KCIC,북아메리카,United States of America,미국,Chico,치코
Chief Dawid Stuurman International Airport,치프 다위드 스터먼 국제공항,PLZ,FAPE,아프리카,South Africa,남아프리카,Port Elizabeth,포트엘리자베스
Chifeng Yulong Airport,츠펑 위룽 공항,CIF,ZBCF,아시아태평양,China,중국,Chifeng,츠펑
Chignik Airport,치그닉 수산 공항,KCG,n/a,북아메리카,United States of America,미국,Chignik,치그닉
Chignik Lagoon Airport,치그닉 라군 공항,KCL,n/a,북아메리카,United States of America,미국,Chignik Lagoon,치그닉라군
Chignik Lake Airport,치그닉 레이크 공항,KCQ,PAJC,북아메리카,United States of America,미국,Chignik Lake,치그닉레이크
Chihuahua General Fierro Villalobos Airport,제너럴 로베르토 피에로 빌라로보스 국제공항,CUU,MMCU,라틴아메리카,Mexico,멕시코,Chihuahua,치와와
Chillagoe Airport,칠라고 공항,LLG,YCGO,아시아태평양,Australia,오스트레일리아,Chillagoe,칠라고
Chillan General Bernardo O'Higgins Airport,제너럴 베르나르도 오이긴스 공항,YAI,SCCH,라틴아메리카,Chile,칠레,Chillan,치얀
Chimbote Airport,테니엔테 FAP 하이메 몽트뢰유 모랄레스 공항,CHM,SPEO,라틴아메리카,Peru,페루,Chimbote,침보테
Chimoio Airport,치모이오 공항,VPY,FQCH,아프리카,Mozambique,모잠비크,Chimoio,치모이오
Chimore Airport,치모어 공항,CCA,SLCH,라틴아메리카,Bolivia,볼리비아,Chimore,치모레
China Bay Airport,차이나 베이 공항,TRR,VCCT,아시아태평양,Sri Lanka,스리랑카,Trincomalee,트린코말리
Chinchilla Airport,친칠라 공항,CCL,YCCA,아시아태평양,Australia,오스트레일리아,Chinchilla,친칠라
Chinua Achebe International Airport Umueri,치누아 아체베 국제공항 우무에리,ANI,DNAN,아프리카,Nigeria,나이지리아,Umueri,우무에리
Chios Omiros Airport,키오스 아일랜드 국립 공항,JKH,LGHI,유럽,Greece,그리스,Chios Island,키오스 섬
Chipata Airport,치파타 공항,CIP,FLCP,아프리카,Zambia,잠비아,Chipata,치파타
Chippewa County International Airport,치페와 카운티 국제공항,CIU,KCIU,북아메리카,United States of America,미국,Sault Ste Marie,수세인트마리
Chippewa Valley Regional Airport,치페와 밸리 공항,EAU,KEAU,북아메리카,United States of America,미국,Eau Claire,오클레어
Chiquimula Airport,치키물라 공항,CIQ,MGCQ,라틴아메리카,Guatemala,과테말라,Chiquimula,치키물라
Chiredzi Buffalo Range Airport,버팔로 레인지 공항,BFO,FVCZ,아프리카,Zimbabwe,짐바브웨,Chiredzi,치레지
Chisana Field,치사나 공항,CZN,n/a,북아메리카,United States of America,미국,Chisana,치사나
Chisasibi Airport,치사시비 공항,YKU,n/a,북아메리카,Canada,캐나다,Chisasibi,치사시비
Chisinau International Airport,키시나우 국제공항,RMO,LUKK,유럽,Moldova,몰도바,Chisinau,키시너우
Chita Kadala Airport,치타 국제공항,HTA,UIAA,유럽,Russian Federation,러시아,Chita,치타
Chitrakoot Airport,치트라쿠트 공항,CWK,VECT,아시아태평양,India,인도,Chitrakoot,치트라쿠트
Chitral Airport,치트랄 공항,CJL,OPCH,아시아태평양,Pakistan,파키스탄,Chitral,치트랄
Chitre Alonso Valderrama Airport,치트레 알론소 발데라마 공항,CTD,MPCE,라틴아메리카,Panama,파나마,Chitre,치트레
Chittagong Shah Amanat International Airport,샤 아마낫 국제공항,CGP,VGEG,아시아태평양,Bangladesh,방글라데시,Chittagong,치타공
Chizhou Jiuhuashan Airport,치저우 주화산 공항,JUH,ZSJH,아시아태평양,China,중국,Chizhou,치저우
Chlef Abou Bakr Belkaid Airport,츨레프 국제공항,CFK,DAOI,아프리카,Algeria,알제리,Chlef,슐레프
Chofu Airport,조후 공항,n/a,RJTF,아시아태평양,Japan,일본,Chofu,조후
Choibalsan Airport,최발산공항,COQ,ZMCD,아시아태평양,Mongolia,몽골,Choibalsan,초이발산
Choiseul Bay Airport,최슬베이 공항,CHY,AGGC,아시아태평양,Solomon Islands,솔로몬 제도,Choiseul Bay,초이슬베이
Chokurdakh Airport,초쿠르다크 공항,CKH,UESO,유럽,Russian Federation,러시아,Chokurdakh,초쿠르다크
Choluteca Airport,촐루테카 공항,n/a,MHCH,라틴아메리카,Honduras,온두라스,Choluteca,촐루테카
Chongjin Orang Airport,청진공항,RGO,n/a,아시아태평양,North Korea,조선민주주의인민공화국,Chongjin,청진
Chongqing Jiangbei International Airport,충칭 장베이 국제공항,CKG,ZUCK,아시아태평양,China,중국,Chongqing,충칭
Chongqing Wushan Airport,충칭 우산 공항,WSK,ZUWS,아시아태평양,China,중국,Wushan,우산
Chongqing Xiannvshan Airport,충칭 시안누샨 공항,CQW,ZUWL,아시아태평양,China,중국,Wulong,우룽
Chos Malal Airport,초스 말랄 공항,HOS,SAHC,라틴아메리카,Argentina,아르헨티나,Chos Malal,초스말랄
Christchurch International Airport,크라이스트o치 국제공항,CHC,NZCH,아시아태평양,New Zealand,뉴질랜드,Christchurch,크라이스트처치
Christmas Creek Airport,그레엄 로울리 비행장,CKW,YCHK,아시아태평양,Australia,오스트레일리아,Christmas Creek,크리스마스크릭
Christmas Island Airport,크리스마스 아일랜드 공항,XCH,YPXM,아시아태평양,Christmas Island,크리스마스섬(오스트레일리아),Christmas Island,크리스마스 섬
Chu Lai International Airport,추라이 국제공항,VCL,VVCA,아시아태평양,Vietnam,베트남,Chu Lai,추라이
Chuathbaluk Airport,추스발룩 공항,CHU,n/a,북아메리카,United States of America,미국,Chuathbaluk,추아스발루크
Chub Cay Airport,첩 케이 국제공항,CCZ,MYBC,카리브해,Bahamas,바하마,Chub Cay,첩케이
Chumikan Airport,추미칸 공항,n/a,UHHY,유럽,Russian Federation,러시아,Chumikan,추미칸
Chumphon Airport,춤폰 공항,CJM,VTSE,아시아태평양,Thailand,태국,Chumphon,춤폰
Churchill Falls Airport,처칠폴스 공항,ZUM,CZUM,북아메리카,Canada,캐나다,Churchill Falls,처칠폴스
Churchill Metropolitan Area Airport,처칠 공항,YYQ,CYYQ,북아메리카,Canada,캐나다,Churchill,처칠
Cicia Airport,시시아 공항,ICI,n/a,아시아태평양,Fiji,피지,Cicia Island,시시아섬
Cienfuegos Airport,하이메 곤잘레스 공항,CFG,MUCF,카리브해,Cuba,쿠바,Cienfuegos,시엔푸에고스
Cilacap Tunggul Wulung Airport,퉁굴 우룽 공항,CXP,WAHL,아시아태평양,Indonesia,인도네시아,Cilacap,칠라찹
Cincinnati Municipal Airport,신시내티 시립공항,LUK,KLUK,북아메리카,United States of America,미국,Cincinnati,신시내티
Cincinnati/Northern Kentucky International Airport,신시내티/노던 켄터키 국제공항,CVG,KCVG,북아메리카,United States of America,미국,Hebron,헤브론
Cinder Park Airport,신더 파크 공항,RCP,n/a,북아메리카,United States of America,미국,Bristol Bay,브리스틀베이
Circle City Airport,서클시티 공항,IRC,n/a,북아메리카,United States of America,미국,Circle,서클
City Airport and Heliport (Manchester),시티 공항 및 헬리포트 (맨체스터),n/a,EGCB,유럽,United Kingdom,영국,Manchester,맨체스터
City of Derry Airport,에글린튼 공항,LDY,EGAE,유럽,United Kingdom,영국,Londonderry,런던데리
Ciudad Bolivar Airport,토마스 데 에레스 공항,CBL,SVCB,라틴아메리카,Venezuela,베네수엘라,Ciudad Bolivar,시우다드볼리바르
Ciudad Constitucion Airport,시우다드 콘스티투시온 공항,CUA,n/a,라틴아메리카,Mexico,멕시코,Ciudad Constitucion,시우다드콘스티투시온
Ciudad de Catamayo Airport,시우다드 데 카타마요 공항,LOH,SECA,라틴아메리카,Ecuador,에콰도르,Loja,로하
Ciudad del Carmen Airport,시우다드 델 카르멘 국제공항,CME,MMCE,라틴아메리카,Mexico,멕시코,Ciudad del Carmen,시우다드델카르멘
Ciudad del Este Guarani International Airport,과라니 국제공항,AGT,SGES,라틴아메리카,Paraguay,파라과이,Ciudad del Este,시우다드델에스테
Ciudad Guayana Airport,시우다드 과야나 공항,CGU,n/a,라틴아메리카,Venezuela,베네수엘라,Ciudad Guayana,시우다드과야나
Ciudad Juarez Abraham Gonzalez International Airport,아브라함 곤잘레스 국제공항,CJS,MMCS,라틴아메리카,Mexico,멕시코,Ciudad Juarez,시우다드후아레스
Ciudad Obregon Airport,시우다드 오브레곤 국제공항,CEN,MMCN,라틴아메리카,Mexico,멕시코,Ciudad Obregon,시우다드오브레곤
Ciudad Real Central Airport,시우다드 리얼 센트럴 공항,CQM,LERL,유럽,Spain,스페인,Ciudad Real,시우다드레알
Ciudad Victoria Airport,제너럴 페드로 J. 멘데스 국제공항,CVM,MMCV,라틴아메리카,Mexico,멕시코,Ciudad Victoria,시우다드빅토리아
Clark International Airport,클라크 국제공항,CRK,RPLC,아시아태평양,Philippines,필리핀,Angeles,앙헬레스
Clarks Point Airport,클락스 포인트 공항,CLP,PFCL,북아메리카,United States of America,미국,Clarks Point,클라크스포인트
Clayton Airport,클레이튼 시립 비행장,CAO,KCAO,북아메리카,United States of America,미국,Clayton,클레이턴
Clermont Airport,클레르몽 공항,CMQ,YCMT,아시아태평양,Australia,오스트레일리아,Clermont,클레르몽
Clermont-Ferrand Auvergne Airport,클레몽 페랑 오베뉴 공항,CFE,LFLC,유럽,France,프랑스,Clermont-Ferrand,클레르몽페랑
Cleveland Burke Lakefront Airport,클리블랜드 버크 레이크프론트 공항,BKL,KBKL,북아메리카,United States of America,미국,Cleveland,클리블랜드
Cleveland Hopkins International Airport,클리블랜드 홉킨스 국제공항,CLE,KCLE,북아메리카,United States of America,미국,Cleveland,클리블랜드
Clifford Gardiner International Airport,노스 케이커스 공항,NCA,n/a,카리브해,Turks and Caicos Islands,터크스케이커스 제도,North Caicos,노스케이커스
Cloncurry Airport,클론커리 공항,CNJ,YCCY,아시아태평양,Australia,오스트레일리아,Cloncurry,클론커리
Clovis Regional Airport,클로비스 공항,CVN,KCVN,북아메리카,United States of America,미국,Clovis,클로비스
Cluj Napoca Airport,클루지나포카 국제공항,CLJ,LRCL,유럽,Romania,루마니아,Cluj-Napoca,클루지나포카
Clyde River Airport,클라이드 리버 공항,YCY,CYCY,북아메리카,Canada,캐나다,Clyde River,클라이드리버
Coari Airport,코아리 공항,CIZ,SWKO,라틴아메리카,Brazil,브라질,Coari,코아리
Coatepeque Airport,코아테페크 공항,CTF,MGCT,라틴아메리카,Guatemala,페루,Coatepeque,코아테페케
Coban Airport,코반 공항,CBV,MGCB,라틴아메리카,Guatemala,페루,Coban,코반
Cobar Airport,코바 공항,CAZ,YCBA,아시아태평양,Australia,오스트레일리아,Cobar,코바
Cobija Captain Anibal Arab Airport,캡틴 아니발 아랍 공항,CIJ,SLCO,라틴아메리카,Bolivia,볼리비아,Cobija,코비하
Cochabamba Jorge Wilstermann Airport,호르헤 윌스터만 국제공항,CBB,SLCB,라틴아메리카,Bolivia,볼리비아,Cochabamba,코차밤바
Coconut Island Airport,코코넛 아일랜드 공항,CNC,YCCT,아시아태평양,Australia,오스트레일리아,Coconut Island,코코넛 섬
Cocos Islands Airport,코코스 제도 공항,CCK,YPCC,아시아태평양,Cocos (Keeling) Islands,코코스제도(오스트레일리아),Cocos Islands,코코스 제도
Cody Yellowstone Regional Airport,옐로스톤 공항,COD,KCOD,북아메리카,United States of America,미국,Cody,코디
Coen Airport,코엔 공항,CUQ,YCOE,아시아태평양,Australia,오스트레일리아,Coen,코엔
Coffee Point Airport,커피 포인트 공항,CFA,n/a,북아메리카,United States of America,미국,Coffee Point,커피포인트
Coffman Cove Sea Plane Base,코프먼 코브 수상비행장,KCC,PAKC,북아메리카,United States of America,미국,Coffman Cove,코프먼코브
Coffs Harbour Airport,콥스 하버 공항,CFS,YCFS,아시아태평양,Australia,오스트레일리아,Coffs Harbour,콥스하버
Coimbatore Peelamedu Airport,코임바토르 국제공항,CJB,VOCB,아시아태평양,India,인도,Coimbatore,코임바토르
Coimbra Airport,코임브라 공항,CBP,LPCO,유럽,Portugal,포르투갈,Coimbra,코임브라
Cold Bay Airport,콜드 베이 공항,CDB,PACD,북아메리카,United States of America,미국,Cold Bay,콜드베이
Cold Lake Airport,콜드레이크 공항,YOD,CYOD,북아메리카,Canada,캐나다,Cold Lake,콜드레이크
Coldfoot Airport,콜드풋 공항,CXF,n/a,북아메리카,United States of America,미국,Coldfoot,콜드풋
Colima Airport,리센시아도 미겔 데 라 마드리드 공항,CLQ,MMIA,라틴아메리카,Mexico,멕시코,Colima City,콜리마
Coll Island Airport,콜 공항,COL,EGEL,유럽,United Kingdom,영국,Coll,콜 섬
Cologne/Bonn Airport,쾰른 본 공항,CGN,EDDK,유럽,Germany,독일,Cologne,쾰른
Colombo Bandaranaike International Airport,반다라나이케 국제공항,CMB,VCBI,아시아태평양,Sri Lanka,스리랑카,Colombo,콜롬보
Colombo International Airport Ratmalana,콜롬보 국제공항 라트말라나,RML,VCCC,아시아태평양,Sri Lanka,스리랑카,Colombo,콜롬보
Colon Enrique Jimenez Airport,엔리케 아돌포 히메네스 공항,ONX,MPEJ,라틴아메리카,Panama,파나마,Colon,콜론
Colonsay Airport,콜론세이 공항,CSA,EGEY,유럽,United Kingdom,영국,Colonsay,콜론세이
Colorado Springs Airport,콜로라도 스프링스 공항,COS,KCOS,북아메리카,United States of America,미국,Colorado Springs,콜로라도스프링스
Columbia Metropolitan Airport,콜럼비아 메트로폴리탄 공항,CAE,KCAE,북아메리카,United States of America,미국,Columbia,컬럼비아
Columbia Regional Airport,콜럼비아 공항,COU,KCOU,북아메리카,United States of America,미국,Columbia,컬럼비아
Columbus Airport,콜럼버스 공항,CSG,KCSG,북아메리카,United States of America,미국,Columbus,콜럼버스
Columbus Municipal Airport,콜럼버스 시립공항,CLU,KBAK,북아메리카,United States of America,미국,Columbus,콜럼버스
Columbus Ohio State University Airport,오하이오 주립대학교 공항,OSU,KOSU,북아메리카,United States of America,미국,Columbus,콜럼버스
Columbus Rickenbacker International Airport,리켄베커 국제공항,LCK,KLCK,북아메리카,United States of America,미국,Columbus,콜럼버스
Colville Lake Airport,콜빌 호수/토미 코촌 비행장,YCK,CYVL,북아메리카,Canada,캐나다,Colville Lake,콜빌레이크
Comiso Airport,코미소 공항,CIY,LICB,유럽,Italy,이탈리아,Comiso,코미소
Comodoro Rivadavia General Enrique Mosconi International Airport,제너럴 엔리케 모스코니 국제공항,CRD,SAVC,라틴아메리카,Argentina,아르헨티나,Comodoro Rivadavia,코모도로리바다비아
Comox Valley Airport,커먹스 밸리 공항,YQQ,CYQQ,북아메리카,Canada,캐나다,Comox,코먹스
Comte. Rolim Adolfo Amaro State Airport,준다이 공항,QDV,SBJD,라틴아메리카,Brazil,브라질,Jundiai,준디아이
Con Dao Coong Airport,꼰다오 공항,VCS,VVCS,아시아태평양,Vietnam,베트남,Con Dao Island,꼰다오
Conakry Ahmed Sekou Toure International Airport,코나크리 국제공항,CKY,GUCY,아프리카,Guinea,기니,Conakry,코나크리
Concepcion Carriel Sur Airport,카리엘 수르 국제공항,CCP,SCIE,라틴아메리카,Chile,칠레,Concepcion,콘셉시온
Concord Regional Airport,콩코드 지역공항,USA,KJQF,북아메리카,United States of America,미국,Concord,콩코드
Concordia Comodoro Pierrestegui Airport,코모도로 피에레스테기 공항,COC,SAAC,라틴아메리카,Argentina,아르헨티나,Concordia,콘코르디아
Concordia Olavo Cecco Rigon Airport,콘코르디아 공항,CCI,SSCK,라틴아메리카,Brazil,브라질,Concordia,콘코르디아
Condoto Mandinga Airport,만딩가 공항,COG,SKCD,라틴아메리카,Colombia,콜롬비아,Condoto,콘도토
Confresa Airport,콘프레사 공항,CFO,n/a,라틴아메리카,Brazil,브라질,Confresa,콘프레사
Conroe-North Houston Regional Airport,론스타 이그제큐티브 공항,CXO,KCXO,북아메리카,United States of America,미국,Houston,휴스턴
Constanta Mihail Kogalniceanu Airport,미하일 코갈니체아누 국제공항,CND,LRCK,유럽,Romania,루마니아,Constanta,콘스탄차
Constantine Mohamed Boudiaf Airport,모하메드 부디아프 국제공항,CZL,DABC,아프리카,Algeria,알제리,Constantine,콘스탄틴
Contadora Airport,콘타도라 공항,OTD,n/a,라틴아메리카,Panama,파나마,Contadora Island,콘타도라 섬
Contra Costa Buchanan Field Airport,뷰캐넌필드 공항,CCR,KCCR,북아메리카,United States of America,미국,Concord,콩코드
Coober Pedy Airport,쿠버 페디 공항,CPD,YCBP,아시아태평양,Australia,오스트레일리아,Coober Pedy,쿠버페디
Cooch Behar Airport,쿠치 베하르 공항,COH,VECO,아시아태평양,India,인도,Cooch Behar,쿠치베하르
Cooktown Airport,쿡타운 공항,CTN,YCKN,아시아태평양,Australia,오스트레일리아,Cooktown,쿡타운
Cooma Airport,쿠마 스노위 마운틴 공항,OOM,YCOM,아시아태평양,Australia,오스트레일리아,Cooma,쿠마
Coondewanna Airport,쿤데완나 공항,CJF,YCWA,아시아태평양,Australia,오스트레일리아,Coondewanna,쿤데완나
Copan Ruinas Airport,코판 루이나스 공항,RUY,MHRU,라틴아메리카,Honduras,온두라스,Copan Ruinas,코판루이나스
Copenhagen Kastrup Airport,코펜하겐 공항 Kastrup,CPH,EKCH,유럽,Denmark,덴마크,Copenhagen,코펜하겐
Copenhagen Roskilde Airport,로스킬레 공항,RKE,EKRK,유럽,Denmark,덴마크,Copenhagen,코펜하겐
Copiapo Desierto De Atacama Airport,데시에르토 데 아타카마 공항,CPO,SCAT,라틴아메리카,Chile,칠레,Copiapo,코피아포
Coral Harbour Airport,코럴 하버 공항,YZS,CYZS,북아메리카,Canada,캐나다,Coral Harbour,코럴하버
Corazon De Jesus Airport,코라손 데 헤수스 공항,CZJ,n/a,라틴아메리카,Panama,파나마,Corazon de Jesus,코라손데헤수스
Cordoba Airport,코르도바 공항,ODB,LEBA,유럽,Spain,스페인,Cordoba,코르도바
Cordoba Pajas Blancas International Airport,파자스 블랑카스 공항,COR,SACO,라틴아메리카,Argentina,아르헨티나,Cordoba,코르도바
Cordova Mudhole Smith Airport,멀 K. 스미스 공항,CDV,PACV,북아메리카,United States of America,미국,Cordova,코도바
Cork Airport,코크 공항,ORK,EICK,유럽,Ireland,아일랜드,Cork,코크
Corn Island Airport,콘아일랜드 공항,RNI,MNCI,라틴아메리카,Nicaragua,니카라과,Corn Islands,콘아일랜드
Corner Bay,코너 베이,CBA,n/a,북아메리카,United States of America,미국,Corner,코너베이
Cornwall Airport Newquay,뉴키 공항,NQY,EGHQ,유럽,United Kingdom,영국,Newquay,뉴키
Coro Airport,호세 레오나르도 치리노 공항,CZE,n/a,라틴아메리카,Venezuela,베네수엘라,Coro,코로
Corozal Las Brujas Airport,라스 브루하스 공항,CZU,n/a,라틴아메리카,Colombia,콜롬비아,Corozal,코로살
Corozal Ranchito Airport,코로잘 공항,CZH,SKCZ,라틴아메리카,Belize,벨리즈,Corozal,코로살
Corpus Christi International Airport,코퍼스 크리스티 국제공항,CRP,KCRP,북아메리카,United States of America,미국,Corpus Christi,코퍼스크리스티
Corrente Airport,코렌테 공항,n/a,SNKR,라틴아메리카,Brazil,브라질,Corrente,코렌치
Corrientes Camba Punta Airport,페르난도 피라진 박사 니베이로 국제공항,CNQ,SARC,라틴아메리카,Argentina,아르헨티나,Corrientes,코리엔테스
Cortes Bay Airport,코르테스 아일랜드 비행장,YCF,n/a,북아메리카,Canada,캐나다,Cortes Island,코르테스 섬
Cortez Municipal Airport,코르테즈 시립 공항,CEZ,KCEZ,북아메리카,United States of America,미국,Cortez,코테즈
Corumba International Airport,코룸바 국제공항,CMG,SBCR,라틴아메리카,Brazil,브라질,Corumba,코룸바
Corvo Airport,코르보 공항,CVU,LPCR,유럽,Portugal,포르투갈,Corvo Island,코르부 섬
Cotabato Awang Airport,아왕 공항,CBO,RPMC,아시아태평양,Philippines,필리핀,Cotabato,코타바토
Coto 47 Airport,코토 47 공항,OTR,n/a,라틴아메리카,Costa Rica,코스타리카,Coto 47,코토47
Cotonou Airport,캐드훈 공항,COO,DBBB,아프리카,Benin,베냉,Cotonou,코토누
Cotriguacu Andre Maggi Airport,안드레 마기 공항,OTT,n/a,라틴아메리카,Brazil,브라질,Cotriguacu,코트리과수
Cottbus/Drewitz Airport,콧부스 드레비츠 공항,CBU,EDCD,유럽,Germany,독일,Cottbus,코트부스
Coventry Airport,코번트리 공항,CVT,EGBE,유럽,United Kingdom,영국,Coventry,코번트리
Cox's Bazar Airport,콕스 바자르 공항,CXB,VGCB,아시아태평양,Bangladesh,방글라데시,Cox's Bazar,콕스바자르
Cozumel Airport,코수멜 국제공항,CZM,MMCZ,라틴아메리카,Mexico,멕시코,Cozumel,코수멜
Craig Cove Airport,크레이그 코브 공항,CCV,NVSF,아시아태평양,Vanuatu,바누아투,Craig Cove,크레이그코브
Craig Sea Plane Base,크레이그 수상비행장,CGA,n/a,북아메리카,United States of America,미국,Craig,크레이그
Craiova Airport,크라이오바 국제공항,CRA,LRCV,유럽,Romania,루마니아,Craiova,크라이오바
Cranfield Airport,크랜필드 공항,n/a,EGTC,유럽,United Kingdom,영국,Cranfield,크랜필드
Crater Lake-Klamath Regional Airport,클래머스 폴스 공항,LMT,KLMT,북아메리카,United States of America,미국,Klamath Falls,클래머스폴스
Creel Airport,크릴 공항,n/a,n/a,라틴아메리카,Mexico,멕시코,Creel,크릴
Croker Island Airport,크로커 아일랜드 공항,CKI,YCKI,아시아태평양,Australia,오스트레일리아,Croker Island,크로커 섬
Crooked Creek Airport,크룩트 크릭 공항,CKD,n/a,북아메리카,United States of America,미국,Crooked Creek,크룩트크릭
Crooked Island Airport,콜론 힐 공항,CRI,n/a,카리브해,Bahamas,바하마,Colonel Hill,커널힐
Cross Lake Airport,크로스 레이크 공항,YCR,n/a,북아메리카,Canada,캐나다,Cross Lake,크로스레이크
Crotone Airport,코로톤 공항,CRV,LIBC,유럽,Italy,이탈리아,Crotone,크로토네
Cruzeiro do Sul Airport,크루제이루두술 국제공항,CZS,SBCZ,라틴아메리카,Brazil,브라질,Cruzeiro do Sul,크루제이루두술
Cuamba Airport,쿠암바 공항,FXO,FQCB,아프리카,Mozambique,모잠비크,Cuamba,쿠암바
Cucuta Camilo Daza International Airport,카밀로 다자 국제공항,CUC,SKCC,라틴아메리카,Colombia,콜롬비아,Cucuta,쿠쿠타
Cuenca Mariscal Lamar Airport,마리스칼 라마르 국제공항,CUE,SECU,라틴아메리카,Ecuador,에콰도르,Cuenca,쿠엥카
Cuernavaca Mariano Matamoros Airport,제너럴 마리아노 마타모로스 공항,CVJ,MMCB,라틴아메리카,Mexico,멕시코,Cuernavaca,쿠에르나바카
Cuiaba Marechal Rondon Airport,마레샬 론돈 국제공항,CGB,SBCY,라틴아메리카,Brazil,브라질,Cuiaba,쿠이아바
Cukurova International Airport,추쿠로바 국제공항,COV,n/a,중동,Turkiye,터키,Cukurova,추쿠로바
Culebra Airport,벤자민 리베라 노리에가 공항,CPX,n/a,북아메리카,Puerto Rico,푸에르토리코,Culebra,쿨레브라
Culiacan Federal De Bachigualato Airport,바키구알라토 연방 국제공항,CUL,MMCL,라틴아메리카,Mexico,멕시코,Culiacan,쿨리아칸
Culpina Airport,쿨피나 공항,n/a,n/a,라틴아메리카,Bolivia,볼리비아,Culpina,쿨피나
Cumana Airport,안토니오 호세 데 수크레 공항,CUM,SVCU,라틴아메리카,Venezuela,베네수엘라,Cumana,쿠마나
Cumbernauld Airport,컴버놀드 공항,n/a,EGPG,유럽,United Kingdom,영국,Cumbernauld,컴버놀드
Cunderdin Airport,컨더딘 공항,n/a,YCUN,아시아태평양,Australia,오스트레일리아,Cunderdin,컨더딘
Cuneo Langhe e Alpi del Mare Airport,쿠네오 국제공항,CUF,LIMZ,유럽,Italy,이탈리아,Cuneo,쿠네오
Cunnamulla Airport,쿤나물라 공항,CMA,YCMU,아시아태평양,Australia,오스트레일리아,Cunnamulla,커너멀라
Curacao International Airport,퀴라소 국제공항,CUR,TNCC,카리브해,Curacao,네덜란드령 퀴라소,Willemstad,빌렘스타트
Curitiba Afonso Pena International Airport,아폰소 페나 국제공항,CWB,SBCT,라틴아메리카,Brazil,브라질,Curitiba,쿠리치바
Curitiba Bacacheri Airport,바카체리 공항,BFH,SBBI,라틴아메리카,Brazil,브라질,Curitiba,쿠리치바
Cusco Velazco Astete Airport,알레한드로 벨라스코 아스테테 국제공항,CUZ,SPZO,라틴아메리카,Peru,페루,Cusco,쿠스코
Cut Bank International Airport,컷 뱅크 공항,CTB,KCTB,북아메리카,United States of America,미국,Cut Bank,컷뱅크
Cut Nyak Dhien Airport,컷 냑 디엔 공항,MEQ,WITC,아시아태평양,Indonesia,인도네시아,Meulaboh,묄라보
Cuxhaven Nordholz Airport,해상 공항쿡스하펜/노르드홀츠,FCN,n/a,유럽,Germany,독일,Cuxhaven,쿠크스하펜
Cuyo Airport,쿠요 공항,CYU,n/a,아시아태평양,Philippines,필리핀,Cuyo,쿠요
Czestochowa Rudniki Airport,쳉스토호바 루드니키 공항,n/a,EPCH,유럽,Poland,폴란드,Czestochowa,쳉스토호바
Da Lat Lien Khuong Airport,리엔크엉 공항,DLI,VVDL,아시아태평양,Vietnam,베트남,Da Lat,달랏
Da Nang Airport,다낭 국제공항,DAD,VVDN,아시아태평양,Vietnam,베트남,Da Nang,다낭
Dabah El Alamein International Airport,알 알라마인 국제공항,DBB,HEAL,아프리카,Egypt,이집트,El Alamein,엘알라메인
Dabo Singkep Airport,다보 싱켑 공항,SIQ,WIDS,아시아태평양,Indonesia,인도네시아,Singkep,싱켑
Dadu Airport,다두 공항,DDU,n/a,아시아태평양,Pakistan,파키스탄,Dadu,다두
Daegu International Airport,대구국제공항,TAE,RKTN,아시아태평양,South Korea,대한민국,Daegu,대구
Dakar Blaise Diagne International Airport,블레즈 디아뉴 국제공항,DSS,GOBD,아프리카,Senegal,세네갈,Dakar,다카르
Dakar Yoff Airport,레오폴드 세다르 셍호르 국제공항,DKR,GOOY,아프리카,Senegal,세네갈,Dakar,다카르
Dakhla Airport,다클라 공항,VIL,GMMH,아프리카,Morocco,서사하라,Dakhla,다클라
Dala Airport,달라 공항,BLE,ESSD,유럽,Sweden,스웨덴,Borlange,보를렝에
Dalaman Airport,달라만 공항,DLM,LTBS,중동,Turkiye,터키,Dalaman,달라만
Dalanzadgad Airport,달란자드가드 공항,DLZ,ZMDZ,아시아태평양,Mongolia,몽골,Dalanzadgad,달란자드가드
Dalbandin Airport,달반딘 공항,DBA,n/a,아시아태평양,Pakistan,파키스탄,Dalbandin,달반딘
Dali Huangcaoba Airport,다리 공항,DLU,ZPDL,아시아태평양,China,중국,Dali,다리
Dalian Zhoushuizi International Airport,다롄 저우수이쯔 국제공항,DLC,ZYTL,아시아태평양,China,중국,Dalian,다롄
Dallas Addison Airport,애디슨 공항,ADS,KADS,북아메리카,United States of America,미국,Dallas,댈러스
Dallas Executive Airport,댈러스 이그제큐티브 공항,RBD,KRBD,북아메리카,United States of America,미국,Dallas,댈러스
Dallas Fort Worth International Airport,댈러스/포트워스 국제공항,DFW,KDFW,북아메리카,United States of America,미국,Dallas,댈러스
Dallas Fort Worth Meacham International Airport,포트워스 미컴 국제공항,FTW,KFTW,북아메리카,United States of America,미국,Fort Worth,포트워스
Dallas Love Field,댈러스 러브 필드,DAL,KDAL,북아메리카,United States of America,미국,Dallas,댈러스
Dalnegorsk Airport,달네고르스크 공항,DHG,n/a,유럽,Russian Federation,러시아,Dalnegorsk,달네고르스크
Dalnerechensk Airport,달네레첸스크 공항,DLR,n/a,유럽,Russian Federation,러시아,Dalnerechensk,달네레첸스크
Daloa Airport,달로아 공항,DJO,DIDL,아프리카,Cote d'Ivoire,코트디부아르,Daloa,달로아
Damascus International Airport,다마스쿠스 국제공항,DAM,OSDI,중동,Syria,시리아,Damascus,다마스쿠스
Damaturu Airport,다마투루 공항,n/a,n/a,아프리카,Nigeria,나이지리아,Damaturu,다마투루
Damazin Airport,다마진 공항,RSS,HSDZ,아프리카,Sudan,수단,Damazin,다마진
Dambula Oya Tank Airport,담불라 오야 탱크 수상비행장,DBU,n/a,아시아태평양,Sri Lanka,스리랑카,Dambulla,담불라
Dammam King Fahd International Airport,킹 파드 국제공항,DMM,OEDF,중동,Saudi Arabia,사우디아라비아,Dammam,담맘
Danbury Municipal Airport,댄버리 공항,DXR,KDXR,북아메리카,United States of America,미국,Danbury,댄버리
Dandong Langtou Airport,단동 랑터우 공항,DDG,ZYDD,아시아태평양,China,중국,Dandong,단동
Dane County Regional Airport,데인 카운티 리저널 공항,MSN,KMSN,북아메리카,United States of America,미국,Madison,매디슨
Dang Tarigaun Airport,당 타리가운 공항,DNP,VNDG,아시아태평양,Nepal,네팔,Dang Tarigaun,당타리가운
Dangriga Airport,당그리가 공항,DGA,n/a,라틴아메리카,Belize,벨리즈,Dangriga,당그리가
Danville Vermillion Regional Airport,버밀리언 공항,DNV,KDNV,북아메리카,United States of America,미국,Danville,단빌
Daocheng Yading Airport,다오청 야딩 공항,DCY,ZUDC,아시아태평양,China,중국,Daocheng,다오청
Daporijo Airport,다포리조 공항,DEP,VEDZ,아시아태평양,India,인도,Daporijo,다포리조
Daqing Sartu Airport,다칭 사르투 공항,DQA,ZYDQ,아시아태평양,China,중국,Daqing,다칭
Dar Es Salaam International Airport,줄리어스 니에레레 국제공항,DAR,HTDA,아프리카,Tanzania,탄자니아,Dar es Salaam,다르에스살람
Dara Sakor International Airport,다라 사코르 국제공항,DSY,VDDS,아시아태평양,Cambodia,캄보디아,Dara Sakor,다라사코르
Darab Airport,다랍 공항,n/a,OISD,중동,Iran,이란,Darab,다랍
Darbhanga Airport,다르방가 공항,DBR,VEDH,아시아태평양,India,인도,Darbhanga,다르방가
Darnley Island Airport,단리 아일랜드 공항,NLF,YDNI,아시아태평양,Australia,오스트레일리아,Darnley Island,단리아일랜드
Daru Airport,다루 공항,DAU,AYDU,아시아태평양,Papua New Guinea,파푸아뉴기니,Daru,다루
Darwin International Airport,다윈 국제공항,DRW,YPDN,아시아태평양,Australia,오스트레일리아,Darwin,다윈
Dasoguz Airport,다쇼구즈 공항,TAZ,UTAT,아시아태평양,Turkmenistan,투르크메니스탄,Dashoguz,다쇼구즈
Datadawai Airport,다타다와이 공항,DTD,WALJ,아시아태평양,Indonesia,인도네시아,Datadawai,다타다와이
Datia Airport,다티아 공항,DPP,n/a,아시아태평양,India,인도,Datia,다티아
Datong Yungang International Airport,다퉁 윈강 공항,DAT,ZBDT,아시아태평양,China,중국,Datong,다퉁
Dauphin Airport,도핀 공항,YDN,n/a,북아메리카,Canada,캐나다,Dauphin,도핀
Davao Francisco Bangoy International Airport,프란시스코 방고이 국제공항,DVO,RPMD,아시아태평양,Philippines,필리핀,Davao,다바오
David Enrique Malek Airport,엔리케 말렉 국제공항,DAV,MPDA,라틴아메리카,Panama,파나마,David,다비드
Dawadmi Airport,다와드미 국내선 공항,DWD,OEDM,중동,Saudi Arabia,사우디아라비아,Dawadmi,다와드미
Dawe Airport,다웨이 공항,TVY,VYDW,아시아태평양,Myanmar,미얀마,Dawei,다웨이
Dawson City Airport,도슨 시티 공항,YDA,CYDA,북아메리카,Canada,캐나다,Dawson City,도슨시티
Dawson Community Airport,도슨 커뮤니티 공항,GDV,KGDV,북아메리카,United States of America,미국,Glendive,글렌다이브
Dawson Creek Regional Airport,도슨 크릭 공항,YDQ,CYDQ,북아메리카,Canada,캐나다,Dawson Creek,도슨크리크
Dayton International Airport,데이턴 국제공항,DAY,KDAY,북아메리카,United States of America,미국,Dayton,데이턴
Daytona Beach International Airport,데이토나 비치 국제공항,DAB,KDAB,북아메리카,United States of America,미국,Daytona Beach,데이토나비치
Dayton-Wright Brothers Airport,데이턴 라이트 브라더스 공항,MGY,KMGY,북아메리카,United States of America,미국,Dayton,데이턴
Dazhou Heshi Airport,다저우 허스 공항,DAX,ZUDX,아시아태평양,China,중국,Dazhou,다저우
Dazhou Jinya Airport,다저우 진야 공항,DZH,ZUDA,아시아태평양,China,중국,Dazhou,다저우
Deadhorse Airport,데드호스 공항,SCC,PASC,북아메리카,United States of America,미국,Prudhoe Bay,프루도베이
Deadmans Cay Airport,데드맨스 케이 공항,LGI,MYLD,카리브해,Bahamas,바하마,Deadman's Cay,데드맨스케이
Dease Lake Airport,데즈 레이크 공항,YDL,CYDL,북아메리카,Canada,캐나다,Dease Lake,디즈레이크
Deauville Saint Gatien Airport,도빌 생가티안 공항,DOL,LFRG,유럽,France,프랑스,Deauville,도빌
Debrecen Airport,데브레첸 국제공항,DEB,LHDC,유럽,Hungary,헝가리,Debrecen,데브레첸
Decatur Airport,디케 이터 공항,DEC,KDEC,북아메리카,United States of America,미국,Decatur,디케이터
Deer Lake Airport,디어 레이크 공항,YVZ,CYVZ,북아메리카,Canada,캐나다,Deer Lake,디어레이크
Deer Lake Regional Airport,디어 레이크 리저널공항,YDF,CYDF,북아메리카,Canada,캐나다,Deer Lake,디어레이크
Deering Airport,디어링 공항,DRG,PADE,북아메리카,United States of America,미국,Deering,디어링
Dehong Mangshi Airport,망시 공항,LUM,ZPMS,아시아태평양,China,중국,Mangshi,망시
Dehradun Airport,졸리 그랜트 공항,DED,VIDN,아시아태평양,India,인도,Dehradun,데라둔
Deirezzor Al Jafrah Airport,데이르에조르 공항,DEZ,n/a,중동,Syria,시리아,Deir ez-Zor,데이르에조르
Del Carmen Sayak Airport,사약 공항,IAO,RPNS,아시아태평양,Philippines,필리핀,Del Carmen,델카르멘
Del Norte County Airport,델 노르 카운티 공항,CEC,KCEC,북아메리카,United States of America,미국,Crescent City,크레센트시티
Del Rio International Airport,델 리오 국제공항,DRT,KDRT,북아메리카,United States of America,미국,Del Rio,델리오
Delhi Indira Gandhi International Airport,인디라 간디 국제공항,DEL,VIDP,아시아태평양,India,인도,Delhi,델리
Delhi Safdarjung Airport,델리 사프다르장 공항,n/a,VIDD,아시아태평양,India,인도,Delhi,델리
Deline Airport,델린 공항,YWJ,CYWJ,북아메리카,Canada,캐나다,Deline,델리네
Delingha Airport,델링하 공항,HXD,ZLDL,아시아태평양,China,중국,Delingha,델링하
Delma Island Airport,달마 공항,ZDY,OMDL,중동,United Arab Emirates,아랍에미레이트,Dalma Island,달마
Delta County Airport,델타 카운티 공항,ESC,KESC,북아메리카,United States of America,미국,Escanaba,에스카나바
Delta Junction Airport,델타 정션 공항,DJN,n/a,북아메리카,United States of America,미국,Delta Junction,델타정션
Dembi Dolo Airport,뎀비돌로 공항,DEM,HADD,아프리카,Ethiopia,이디오피아,Dembidolo,뎀비돌로
Den Helder Airport,드 쿠이 비행장,DHR,EHKD,유럽,Netherlands,네덜란드,Den Helder,덴헬데르
Deniliquin Airport,데닐리퀸 공항,DNQ,YDLQ,아시아태평양,Australia,오스트레일리아,Deniliquin,데닐리퀸
Denizli Cardak Airport,데니즐리 차닥 공항,DNZ,LTAY,중동,Turkiye,터키,Denizli,데니즐리
Denver Centennial Airport,센테니얼 공항,APA,KAPA,북아메리카,United States of America,미국,Denver,덴버
Denver International Airport,덴버 국제공항,DEN,KDEN,북아메리카,United States of America,미국,Denver,덴버
Deputatsky Airport,데푸타츠키 공항,DPT,n/a,유럽,Russian Federation,러시아,Deputatsky,데푸타츠키
Dera Ghazi Khan Airport,데라 가지 칸 국제공항,DEA,n/a,아시아태평양,Pakistan,파키스탄,Dera Ghazi Khan,데라가지칸
Dera Ismail Khan Airport,데라 이스마일 칸 공항,DSK,OPDI,아시아태평양,Pakistan,파키스탄,Dera Ismail Khan,데라이스마일칸
Derby Airport,더비 공항,DRB,YDBY,아시아태평양,Australia,오스트레일리아,Derby,더비
Derby Curtin AFB Airport,호주왕립공군군사기지 베이스 커틴,DCN,YCIN,아시아태평양,Australia,오스트레일리아,Derby,더비
Des Moines International Airport,디모인 국제공항,DSM,KDSM,북아메리카,United States of America,미국,Des Moines,디모인
Desolation Sound Airport,데솔레이션 사운드 공항,YDS,n/a,북아메리카,Canada,캐나다,Desolation Sound,데솔레이션사운드
Dessie Kombolcha Airport,콤볼차 공항,DSE,HADC,아프리카,Ethiopia,이디오피아,Dessie,데시
Destin Executive Airport,데스틴 이그제큐티브 공항,DSI,KDTS,북아메리카,United States of America,미국,Destin,데스틴
Destin-Fort Walton Beach International Airport,데스틴 포트 월튼 비치 공항,VPS,KVPS,북아메리카,United States of America,미국,Destin-Fort Walton,데스틴포트월턴
Detroit Coleman A Young International Airport,콜맨 A. 영 국제공항,DET,KDET,북아메리카,United States of America,미국,Detroit,디트로이트
Detroit Metropolitan Airport,디트로이트 메트로폴리탄 웨인 카운티 공항,DTW,KDTW,북아메리카,United States of America,미국,Detroit,디트로이트
Detroit Willow Run Airport,윌로우 런 공항,YIP,KYIP,북아메리카,United States of America,미국,Detroit,디트로이트
Devils Lake Regional Airport,데블스 레이크 리저널 공항,DVL,KDVL,북아메리카,United States of America,미국,Devils Lake,데블스레이크
Devonport Airport,데본포트 공항,DPO,YDPO,아시아태평양,Australia,오스트레일리아,Devonport,데번포트
Dezful Airport,데즈풀 공항,DEF,OIAD,중동,Iran,이란,Dezful,데즈풀
Dhaka Hazrat Shahjalal International Airport,샤잘랄 국제공항,DAC,VGZR,아시아태평양,Bangladesh,방글라데시,Dhaka,다카
Dhangadhi Airport,당가디 공항,DHI,VNDH,아시아태평양,Nepal,네팔,Dhangadhi,당가디
Dharavandhoo Airport,다라반두 공항,DRV,VRMD,아시아태평양,Maldives,몰디브,Dharavandhoo,다라반두
Diamantina Airport,디아만티나 공항,DTI,n/a,라틴아메리카,Brazil,브라질,Diamantina,디아만티나
Dibrugarh Chabua Airport,디브루가르 공항,DIB,VEMN,아시아태평양,India,인도,Dibrugarh,디브루가르
Dickinson Theodore Roosevelt Regional Airport,디킨슨 시어도어 루즈벨트 공항,DIK,KDIK,북아메리카,United States of America,미국,Dickinson,디킨슨
Dien Bien Phu Airport,디엔비엔푸 공항,DIN,VVDB,아시아태평양,Vietnam,베트남,Dien Bien Phu,디엔비엔푸
Diffa Tandja Mamadou Airport,디파 탄자 마마두 공항,n/a,DRZF,아프리카,Niger,니제르,Diffa,디파
Dijon Airport,디종 공군기지,DIJ,LFSD,유럽,France,프랑스,Dijon,디종
Dikson Airport,딕슨 공항,DKS,UODD,유럽,Russian Federation,러시아,Dikson,딕슨
Dili Presidente Nicolau Lobato International Airport,프레지덴테 니콜라우 로바토 국제공항,DIL,WPDL,아시아태평양,Timor-Leste,동티모르,Dili,딜리
Dillingham Airport,딜링햄 공항,DLG,PADL,북아메리카,United States of America,미국,Dillingham,딜링햄
Dillons Bay Airport,딜런스 베이 공항,DLY,n/a,아시아태평양,Vanuatu,바누아투,Dillon's Bay,딜런스베이
Dimapur Airport,디마푸르 공항,DMU,VEMR,아시아태평양,India,인도,Dimapur,디마푸르
Dinard Bretagne Airport,디나르 플뢰르튀 생 말로 공항,DNR,LFRD,유럽,France,프랑스,Dinard,디나르
Diomicio Freitas Airport,디오미시오 프레이타스 공항,CCM,SBCM,라틴아메리카,Brazil,브라질,Criciuma,크리시우마
Dipayal Silgadhi Airport,디파얄 실가디 공항,n/a,n/a,아시아태평양,Nepal,네팔,Dipayal Silgadhi,디파얄실가디
Dipolog Airport,디포로그 공항,DPL,RPMG,아시아태평양,Philippines,필리핀,Dipolog,디포로그
Diqing Airport,디칭 샹그릴라 공항,DIG,ZPDQ,아시아태평양,China,중국,Shangri-La,샹그릴라
Dire Dawa Aba Tenna D Yilma Airport,아바 테나 데자즈마흐 일마 국제공항,DIR,HADR,아프리카,Ethiopia,이디오피아,Dire Dawa,디레다와
Diu Airport,디우 공항,DIU,VADU,아시아태평양,India,인도,Diu,디우
Divinopolis Airport,디비노폴리스 공항,DIQ,SNDV,라틴아메리카,Brazil,브라질,Divinopolis,디비노폴리스
Diyarbakir Airport,디야르바키르 공항,DIY,LTCC,중동,Turkiye,터키,Diyarbakir,디야르바키르
Diyawanna Oya Seaplane Base,디야완나 오야 수상비행장,DWO,n/a,아시아태평양,Sri Lanka,스리랑카,kotte,코테
Djambala Airport,잠발라 공항,DJM,FCBD,아프리카,Republic of the Congo,콩고,Djambala,잠발라
Djanet Inedbirenne Airport,티스카 자네트 공항,DJG,DAAJ,아프리카,Algeria,알제리,Djanet,자네트
Djibouti Ambouli Airport,지부티 암불리 국제공항,JIB,HDAM,아프리카,Djibouti,지부티,Djibouti,지부티
Dnipropetrovsk International Airport,드니프로 국제공항,DNK,UKDD,유럽,Ukraine,우크라이나,Dnipro,드니프로
Dobbins ARB,도빈스 공군 예비군 기지,MGE,n/a,북아메리카,United States of America,미국,Marietta,마리에타
Dobo Airport,도보 공항,DOB,WAPD,아시아태평양,Indonesia,인도네시아,Dobo,도보
Dodge City Regional Airport,닷지 시티 공항,DDC,KDDC,북아메리카,United States of America,미국,Dodge City,닷지시티
Dodoma Airport,도도마 공항,DOD,HTDO,아프리카,Tanzania,탄자니아,Dodoma,도도마
Doha Hamad International Airport,하마드 국제공항,DOH,OTHH,중동,Qatar,카타르,Doha,도하
Dole Jura Airport,돌 쥐라 공항,DLE,LFGJ,유럽,France,프랑스,Dole,돌
Dolisie,돌리시 공항,DIS,n/a,아프리카,Republic of the Congo,콩고,Dolisie,돌리시
Dolpa Jufal Airport,돌파 공항,DOP,VNDP,아시아태평양,Nepal,네팔,Dolpa,돌파
Dominica Cane Field Airport,케인필드 공항,DCF,n/a,카리브해,Dominica,도미니카,Roseau,로조
Dominica Douglas-Charles Airport,더글러스 찰스 공항,DOM,TDPD,카리브해,Dominica,도미니카,St Andrew Parish,세인트앤드루
Donakonda Airport,도나콘다 공항,DKA,VODK,아시아태평양,India,인도,Donakonda,도나콘다
Doncaster Sheffield Airport,로빈훗 돈캐스터 쉐필드 공항,DSA,EGCN,유럽,United Kingdom,영국,Doncaster,돈캐스터
Donegal Airport,도니골 공항,CFN,EIDL,유럽,Ireland,아일랜드,County Donegal,도니골
Donetsk Sergey Prokofiev International Airport,도네츠크 국제공항,DOK,UKCC,유럽,Ukraine,우크라이나,Donetsk,도네츠크
Dong Hoi Airport,동호이 공항,VDH,VVDH,아시아태평양,Vietnam,베트남,DongHoi,동호이
Dongola Airport,동골라 공항,DOG,HSDN,아프리카,Sudan,수단,Dongola,동골라
Dongying Shengli Airport,동영 셩리 공항,DOY,ZSDY,아시아태평양,China,중국,Dongying,둥잉
Donyi Polo Airport,돈이 폴로 공항,HGI,VEHO,아시아태평양,India,인도,Arunachal Pradesh,아루나찰프라데시
Doomadgee Airport,두마지 공항,DMD,YDMG,아시아태평양,Australia,오스트레일리아,Doomadgee,두마지
Dortmund Airport,도르트문트 공항,DTM,EDLW,유럽,Germany,독일,Dortmund,도르트문트
Dothan Regional Airport,도탄 공항,DHN,KDHN,북아메리카,United States of America,미국,Dothan,도탄
Douala Airport,두알라 국제공항,DLA,FKKD,아프리카,Cameroon,카메룬,Douala,두알라
Dourados Airport,두라도스 공항,DOU,SBDO,라틴아메리카,Brazil,브라질,Dourados,도라두스
Dover Air Force Base,도버 공군기지,DOV,n/a,북아메리카,United States of America,미국,Dover,도버
Dr Juan C Angara,발러 공항,BQA,n/a,아시아태평양,Philippines,필리핀,Baler,발레르
Drake Bay Airport,드레이크 베이 공항,DRK,MRDK,라틴아메리카,Costa Rica,코스타리카,Drake Bay,드레이크베이
Dresden Airport,드레스덴 공항,DRS,EDDC,유럽,Germany,독일,Dresden,드레스덴
Dryden Regional Airport,드라이든 공항,YHD,CYHD,북아메리카,Canada,캐나다,Dryden,드라이든
Dubai Creek Airport,두바이 크릭 수상비행장,DCG,n/a,중동,United Arab Emirates,아랍에미레이트,Dubai,두바이
Dubai International Airport,두바이 국제공항,DXB,OMDB,중동,United Arab Emirates,아랍에미레이트,Dubai,두바이
Dubai Jebel Ali SPB Airport,제벨 알리 수상비행기 기지,DJH,n/a,중동,United Arab Emirates,아랍에미레이트,Jebel Ali,제벨알리
Dubbo Regional Airport,더보 시티 공항,DBO,YSDU,아시아태평양,Australia,오스트레일리아,Dubbo,더보
Dublin Airport,더블린 공항,DUB,EIDW,유럽,Ireland,아일랜드,Dublin,더블린
DuBois Regional Airport,두보이스 공항,DUJ,KDUJ,북아메리카,United States of America,미국,DuBois,두보이스
Dubrovnik Ruder Boskovic Airport,두브로브니크 공항,DBV,LDDU,유럽,Croatia,크로아티아,Dubrovnik,두브로브니크
Dubuque Regional Airport,더뷰크 공항,DBQ,KDBQ,북아메리카,United States of America,미국,Dubuque,더뷰크
Duluth International Airport,덜루스 국제공항,DLH,KDLH,북아메리카,United States of America,미국,Duluth,덜루스
Dumaguete-Sibulan Airport,시불란 공항,DGT,RPVD,아시아태평양,Philippines,필리핀,Dumaguete,두마게테
Dumai Pinang Kampai Airport,피낭 캄파이 공항,DUM,WIBD,아시아태평양,Indonesia,인도네시아,Dumai,두마이
Dumka Sido Kanhu Airport,둠카 시도 칸후 공항,n/a,VEDK,아시아태평양,India,인도,Dumka,둠카
Dundee Airport,던디 공항,DND,EGPN,유럽,United Kingdom,영국,Dundee,던디
Dundo Airport,둔도 공항,DUE,FNDU,아프리카,Angola,앙골라,Dundo,둔도
Dunedin Airport,더니든 국제공항,DUD,NZDN,아시아태평양,New Zealand,뉴질랜드,Dunedin,더니든
Dunhuang Mogao International Airport,둔황 공항,DNH,ZLDH,아시아태평양,China,중국,Dunhuang,둔황
Dunk Island Airport,덩크 아일랜드 공항,DKI,YDKI,아시아태평양,Australia,오스트레일리아,Dunk Island,덩크아일랜드
Duqm International Airport,두쿰 국제공항,DQM,OODQ,중동,Oman,오만,Duqm,두큼
Durango Guadalupe Victoria Airport,제너럴 과달루페 빅토리아 국제공항,DGO,MMDO,라틴아메리카,Mexico,멕시코,Durango,두랑고
Durango-La Plata County Airport,두랑고 라플라타 카운티 공항,DRO,KDRO,북아메리카,United States of America,미국,Durango,두랑고
Durazno Santa Bernardina International Airport,산타 베르나르디나 국제공항,DZO,SUDU,라틴아메리카,Uruguay,우루과이,Durazno,두라스노
Durban King Shaka International Airport,킹 샤카 국제공항,DUR,FALE,아프리카,South Africa,남아프리카,Durban,더반
Durban Virginia Airport,버지니아 공항,VIR,FAVG,아프리카,South Africa,남아프리카,Virginia,버지니아
Durgapur Kazi Nazrul Islam Airport,카지 나즈룰 이슬람 공항,RDP,VEDG,아시아태평양,India,인도,Durgapur,두르가푸르
Dushanbe Airport,두샨베 국제공항,DYU,UTDD,아시아태평양,Tajikistan,타지키스탄,Dushanbe,두샨베
Dusseldorf Airport,뒤셀도르프 공항,DUS,EDDL,유럽,Germany,독일,Dusseldorf,뒤셀도르프
Dutch Harbor Emergency Field,어널래스카 공항,DUT,PADU,북아메리카,United States of America,미국,Dutch Harbor,더치하버
Dutse Airport,두체 공항,n/a,DNDS,아프리카,Nigeria,나이지리아,Dutse,두체
Eagle Airport,이글 공항,EAA,PAEG,북아메리카,United States of America,미국,Eagle,이글
Eagle River Airport,이글 리버 유니언 공항,EGV,n/a,북아메리카,United States of America,미국,Eagle River,이글리버
East Hampton Airport,이스트 햄프턴 공항,HTO,KHTO,북아메리카,United States of America,미국,East Hampton,이스트햄프턴
East Main Airport,이스트메인 리버 공항,ZEM,n/a,북아메리카,Canada,캐나다,Eastmain,이스트메인
East Midlands Airport,이스트 미들랜드 공항,EMA,EGNX,유럽,United Kingdom,영국,East Midlands,이스트미들랜드
East Texas Regional Airport,이스트 텍사스 공항,GGG,KGGG,북아메리카,United States of America,미국,Longview,롱뷰
Easter Island Mataveri International Airport,마타베리 국제공항,IPC,SCIP,라틴아메리카,Chile,칠레,Easter Island,이스터섬
Easterwood Airport,이스터우드 공항,CLL,KCLL,북아메리카,United States of America,미국,College Station,컬리지스테이션
Eastsound Orcas Island Airport,오르카스 아일랜드 공항,ESD,n/a,북아메리카,United States of America,미국,Eastsound,이스트사운드
Ebon Island Airport,에본 공항,EBO,n/a,아시아태평양,Marshall Islands,마샬 군도,EbonIsland,에본
Ebonyi Chuba Okadigbo International Airport,에보니 추바 오카디그보 국제공항,n/a,DNEB,아프리카,Nigeria,나이지리아,Abakaliki,아바칼리키
Eday Airport,이데이 공항,EOI,EGED,유럽,United Kingdom,영국,Eday,이데이
Edinburgh Airport,에든버러 공항,EDI,EGPH,유럽,United Kingdom,영국,Edinburgh,에든버러
Edmonton International Airport,에드먼턴 국제공항,YEG,CYEG,북아메리카,Canada,캐나다,Edmonton,에드먼턴
Edmonton Parkland Airport,에드먼턴 파크랜드 공항,n/a,CYEP,북아메리카,Canada,캐나다,Edmonton,에드먼턴
Edna Bay Airport,에드나 베이 수상비행기 기지,EDA,n/a,북아메리카,United States of America,미국,Edna Bay,에드나베이
Edremit Korfez Airport,발리케시르 코카 세이이트 공항,EDO,LTFD,중동,Turkiye,터키,Edremit,에드레미트
Edward River Airport,에드워드 리버 공항,EDR,YPMP,아시아태평양,Australia,오스트레일리아,Pormpuraaw,폼푸라아우
Edwards Air Force Base,에드워즈 공군기지,EDW,n/a,북아메리카,United States of America,미국,Edwards,에드워즈
Eek Airport,에크 공항,EEK,n/a,북아메리카,United States of America,미국,Eek,에크
Egegik Airport,에게직 공항,EGX,PAII,북아메리카,United States of America,미국,Egegik,에게직
Egilsstadir Airport,에질스스타디르 공항,EGS,BIEG,유럽,Iceland,아이슬란드,Egilsstadir,에이일스스타디르
Eilat Timna Ramon International Airport,라몬 공항,ETM,LLER,중동,Israel,이스라엘,Eilat,에일라트
Eindhoven Airport,아인트호벤 공항,EIN,EHEH,유럽,Netherlands,네덜란드,Eindhoven,아인트호번
Eirunepe Airport,에이루네페 공항,ERN,SWEI,라틴아메리카,Brazil,브라질,Eirunepe,에이루네페
Ejin Banner Taolai Airport,에진 배너 타오라이 공항,EJN,ZBEN,아시아태평양,China,중국,Ejin Banner,어진치
Ekiti Agro-Allied International Cargo Airport,에키티 농생명 국제 화물공항,EKK,n/a,아프리카,Nigeria,나이지리아,Ado Ekiti,아도에키티
Ekuk Airport,에쿡 공항,KKU,n/a,북아메리카,United States of America,미국,Ekuk,에쿡
Ekwok Airport,엑웍 공항,KEK,n/a,북아메리카,United States of America,미국,Ekwok,엑웍
El Aguacate Airport,엘 아과카테 공항,CAA,MHGE,라틴아메리카,Honduras,온두라스,El Aguacate,엘아과카테
El Arish International Airport,엘 아리시 국제공항,AAC,HEAR,아프리카,Egypt,이집트,El Arish,엘아리시
El Bagre Airport,엘 바그레 공항,EBG,SKEB,라틴아메리카,Colombia,콜롬비아,El Bagre,엘바그레
El Bayadh Airport,엘 바야드 공항,EBH,DAOY,아프리카,Algeria,알제리,El Bayadh,엘바야드
El Bolson Airport,엘 볼손 공항,EHL,SAVB,라틴아메리카,Argentina,아르헨티나,El Bolson,엘볼손
El Calafate Airport,코만단테 아르만도 톨라 국제공항,FTE,SAWC,라틴아메리카,Argentina,아르헨티나,El Calafate,엘칼라파테
El Centro Imperial County Airport,임페리얼 카운티 공항,IPL,KIPL,북아메리카,United States of America,미국,Imperial,임페리얼
El Centro Naval Air Facility,해군항공시설 엘 센트로,NJK,n/a,북아메리카,United States of America,미국,El Centro,엘센트로
El Daein Airport,에드 데인 공항,ADV,n/a,아프리카,Sudan,수단,Ed Daein,에드다인
El Dorado South Arkansas Regional Airport,사우스 아칸소 공항앳 굿윈 필드,ELD,KELD,북아메리카,United States of America,미국,El Dorado,엘도라도
El Fasher Airport,엘 파셔 공항,ELF,HSFS,아프리카,Sudan,수단,El Fasher,엘파셔
El Golea Airport,엘 골레아 공항,ELG,DAUE,아프리카,Algeria,알제리,El Golea,엘골레아
El Kharga Airport,엘 카르가 공항,UVL,HEKG,아프리카,Egypt,이집트,NewValley,엘카르가
El Nido Airport,엘니도 공항,ENI,RPXX,아시아태평양,Philippines,필리핀,El Nido,엘니도
El Obeid Airport,엘 오베이드 공항,EBD,HSOB,아프리카,Sudan,수단,El Obeid,엘오베이드
El Oued Guemar Airport,게마르 공항,ELU,DAUO,아프리카,Algeria,알제리,El Oued,엘우에드
El Paso Biggs Army Airport,빅스 육군 비행장,BIF,n/a,북아메리카,United States of America,미국,El Paso,엘패소
El Paso International Airport,엘패소 국제공항,ELP,KELP,북아메리카,United States of America,미국,El Paso,엘파소
El Porvenir Airport,엘 포르베니르 공항,PVE,n/a,라틴아메리카,Panama,파나마,El Porvenir,엘포르베니르
El Salvador Ricardo Garcia Posada Airport,리카르도 가르시아 포사다 공항,ESR,SCES,라틴아메리카,Chile,칠레,El Salvador,엘살바도르
El Tigre Airport,산 토메 공항,SOM,n/a,라틴아메리카,Venezuela,베네수엘라,San Tome,산토메
El Tor Airport,엘 토르 공항,ELT,HETR,아프리카,Egypt,이집트,El Tor,엘토르
El Vigia Airport,후안 파블로 페레스 알폰조 공항,VIG,SVVG,라틴아메리카,Venezuela,베네수엘라,El VigIa,엘비히아
El Yopal Alcaravan Airport,엘 알카라반 공항,EYP,SKYP,라틴아메리카,Colombia,콜롬비아,Yopal,요팔
Elazig Airport,엘라지그 공항,EZS,LTCA,중동,Turkiye,터키,Elazig,엘라지그
Elba Island Marina Di Campo Airport,마리나 디 캄포 공항,EBA,LIRJ,유럽,Italy,이탈리아,Elba,엘바
Elcho Island Airport,엘초 아일랜드 공항,ELC,YELD,아시아태평양,Australia,오스트레일리아,Elcho Island,엘초아일랜드
Eldoret Airport,엘도레트 국제공항,EDL,HKEL,아프리카,Kenya,케냐,Eldoret,엘도레트
Elfin Cove Sea Plane Base,엘핀 코브 수상비행장,ELV,PAEL,북아메리카,United States of America,미국,Elfin Cove,엘핀코브
Elim Airport,엘림 공항,ELI,PFEL,북아메리카,United States of America,미국,Elim,엘림
Elista Airport,엘리스타 공항,ESL,URWI,유럽,Russian Federation,러시아,Elista,엘리스타
Elko Regional Airport,엘코 공항,EKO,KEKO,북아메리카,United States of America,미국,Elko,엘코
Ellisras Matimba Airport,엘리스라스 공항,ELL,FAER,아프리카,South Africa,남아프리카,Ellisras,엘리스라스
Elmira Corning Regional Airport,엘미라 코닝 지역 공항,ELM,KELM,북아메리카,United States of America,미국,Elmira,엘미라
Elrose Mine Airport,엘로즈 공항,ERQ,YESE,아시아태평양,Australia,오스트레일리아,Elrose Mine,엘로즈
Ely Yelland Airport,엘리 공항,ELY,KELY,북아메리카,United States of America,미국,Ely,엘리
Emae Airport,시오 공항,EAE,NVSE,아시아태평양,Vanuatu,바누아투,Emae Island,에마에섬
Embu Airport,엠부 공항,n/a,HKEM,아프리카,Kenya,케냐,Embu,엠부
Emerald Airport,에메랄드 공항,EMD,YEML,아시아태평양,Australia,오스트레일리아,Emerald,에메랄드
Emmen,엠멘 공군기지,EML,n/a,유럽,Switzerland,스위스,Emmen,엠멘
Emmonak Airport,엠모낙 공항,EMK,PAEM,북아메리카,United States of America,미국,Emmonak,엠모낙
Emo,이모 공항,EMO,n/a,아시아태평양,Papua New Guinea,파푸아뉴기니,Emo,에모
Enarotali Airport,에나로탈리 공항,EWI,n/a,아시아태평양,Indonesia,인도네시아,Enarotali,에나로탈리
Encarnacion Airport,테니엔테 아민 아유브 곤잘레스 공항,ENO,SGEN,라틴아메리카,Paraguay,파라과이,Encarnacion,엔카르나시온
Ende H. Hasan Aroeboesman Airport,H 하산 아로보에스만 공항,ENE,WATE,아시아태평양,Indonesia,인도네시아,Ende,엔데
Enejet Island Airport,에네짓 공항,EJT,n/a,아시아태평양,Marshall Islands,마샬 군도,Enejit,에네짓
Enewetak Island Airport,에네웨탁 보조 비행장,ENT,PKMA,아시아태평양,Marshall Islands,마샬 군도,Enewetak,에네웨탁
Enfidha-Hammamet International Airport,엔피다 함마메트 국제공항,NBE,DTNZ,아프리카,Tunisia,튀니지,Enfidha,엔피다
Engadin Airport,사메단 공항,SMV,LSZS,유럽,Switzerland,스위스,St. Moritz,생모리츠
Enggano Island Airport,엥가노 아일랜드 공항,ENG,WIGE,아시아태평양,Indonesia,인도네시아,Enggano Island,엥가노아일랜드
Enontekio Airport,에논테키외 공항,ENF,EFET,유럽,Finland,핀란드,Enontekio,에논테키외
Enschede Airport Twente,엔스헤데 공항트벤테,ENS,EHTW,유럽,Netherlands,네덜란드,Enschede,엔스헤데
Enshi Xujiaping International Airport,엔스 쉬자핑 공항,ENH,ZHES,아시아태평양,China,중국,Enshi,언스
Entebbe International Airport,엔테베 국제공항,EBB,HUEN,아프리카,Uganda,우간다,Entebbe,엔테베
Enugu Akanu Ibiam International Airport,아카누 이비암 국제공항,ENU,DNEN,아프리카,Nigeria,나이지리아,Enugu,에누구
Epinal Mirecourt Airport,에피날 미르쿠르 공항,EPL,LFSG,유럽,France,프랑스,epinal,에피날
Eqalugaarsuit Heliport,에칼루가르수이트 헬리포트,QFG,n/a,유럽,Greenland,그린란드,Eqalugaarsuit,에칼루가르수이트
Erbil International Airport,에르빌 국제공항,EBL,ORER,중동,Iraq,이라크,Erbil,에르빌
Ercan Airport,에르칸 국제공항,ECN,LCEN,유럽,Cyprus,키프러스,Ercan,에르칸
Erechim Comandante Kraemer Airport,에레킴 공항,ERM,SSER,라틴아메리카,Brazil,브라질,Erechim,에레킴
Erenhot Saiwusu International Airport,에렌호터 사이우스 국제공항,ERL,ZBER,아시아태평양,China,중국,Erenhot,에렌호터
Erfurt Airport,에르푸르트 바이마르 공항,ERF,EDDE,유럽,Germany,독일,Erfurt,에르푸르트
Erie International Airport,이리 국제공항,ERI,KERI,북아메리카,United States of America,미국,Erie,이리
Erik Nielsen Whitehorse International Airport,에릭 닐슨 화이트호스 국제공항,YXY,CYXY,북아메리카,Canada,캐나다,Whitehorse,화이트호스
Errachidia Moulay Ali Cherif Airport,물레이 알리 체리프 공항,ERH,GMFK,아프리카,Morocco,모로코,Errachidia,에라히디아
Erzincan Yildirim Akbulut Airport,에르진칸 공항,ERC,LTCD,중동,Turkiye,터키,Erzincan,에르진칸
Erzurum Airport,에르주룸 공항,ERZ,LTCE,중동,Turkiye,터키,Erzurum,에르주룸
Esbjerg Airport,에스비에르 공항,EBJ,EKEB,유럽,Denmark,덴마크,Esbjerg,에스비에르
Eskisehir Anadolu Airport,아나돌루 공항,AOE,LTBY,중동,Turkiye,터키,EskiSehir,에스키셰히르
Esmeraldas General Rivadeneira Airport,카를로스 콘차 토레스 국제공항,ESM,SETN,라틴아메리카,Ecuador,에콰도르,Esmeraldas,에스메랄다스
Esperance Airport,에스페란스 공항,EPR,YESP,아시아태평양,Australia,오스트레일리아,Esperance,에스페란스
Esquel Airport,에스켈 공항,EQS,SAVE,라틴아메리카,Argentina,아르헨티나,Esquel,에스켈
Esquipulas Airport,에스키풀라스 공항,n/a,MGES,라틴아메리카,Guatemala,과테말라,Esquipulas,에스키풀라스
Essaouira Mogador Airport,에사우이라 모가도르 공항,ESU,GMMI,아프리카,Morocco,모로코,Essaouira,에사우이라
Essen/Mulheim Airport,에센/뮬하임 공항,ESS,EDLE,유럽,Germany,독일,Essen,에센
Estadual Gastao Madeira Airport,우바투바 공항,UBT,SDUB,라틴아메리카,Brazil,브라질,Ubatuba,우바투바
Eua Kaufana Airport,우아 공항,EUA,n/a,아시아태평양,Tonga,통가,Eua,에우아
Eugene Airport,유진 공항,EUG,KEUG,북아메리카,United States of America,미국,Eugene,유진
Eugene F. Kranz Toledo Express Airport,톨레도 익스프레스 공항,TOL,KTOL,북아메리카,United States of America,미국,Toledo,톨레도
EuroAirport Basel/Mulhouse/Freiburg French,유로에어포트 바젤 뮐루즈 프라이부르크,MLH,LFSB,유럽,France,프랑스,Mulhouse,뮐루즈
EuroAirport Basel/Mulhouse/Freiburg Swiss,유로에어포트 바젤 뮐루즈 프라이부르크,BSL,LFSB,유럽,Switzerland,스위스,Basel,바젤
Evadale Landing Strip,벤 브루스 메모리얼 에어파크,EVA,n/a,북아메리카,United States of America,미국,Evadale,에바데일
Evansville Regional Airport,에반스빌 공항,EVV,KEVV,북아메리카,United States of America,미국,Evansville,에번즈빌
Ewer Airport,이워 공항,EWE,WAKG,아시아태평양,Indonesia,인도네시아,Ewer,이워
Excursion Inlet Sea Plane Base,익스커션 인렛 수상비행장,EXI,n/a,북아메리카,United States of America,미국,Excursion,익스커션
Exeter Airport,엑서터 국제공항,EXT,EGTE,유럽,United Kingdom,영국,Exeter,엑서터
Ezhou Huahu International Airport,어저우 화후 공항,EHU,ZHEC,아시아태평양,China,중국,Echeng District,어청구
Faaite Airport,파이테 공항,FAC,NTKF,아시아태평양,French Polynesia,프랑스령 폴리네시아,Faaite,파아이테
Fagernes Valdres Airport,레이린 공항,VDB,ENFG,유럽,Norway,노르웨이,Fagernes,파게르네스
Fahud Buraimi Airport,파후드 공항,FAU,OOFD,중동,Oman,오만,Fahud,파후드
Fair Isle Airport,페어 아일 공항,FIE,EGEF,유럽,United Kingdom,영국,Fair Isle,페어아일
Fairbanks Eielson AFB Airport,아일슨 공군기지,EIL,PAEI,북아메리카,United States of America,미국,Fairbanks,페어뱅크스
Fairbanks International Airport,페어뱅크스 국제공항,FAI,PAFA,북아메리카,United States of America,미국,Fairbanks,페어뱅크스
Faisalabad International Airport,파이살라바드 국제공항,LYP,OPFA,아시아태평양,Pakistan,파키스탄,Faisalabad,파이살라바드
Fakahina Airport,파카히나 공항,FHZ,NTKH,아시아태평양,French Polynesia,프랑스령 폴리네시아,Fakahina,파카히나
Fakarava Airport,파카라바 공항,FAV,NTGF,아시아태평양,French Polynesia,프랑스령 폴리네시아,Fakarava,파카라바
Fakfak Torea Airport,팍팍 토레아 공항,FKQ,WASF,아시아태평양,Indonesia,인도네시아,Fakfak,팍팍
Falam Surbung Airport,팔람 수르붕 공항,SRU,n/a,아시아태평양,Myanmar,미얀마,Falam Surbung,팔람수르붕
Falgunand Sukilumba Airport,팔군드 수킬룸바 공항,n/a,VNFN,아시아태평양,Nepal,네팔,Falgunand,팔구난드
Falls International Airport,폴스 국제공항,INL,KINL,북아메리카,United States of America,미국,International Falls,인터내셔널폴스
False Pass Airport,폴스 패스 공항,KFP,PAKF,북아메리카,United States of America,미국,False Pass,폴스패스
Fane Airport,페네 공항,FNE,n/a,아시아태평양,Papua New Guinea,파푸아뉴기니,Fane,파네
Fangatau Airport,팡가타우 공항,FGU,NTGB,아시아태평양,French Polynesia,프랑스령 폴리네시아,Fangatau,팡가타우
Farafangana Airport,파라팡가나 공항,RVA,n/a,아프리카,Madagascar,마다가스카르,Farafangana,파라팡가나
Farah Airport,파라 공항,FAH,OAFR,아시아태평양,Afghanistan,아프가니스탄,Farah,파라
Faranah Badala Airport,파라나 공항,FAA,n/a,아프리카,Guinea,기니,Faranah,파라나
Faresmaathodaa Airport,파레스마토다 공항,FMT,VRQF,아시아태평양,Maldives,몰디브,Faresmaathodaa,파레스마토다
Fargo Hector International Airport,헥터 국제공항,FAR,KFAR,북아메리카,United States of America,미국,Fargo,파고
Farmingdale Republic Airport,리퍼블릭 공항,FRG,KFRG,북아메리카,United States of America,미국,Farmingdale,파밍데일
Farmington Four Corners Regional Airport,포코너스 공항,FMN,KFMN,북아메리카,United States of America,미국,Farmington,파밍턴
Farnborough Airport,판버러 공항,FAB,EGLF,유럽,United Kingdom,영국,Farnborough,판버러
Faro Gago Coutinho Airport,파로 공항,FAO,LPFR,유럽,Portugal,포르투갈,Faro,파루
Faroe Islands Vagar Airport,바가르 공항,FAE,EKVG,유럽,Faroe Islands,페로제도,Faroeis,페로제도
Farrukhabad Airport,파루카바드 공항,n/a,VIFB,아시아태평양,India,인도,Farrukhabad,파루카바드
Fasa Airport,파사 공항,FAZ,OIZF,중동,Iran,이란,Fasa,파사
Faya-Largeau Airport,파야 라조 공항,FYT,FTTY,아프리카,Chad,차드,Faya Largeau,파야라조
Fayetteville Executive Airport,드레이크 필드 공항,FYV,KFYV,북아메리카,United States of America,미국,Fayetteville,페이엇빌
Fayetteville Northwest Arkansas National Airport,노스웨스트 아칸소 공항,XNA,KXNA,북아메리카,United States of America,미국,Highfill,하이필
Fayetteville Regional Airport,페이엇빌 리저널 공항,FAY,KFAY,북아메리카,United States of America,미국,Fayetteville,페이엇빌
Fayzabad Airport,파이자바드 공항,FBD,OAFZ,아시아태평양,Afghanistan,아프가니스탄,Fayzabad,파이자바드
Feira de Santana Joao Durval Carneiro Airport,페이라 데 산타나 공항,FEC,SNJD,라틴아메리카,Brazil,브라질,Feira de Santana,페이라데산타나
Felts Field,펠츠 필드,SFF,KSFF,북아메리카,United States of America,미국,Spokane,스포캔
Fengning Airport,펑닝 공항,n/a,n/a,아시아태평양,China,중국,Fengning,펑닝
Fera Island Airport,페라 공항,FRE,AGGF,아시아태평양,Solomon Islands,솔로몬 제도,Fera Island,페라 섬
Fergana Airport,페르가나 국제공항,FEG,UZFF,아시아태평양,Uzbekistan,우즈베키스탄,Fergana,페르가나
Fernando de Noronha Airport,페르난도 데 노로냐 공항,FEN,SBFN,라틴아메리카,Brazil,브라질,Fernando de Noronha,페르난두데노로냐
Fes Saiss Airport,페스 사이스 공항,FEZ,GMFF,아프리카,Morocco,모로코,Fez,페스
Fianarantsoa Airport,피아나란초아 공항,WFI,FMSF,아프리카,Madagascar,마다가스카르,Fianarantsoa,피아나란초아
Figari Sud Corse Airport,피가리 수드 코르세 공항,FSC,LFKF,유럽,France,프랑스,Figari,피가리
Fitiuta Airport,피티우타 공항,FTI,NSFQ,아시아태평양,American Samoa,아메리칸 사모아,Fitiuta,피티우타
Fitzroy Crossing Airport,피츠로이 크로싱 공항,FIZ,YFTZ,아시아태평양,Australia,오스트레일리아,Fitzroy Crossing,피츠로이크로싱
Flateyri Airport,홀트 공항,FLI,n/a,유럽,Iceland,아이슬란드,Flateyri,플라테이리
Flin Flon Airport,플린 플론 공항,YFO,CYFO,북아메리카,Canada,캐나다,Flin Flon,플린플론
Flinders Island Airport,플린더스 아일랜드 공항,FLS,YFLI,아시아태평양,Australia,오스트레일리아,Flinders Island,플린더스섬
Flint Bishop International Airport,비숍 국제공항,FNT,KFNT,북아메리카,United States of America,미국,Flint,플린트
Florence Peretola Airport,피렌체 공항 페레톨라,FLR,LIRQ,유럽,Italy,이탈리아,Florence,피렌체
Florence Regional Airport,피렌체 공항,FLO,KFLO,북아메리카,United States of America,미국,Florence,피렌체
Florencia Capitolio Airport,구스타보 아르툰두아가 파레데스 공항,FLA,SKFL,라틴아메리카,Colombia,콜롬비아,Florencia,플로렌시아
Flores Airport,플로레스 공항,FLW,LPFL,유럽,Portugal,포르투갈,Flores Island,플로레스섬
Flores Mundo Maya International Airport,문도 마야 국제공항,FRS,MGMM,라틴아메리카,Guatemala,과테말라,Flores,플로레스
Florianopolis Hercilio Luz Airport,에르실리오 루스 국제공항,FLN,SBFL,라틴아메리카,Brazil,브라질,Florianopolis,플로리아노폴리스
Florida Keys Marathon International Airport,플로리다 키스 마라톤 공항,MTH,KMTH,북아메리카,United States of America,미국,Marathon,마라톤
Floro Airport,플로로 공항,FRO,ENFL,유럽,Norway,노르웨이,Floro,플뢰뢰
Foggia Gino Lisa Airport,포지아 공항,FOG,LIBF,유럽,Italy,이탈리아,Foggia,포자
Fond du Lac Airport,퐁뒤락 공항,ZFD,CZFD,북아메리카,Canada,캐나다,Fond-du-Lac,퐁뒤락
Fonte Boa Airport,폰테 보아 공항,FBA,n/a,라틴아메리카,Brazil,브라질,Fonte Boa,폰테보아
Forde Airport,브린절랜드 공항,FDE,ENBL,유럽,Norway,노르웨이,Forde,푀르데
Forli Luigi Ridolfi Airport,포를리 국제공항,FRL,LIPK,유럽,Italy,이탈리아,Forli,포를리
Formosa El Pucu Airport,포르모사 국제공항,FMA,SARF,라틴아메리카,Argentina,아르헨티나,Formosa,포르모사
Fort Albany Airport,포트 알바니 공항,YFA,CYFA,북아메리카,Canada,캐나다,Fort Albany,포트올버니
Fort Chipewyan Airport,포트 치페위안 공항,YPY,CYPY,북아메리카,Canada,캐나다,Fort Chipewyan,포트치페위안
Fort Dauphin Marillac Airport,톨라나로 공항,FTU,FMSD,아프리카,Madagascar,마다가스카르,Tolanaro,톨라나로
Fort Dodge Regional Airport,포트닷지 공항,FOD,KFOD,북아메리카,United States of America,미국,Fort Dodge,포트닷지
Fort Frances Municipal Airport,포트 프란시스 공항,YAG,CYAG,북아메리카,Canada,캐나다,Fort Frances,포트프랜시스
Fort Good Hope Airport,포트 굿 호프 공항,YGH,CYGH,북아메리카,Canada,캐나다,Fort Good Hope,포트굿호프
Fort Hope Airport,포트 호프 공항,YFH,CYFH,북아메리카,Canada,캐나다,Fort Hope,포트호프
Fort Huachuca/Sierra Vista Airport,시에라 비스타 시립공항,FHU,KFHU,북아메리카,United States of America,미국,Fort Huachuca,포트후아추카
Fort Lauderdale Executive Airport,포트로더데일 이그제큐티브 공항,FXE,KFXE,북아메리카,United States of America,미국,Fort Lauderdale,포트로더데일
Fort Lauderdale-Hollywood International Airport,포트로더데일 할리우드 국제공항,FLL,KFLL,북아메리카,United States of America,미국,Fort Lauderdale,포트로더데일
Fort McMurray International Airport,포트 맥머리 국제공항,YMM,CYMM,북아메리카,Canada,캐나다,Fort McMurray,포트맥머리
Fort Mcpherson Airport,포트 맥퍼슨 공항,ZFM,n/a,북아메리카,Canada,캐나다,Fort McPherson,포트맥퍼슨
Fort Myers Page Field Airport,페이지 필드,FMY,KFMY,북아메리카,United States of America,미국,Fort Myers,포트마이어스
Fort Myers Southwest Florida International Airport,사우스웨스트 플로리다 국제공항,RSW,KRSW,북아메리카,United States of America,미국,South Fort Myers,포트마이어스
Fort Nelson Northern Rockies Regional Airport,노던 로키스 공항,YYE,CYYE,북아메리카,Canada,캐나다,Fort Nelson,포트넬슨
Fort Resolution,포트 레졸루션 공항,YFR,n/a,북아메리카,Canada,캐나다,Fort Resolution,포트레졸루션
Fort Severn Airport,포트 세번 공항,YER,CYER,북아메리카,Canada,캐나다,Fort Severn,포트세번
Fort Simpson Airport,포트 심슨 공항,YFS,CYFS,북아메리카,Canada,캐나다,Fort Simpson,포트심슨
Fort Smith Airport,포트 스미스 공항,YSM,CYSM,북아메리카,Canada,캐나다,Fort Smith,포트스미스
Fort Smith Regional Airport,포트 스미스 공항,FSM,KFSM,북아메리카,United States of America,미국,Fort Smith,포트스미스
Fort St John North Peace Regional Airport,포트세인트존 공항,YXJ,CYXJ,북아메리카,Canada,캐나다,Fort St. John,포트세인트존
Fort Wayne International Airport,포트 웨인 국제공항,FWA,KFWA,북아메리카,United States of America,미국,Fort Wayne,포트웨인
Fort Wayne Smith Field Airport,스미스 필드,SMD,KSMD,북아메리카,United States of America,미국,Fort Wayne,포트웨인
Fort Yukon Airport,포트 유콘 공항,FYU,PFYU,북아메리카,United States of America,미국,Fort Yukon,포트유콘
Fortaleza Pinto Martins Airport,핀토 마틴스 포르탈레자 국제공항,FOR,SBFZ,라틴아메리카,Brazil,브라질,Fortaleza,포르탈레자
Fort-de-France Martinique Aime Cesaire International Airport,마르티니크 에메 세자르 국제공항,FDF,TFFF,카리브해,Martinique,마르티니크,Fort de France,포르드프랑스
Fortescue Dave Forrest Airport,포테스큐 데이브 포레스트 공항,KFE,YFDF,아시아태평양,Australia,오스트레일리아,Cloudbreak,클라우드브레이크
Fortuna Airport,라 포르투나 아레날 공항,FON,MRAN,라틴아메리카,Costa Rica,코스타리카,Fortuna,포르투나
Foshan Shadi Airport,포산 샤디 공항,FUO,ZGFS,아시아태평양,China,중국,Foshan,포산
Foula Airport,풀라 비행장,FOA,n/a,유럽,United Kingdom,영국,Foula,풀라
Fox Harbour Airport,세인트 루이스 공항,YFX,n/a,북아메리카,Canada,캐나다,St. Lewis,세인트루이스
Foya Airport,포야 공항,FOY,n/a,아프리카,Liberia,라이베리아,Foya,포야
Foz do Iguacu International Airport,포스두이구아수 국제공항,IGU,SBFI,라틴아메리카,Brazil,브라질,Foz do Iguacu,포스두이구아수
Franca Airport,프랑카 공항,FRC,SIMK,라틴아메리카,Brazil,브라질,Franca,프랑카
Franceville/Mvengue Airport,프랑스빌 므벤그 공항,MVB,FOON,아프리카,Gabon,가봉,Franceville,프랑스빌
Francisco Beltrao Paulo Abdala Airport,프란시스코 벨트랑 공항,FBE,n/a,라틴아메리카,Brazil,브라질,Francisco Beltrao,프란시스쿠벨트랑
Francisco de Orellana Airport,프란시스코 데 오렐라나 공항,OCC,SECO,라틴아메리카,Ecuador,에콰도르,Coca,코카
Francistown Airport,프랜시스타운 공항,FRW,FBFT,아프리카,Botswana,보츠와나,Francistown,프랜시스타운
Frankfurt Airport,프랑크푸르트 공항,FRA,EDDF,유럽,Germany,독일,Frankfurt,프랑크푸르트
Frankfurt Hahn Airport,프랑크푸르트 한 공항,HHN,EDFH,유럽,Germany,독일,Lautzenhausen,라우첸하우젠
Franklin Venango Regional Airport,베넹고 지역 공항,FKL,KFKL,북아메리카,United States of America,미국,Franklin,프랭클린
Frederick Douglass Greater Rochester International Airport,그레이터 로체스터 국제공항,ROC,KROC,북아메리카,United States of America,미국,Rochester,로체스터
Fredericton International Airport,프레더릭턴 국제공항,YFC,CYFC,북아메리카,Canada,캐나다,Fredericton,프레더릭턴
Freeport Grand Bahama International Airport,그랜드 바하마 국제공항,FPO,MYGF,카리브해,Bahamas,바하마,Freeport,프리포트
Freetown Lungi International Airport,룽기 국제공항,FNA,GFLL,아프리카,Sierra Leone,시에라리온,Freetown,프리타운
Fresno Yosemite International Airport,프레즈노 요세미티 국제공항,FAT,KFAT,북아메리카,United States of America,미국,Fresno,프레즈노
Friday Harbor Airport,프라이데이 하버 공항,FRD,KFHR,북아메리카,United States of America,미국,Friday Harbor,프라이데이하버
Friday Harbor SPB Airport,프라이데이 하버 수상비행기 기지,FBS,n/a,북아메리카,United States of America,미국,Friday Harbor,프라이데이하버
Friedrichshafen Airport,프리드리히스하펜 공항,FDH,EDNY,유럽,Germany,독일,Friedrichshafen,프리드리히스하펜
Fuerte Olimpo Airport,푸에르테 올림포 공항,OLK,n/a,라틴아메리카,Paraguay,파라과이,Fuerte Olimpo,푸에르테올림포
Fuerteventura Airport,푸에르테벤투라 공항,FUE,GCFV,유럽,Spain,스페인,Fuerteventura,푸에르테벤투라
Fujairah International Airport,푸자이라 국제공항,FJR,OMFJ,중동,United Arab Emirates,아랍에미레이트,Fujairah,푸자이라
Fukue Airport,후쿠에 공항,FUJ,RJFE,아시아태평양,Japan,일본,Fukue,후쿠에
Fukuoka Airport,후쿠오카 공항,FUK,RJFF,아시아태평양,Japan,일본,Fukuoka,후쿠오카
Fukushima Airport,후쿠시마 공항,FKS,RJSF,아시아태평양,Japan,일본,Fukushima,후쿠시마
Funadhoo Airport,푸나드후 공항,FND,VRCF,아시아태평양,Maldives,몰디브,Funadhoo,푸나두
Funafuti International Airport,푸나푸티 국제공항,FUN,NGFU,아시아태평양,Tuvalu,투발루,Funafuti,푸나푸티
Futuna Airport,푸투나 공항,FTA,NVVF,아시아태평양,Vanuatu,바누아투,Futuna Island,푸투나섬
Futuna Island Pointe Vele Airport,포인트 벨레 공항,FUT,NLWF,아시아태평양,Wallis and Futuna Islands,월리스푸투나,Futuna Island,푸투나섬
Fuvahmulak Airport,푸바물라 공항,FVM,VRMR,아시아태평양,Maldives,몰디브,Fuvahmulah,푸바물라
Fuyang Xiguan Airport,푸양 시관 공항,FUG,ZSFY,아시아태평양,China,중국,Fuyang,푸양
Fuyuan Dongji Airport,푸위안 둥지 공항,FYJ,ZYFY,아시아태평양,China,중국,Fuyuan,푸위안
Fuyun Koktokay Airport,푸윈 콕토케이 공항,FYN,ZWFY,아시아태평양,China,중국,Fuyun,푸윈
Fuzhou Changle International Airport,푸저우 창러 국제공항,FOC,ZSFZ,아시아태평양,China,중국,Fuzhou,푸저우
Fuzuli International Airport,푸쭈리 국제공항,FZL,UBBF,유럽,Azerbaijan,아제르바이잔,Fuzuli,푸줄리
Gabala International Airport,카발라 국제공항,GBB,UBBQ,유럽,Azerbaijan,아제르바이잔,Qabala,가발라
Gabes Matmata Airport,가베스 마트마타 국제공항,GAE,DTTG,아프리카,Tunisia,튀니지,Gabes,가베스
Gaborone Sir Seretse Khama International Airport,세레체 카마 경 국제공항,GBE,FBSK,아프리카,Botswana,보츠와나,Gaborone,가보로네
Gachsaran Airport,가흐사란 공항,GCH,OIAH,중동,Iran,이란,Gachsaran,가흐사란
Gafsa Ksar Airport,가프사 크사르 국제공항,GAF,DTTF,아프리카,Tunisia,튀니지,Gafsa,가프사
Gainesville Regional Airport,게인즈빌 공항,GNV,KGNV,북아메리카,United States of America,미국,Gainesville,게인즈빌
Galapagos Islands Seymour Airport,시모어 공항,GPS,SEGS,라틴아메리카,Ecuador,에콰도르,Baltra Island,발트라섬
Galcaio Airport,압둘라히 유수프 국제공항,GLK,HCMR,아프리카,Somalia,소말리아,Galkayo,갈카요
Galela Airport,가마르 말라모 공항,GLX,WAMA,아시아태평양,Indonesia,인도네시아,Galela,갈렐라
Galena Airport,에드워드 G. 피트카 시니어 공항,GAL,PAGA,북아메리카,United States of America,미국,Galena,갈레나
Gallivare Airport,옐리바레 공항,GEV,ESNG,유럽,Sweden,스웨덴,GAllivare,옐리바레
Galway Airport,골웨이 공항,GWY,EICM,유럽,Ireland,아일랜드,Galway,골웨이
Gamba Yenzi Airport,감바 공항,GAX,n/a,아프리카,Gabon,가봉,Gamba,감바
Gambela Airport,감벨라 공항,GMB,HAGM,아프리카,Ethiopia,이디오피아,Gambela,감벨라
Gambell Airport,갬벨 공항,GAM,PAGM,북아메리카,United States of America,미국,Gambell,갬벨
Gambier Island Airport,톳트제리 공항,GMR,NTGJ,아시아태평양,French Polynesia,프랑스령 폴리네시아,Totegegie,토테게지에
Gan International Airport,간 국제공항,GAN,VRMG,아시아태평양,Maldives,몰디브,Gan,간
Gander International Airport,갠더 국제공항,YQX,CYQX,북아메리카,Canada,캐나다,Gander,갠더
Ganges Harbor Airport,갠지스 수상 비행장,YGG,n/a,북아메리카,Canada,캐나다,Ganges,갠지스
Ganja Airport,간자 국제공항,GNJ,UBBG,유럽,Azerbaijan,아제르바이잔,Ganja,간자
Gannan Xiahe Airport,간난 샤허 공항,GXH,ZLXH,아시아태평양,China,중국,Xiahe,샤허
Ganzhou Huangjin Airport,간저우 황진 공항,KOW,ZSGZ,아시아태평양,China,중국,Ganzhou,간저우
Ganzhou Ruijin Airport,간저우 루이진 공항,JRJ,n/a,아시아태평양,China,중국,Ruijin,루이진
Ganzi Gesar Airport,가르제 게사르 공항,GZG,n/a,아시아태평양,China,중국,Garze,가르제
Gao International Airport,가오 국제공항,GAQ,GAGO,아프리카,Mali,말리,Gao,가오
Garden City Regional Airport,가든 시티 공항,GCK,KGCK,북아메리카,United States of America,미국,Pirlangimpi,피를랑김피
Garden Point Airport,가든 포인트 공항,GPN,YGPT,아시아태평양,Australia,오스트레일리아,GardenPnt,가든포인트
Garissa Airport,가리사 공항,GAS,HKGA,아프리카,Kenya,케냐,Garissa,가리사
Garoua International Airport,가루아 국제공항,GOU,FKKR,아프리카,Cameroon,카메룬,Garoua,가루아
Garowe International Airport,가로웨 국제공항,GGR,HCMW,아프리카,Somalia,소말리아,Garowe,가로웨
Gary/Chicago International Airport,게리/시카고 국제공항,GYY,KGYY,북아메리카,United States of America,미국,Gary,게리
Gaspe Metropolitan Area Airport,미셸 풀리오 가스페 공항,YGP,CYGP,북아메리카,Canada,캐나다,Gaspe,가스페
Gateway International Agro-Cargo Airport,게이트웨이 국제 농업화물공항,GWI,n/a,아프리카,Nigeria,나이지리아,Iperu,이페루
Gatineau-Ottawa Executive Airport,가티노 오타와 이그제큐티브 공항,YND,n/a,북아메리카,Canada,캐나다,Gatineau,가티노
Gatokae Airport,가토카에 비행장,GTA,n/a,아시아태평양,Solomon Islands,솔로몬 제도,Gatokae,가토카에
Gaua Airport,가우아 공항,ZGU,NVSQ,아시아태평양,Vanuatu,바누아투,Gaua,가우아
Gaya Airport,가야 공항,GAY,VEGY,아시아태평양,India,인도,Gaya,가야
Gaziantep Oguzeli Airport,가지안테프 오우젤리 국제공항,GZT,LTAJ,중동,Turkiye,터키,Gaziantep,가지안테프
Gazipasa Airport,가지파샤 알란야 공항,GZP,LTFG,중동,Turkiye,터키,Gazipasa,가지파샤
Gdansk Lech Walesa Airport,그단스크 레흐 바웬사 공항,GDN,EPGD,유럽,Poland,폴란드,Gdansk,그단스크
Gdynia-Kosakowo Airport,그디니아 코사코보 공항,n/a,EPOK,유럽,Poland,폴란드,Gdynia Kosakowo,코사코보
Geita Airport,게이타 공항,GIT,HTGE,아프리카,Tanzania,탄자니아,Geita,게이타
Gelendzhik Airport,겔렌지크 공항,GDZ,URKG,유럽,Russian Federation,러시아,Gelendzhik,겔렌지크
Gelephu Airport,겔레푸 공항,GLU,VQGP,아시아태평양,Bhutan,부탄,Gelephu,겔레푸
Gemena Airport,게메나 공항,GMA,FZFK,아프리카,Democratic Republic of the Congo,콩고 민주공화국,Gemena,게메나
Geneina Airport,제네나 공항,EGN,HSGN,아프리카,Sudan,수단,Geneina,제네이나
General Pico Airport,제너럴 피코 공항,GPO,SAZG,라틴아메리카,Argentina,아르헨티나,General Pico,제너럴피코
General Santos International Airport,제너럴 산토스 국제공항,GES,RPMR,아시아태평양,Philippines,필리핀,General Santos,제너럴산토스
Geneva Airport,제네바 공항,GVA,LSGG,유럽,Switzerland,스위스,Geneva,제네바
Genoa Cristoforo Colombo Airport,제노아 크리스토포로 콜롬보 공항,GOA,LIMJ,유럽,Italy,이탈리아,Genoa,제노바
George Airport,조지 공항,GRJ,FAGG,아프리카,South Africa,남아프리카,George,조지
George Town Exuma International Airport,엑수마 국제공항,GGT,MYEF,카리브해,Bahamas,바하마,GeorgeTown,조지타운
Georgetown Cheddi Jagan International Airport,체디 자간 국제공항,GEO,SYCJ,라틴아메리카,Guyana,가이아나,Georgetown,조지타운
Georgetown Ogle Airport,오글 공항,OGL,SYGO,라틴아메리카,Guyana,가이아나,Georgetown,조지타운
Geraldton(Australia) Airport,제럴턴(호주) 공항,GET,YGEL,아시아태평양,Australia,오스트레일리아,Geraldton,제럴턴
Geraldton(Canada) Airport ,제럴턴(캐나다) 공항,YGQ,CYGQ,북아메리카,Canada,캐나다,Geraldton,제럴턴
Gethsemani Airport,라로메인 공항,ZGS,n/a,북아메리카,Canada,캐나다,La Romaine,라로맹
Ghadames Airport,가다메스 공항,LTD,n/a,아프리카,Libya,리비아,Ghadames,가다메스
Ghardaia Noumerate Airport,누메라트 무프디 자카리아 공항,GHA,DAUG,아프리카,Algeria,알제리,Ghardaia,가르다이아
Ghat Airport,가트 공항,GHT,HLGT,아프리카,Libya,리비아,Ghat,가트
Ghazni Airport,가즈니 공항,GZI,OAGN,아시아태평양,Afghanistan,아프가니스탄,Ghazni,가즈니
Gheshm Airport (Qeshm Airport),케심(Qeshm) 국제공항,GSM,OIKQ,중동,Iran,이란,Qeshm,케심
Gibraltar International Airport,지브롤터 국제공항,GIB,LXGB,유럽,Gibraltar,지브롤터,Gibraltar,지브롤터
Gilgit Airport,길기트 공항,GIL,OPGT,아시아태평양,Pakistan,파키스탄,Gilgit,길기트
Gillam Airport,길람 공항,YGX,CYGX,북아메리카,Canada,캐나다,Gillam,길람
Gillies Bay Airport,텍사다/길리스베이 공항,YGB,n/a,북아메리카,Canada,캐나다,Gillies Bay,길리스베이
Ginbata Airport,긴바타 공항,GBW,YGIA,아시아태평양,Australia,오스트레일리아,Ginbata,긴바타
Girona Costa Brava Airport,지로나 코스타 브라바 공항,GRO,LEGE,유럽,Spain,스페인,Girona,지로나
Gisborne Airport,기즈번 공항,GIS,NZGS,아시아태평양,New Zealand,뉴질랜드,Gisborne,기즈번
Gisenyi Airport,기세니 공항,GYI,HRYG,아프리카,Rwanda,르완다,Rubavu,루바부
Gizo Nusatupe Airport,누사투페 공항,GZO,AGGN,아시아태평양,Solomon Islands,솔로몬 제도,Gizo,기조
Gjoa Haven Airport,조아 헤이븐 공항,YHK,CYHK,북아메리카,Canada,캐나다,Gjoa Haven,조아헤이븐
Gjogur Airport,요구르 공항,GJR,BIGJ,유럽,Iceland,아이슬란드,Gjogur,됴구르
Gladstone Airport,글래드스톤 공항,GLT,YGLA,아시아태평양,Australia,오스트레일리아,Gladstone,글래드스톤
Glasgow Airport,글래스고 공항,GLA,EGPF,유럽,United Kingdom,영국,Glasgow,글래스고
Glasgow Prestwick Airport,글래스고 프레스트윅 공항,PIK,EGPK,유럽,United Kingdom,영국,Glasgow,글래스고
Glasgow Valley County Airport,글래스고 공항,GGW,KGGW,북아메리카,United States of America,미국,Glasgow,글래스고
Gloucester/Cheltenham Gloucestershire Airport,글로스터셔 공항,GLO,EGBJ,유럽,United Kingdom,영국,Gloucester,글로스터
Goa Dabolim International Airport,다보림 공항,GOI,VAGO,아시아태평양,India,인도,Goa,고아
Goa Manohar International Airport,마노하르 국제공항,GOX,VOGA,아시아태평양,India,인도,Mopa,모파
Goba Robe Airport,로브 공항,GOB,HAGB,아프리카,Ethiopia,이디오피아,Goba,고바
Gode Ugaas Miraad Airport,고데 공항,GDE,HAGO,아프리카,Ethiopia,이디오피아,Gode,고데
Gods Lake Narrows Airport,갓즈 레이크 내로우스 공항,YGO,CYGO,북아메리카,Canada,캐나다,Gods Lake Narrows,갓즈레이크내로우스
Gods River Airport,갓 리버 공항,ZGI,CZGI,북아메리카,Canada,캐나다,Gods River,갓리버
Gogebic Iron County Airport,고게빅 아이언 카운티 공항,IWD,KIWD,북아메리카,United States of America,미국,Ironwood,아이언우드
Goiania International Airport Iris Rezende Machado,산타 제노베바 공항,GYN,SBGO,라틴아메리카,Brazil,브라질,Goiania,고이아니아
Gold Coast Airport,골드코스트 공항,OOL,YBCG,아시아태평양,Australia,오스트레일리아,Gold Coast,골드코스트
Golden Triangle Regional Airport,골든 트라이앵글 공항,GTR,KGTR,북아메리카,United States of America,미국,Columbus,콜럼버스
Golfito Airport,골피토 공항,GLF,MRGF,라틴아메리카,Costa Rica,코스타리카,Golfito,골피토
Golmud Airport,골무드 공항,GOQ,ZLGM,아시아태평양,China,중국,Golmud,골무드
Golog Maqin Airport,골로그 마친 공항,GMQ,ZLGL,아시아태평양,China,중국,Golog,골로그
Golovin Airport,골로빈 공항,GLV,PAGL,북아메리카,United States of America,미국,Golovin,골로빈
Goma Airport,고마 국제공항,GOM,FZNA,아프리카,Democratic Republic of the Congo,콩고 민주공화국,Goma,고마
Gombe Lawanti International Airport,곰베 라완티 국제공항,GMO,DNGO,아프리카,Nigeria,나이지리아,Gombe,곰베
Gomel Airport,고멜 공항,GME,UMGG,유럽,Belarus,벨라루시,Gomel,고멜
Gondar Airport,곤다르 공항,GDQ,HAGN,아프리카,Ethiopia,이디오피아,Gondar,곤다르
Gondia Airport,곤디아 공항,GDB,VAGD,아시아태평양,India,인도,Gondia,곤디아
Goodnews Bay Airport,굿뉴스 공항,GNU,n/a,북아메리카,United States of America,미국,Goodnews Bay,굿뉴스베이
Goose Bay Airport,구스베이 공항,YYR,CYYR,북아메리카,Canada,캐나다,Goose Bay,구스베이
Gorakhpur Airport,고락푸르 공항,GOP,VEGK,아시아태평양,India,인도,Gorakhpur,고락푸르
Gordon Municipal Airport,고든 공항,GRN,n/a,북아메리카,United States of America,미국,Gordon,고든
Gorgan Airport,고간 공항,GBT,OING,중동,Iran,이란,Gorgan,고간
Gorge Harbor Airport,고지하버 공항,YGE,n/a,북아메리카,Canada,캐나다,Gorge Harbour,고지하버
Gorna Oryahovitsa Airport,고르나 오리야호비차 공항,GOZ,LBGO,유럽,Bulgaria,불가리아,Gorna Oryahovitsa,고르나오리야호비차
Gorno-Altaysk Airport,고르노 알타이스크 공항,RGK,UNBG,유럽,Russian Federation,러시아,Gorno-Altaysk,고르노알타이스크
Goroka Airport,고로카 공항,GKA,AYGA,아시아태평양,Papua New Guinea,파푸아뉴기니,Goroka,고로카
Gorontalo Jalaluddin Airport,잘랄루딘 공항,GTO,WAMG,아시아태평양,Indonesia,인도네시아,Gorontalo,고론탈로
Gostomel Antonov Airport,고스토멜 안토노프 공항,GML,UKKM,유럽,Ukraine,우크라이나,Kyiv,키예프
Gothenburg Landvetter Airport,예테보리 란드베테르 공항,GOT,ESGG,유럽,Sweden,스웨덴,Gothenburg,예테보리
Gothenburg Save Airport,세베 공항,GSE,ESGP,유럽,Sweden,스웨덴,Gothenburg,예테보리
Gothenburg Stallbacka Airport,트롤헤탄 베너스보르 공항,THN,ESGT,유럽,Sweden,스웨덴,Trollhattan-Vanersborg,트롤헤탄
Goulburn Island Airport,사우스 골번 아일랜드 공항,GBL,YGBI,아시아태평양,Australia,오스트레일리아,Goulburn Islands,골번제도
Gove Nhulunbuy Airport,고브 공항,GOV,YPGV,아시아태평양,Australia,오스트레일리아,Gove,고브
Governador Valadares Airport,코로넬 알티노 마차도 데 올리베이라 에어포트,GVR,SBGV,라틴아메리카,Brazil,브라질,Governador Valadares,고베르나도르발라다리스
Governor's Harbour Airport,거버너스하버 공항,GHB,MYEM,카리브해,Bahamas,바하마,Governor's Harbour,거버너스하버
Goya Airport,고야공항,OYA,SATG,라틴아메리카,Argentina,아르헨티나,Goya,고야
Gracias Lempira Celaque Airport,그라시아스 공항,GAC,MGHS,라틴아메리카,Honduras,온두라스,Gracias,그라시아스
Graciosa (Azores) Airport,그라시오사(Azores) 공항,GRW,LPGR,유럽,Portugal,포르투갈,Graciosa,그라시오사
Grafton Airport,클래런스 밸리 공항,GFN,YGFN,아시아태평양,Australia,오스트레일리아,Grafton,그래프턴
Gran Canaria Las Palmas Airport,그란 카나리아 공항,LPA,GCLP,유럽,Spain,스페인,LasPalmas,라스팔마스
Granada Federico Garcia Lorca Airport,페데리코 가르시아 로르카 공항,GRX,LEGR,유럽,Spain,스페인,Granada,그라나다
Grand Canyon Bar Ten Ranch Airport,그랜드 캐니언 바 10 공항,GCT,n/a,북아메리카,United States of America,미국,Whitmore,윗모어
Grand Canyon National Park Airport,그랜드캐니언 국립공원 공항,GCN,KGCN,북아메리카,United States of America,미국,Grand Canyon,그랜드캐니언
Grand Canyon Pulliam Airport,플래그스태프 풀리엄 공항,FLG,KFLG,북아메리카,United States of America,미국,Flagstaff,플래그스태프
Grand Canyon West Airport,그랜드캐니언 웨스트 공항,GCW,n/a,북아메리카,United States of America,미국,Peach Springs,피치스프링스
Grand Cayman Island Owen Roberts International Airport,오웬 로버츠 국제공항,GCM,MWCR,카리브해,Cayman Islands,케이멘제도,Grand Cayman,그랜드케이맨
Grand Forks International Airport,그랜드 폭스 국제공항,GFK,KGFK,북아메리카,United States of America,미국,Grand Forks,그랜드폭스
Grand Junction Regional Airport,워커 필드 공항,GJT,KGJT,북아메리카,United States of America,미국,Grand Junction,그랜드정션
Grand Rapids Gerald R Ford International Airport,제럴드 R. 포드 국제공항,GRR,KGRR,북아메리카,United States of America,미국,Grand Rapids,그랜드래피즈
Grande Prairie Airport,그랜드 프레리 공항,YQU,CYQU,북아메리카,Canada,캐나다,Grande Prairie,그랜드프레리
Grants Pass Airport,그랜트 패스 공항,GTP,n/a,북아메리카,United States of America,미국,Grants Pass,그랜츠패스
Grayling Airport,그레이링 공항,KGX,PAGX,북아메리카,United States of America,미국,Grayling,그레이링
Graz Airport,그라츠 공항,GRZ,LOWG,유럽,Austria,오스트리아,Graz,그라츠
Great Bend Municipal Airport,그레이트 벤드 공항,GBD,KGBD,북아메리카,United States of America,미국,Great Bend,그레이트벤드
Great Falls International Airport,그레이트 폴스 국제공항,GTF,KGTF,북아메리카,United States of America,미국,Great Falls,그레이트폴스
Great Harbour Cay Airport,그레이트 하버 케이 공항,GHC,MYBG,카리브해,Bahamas,바하마,Great Harbour Cay,그레이트하버케이
Greater Binghamton Airport,그레이터 빙엄턴 공항,BGM,KBGM,북아메리카,United States of America,미국,Binghamton,빙엄턴
Greater Moncton Romeo LeBlanc International Airport,그레이터 멍크턴 국제공항,YQM,CYQM,북아메리카,Canada,캐나다,Moncton,몽턴
Greater Sudbury Airport,서드베리 공항,YSB,CYSB,북아메리카,Canada,캐나다,Sudbury,서드베리
Green Bay Austin Straubel International Airport,오스틴 스트라우벨 국제공항,GRB,KGRB,북아메리카,United States of America,미국,Green Bay,그린베이
Greensburg Municipal Airport,그린즈버그 시립공항,n/a,KGEZ,북아메리카,United States,미국,Greensburg,그린즈버그
Greenville Mid Delta Regional Airport,미드델타 공항,GLH,KGLH,북아메리카,United States of America,미국,Greenville,그린빌
Greenville-Spartanburg International Airport,그린빌 스파르탄버그 국제공항,GSP,KGSP,북아메리카,United States of America,미국,Greenville,그린빌
Greenway Sound Airport,그린웨이 사운드 수상비행장,YGN,n/a,북아메리카,Canada,캐나다,Greenway Sound,그린웨이사운드
Greenwood County Airport,그린우드 카운티 공항,GRD,KGRD,북아메리카,United States of America,미국,Greenwood,그린우드
Greenwood-Leflore Airport,그린우드 르플로르 공항,GWO,KGWO,북아메리카,United States of America,미국,Greenwood,그린우드
Gregory's Lake Airport,그레고리 호수 수상비행기 기지,NUA,n/a,아시아태평양,Sri Lanka,스리랑카,Nuwara Eliya,누와라엘리야
Grenada Maurice Bishop International Airport,모리스 비숍 국제공항,GND,TGPY,카리브해,Grenada,그라나다,Grenada,그레나다
Grenoble Alpes Isere Airport,그르노블 이세르 공항,GNB,LFLS,유럽,France,프랑스,Grenoble,그르노블
Griffiss International Airport,그리피스 국제공항,RME,KRME,북아메리카,United States of America,미국,Rome,로마
Griffith Airport,그리피스 공항,GFF,YGTH,아시아태평양,Australia,오스트레일리아,Griffith,그리피스
Grimsey Airport,그림지 공항,GRY,BIGR,유럽,Iceland,아이슬란드,GrImsey,그림세이
Grise Fiord Airport,그리즈 피오르드 공항,YGZ,CYGZ,북아메리카,Canada,캐나다,Grise Fiord,그리즈피오르
Grodno Airport,그로드노 공항,GNA,UMMG,유럽,Belarus,벨라루시,Grodno,그로드노
Groningen Eelde Airport,흐로닝언 공항Eelde,GRQ,EHGG,유럽,Netherlands,네덜란드,Groningen,흐로닝언
Groote Eylandt Airport,알리앵굴라 공항,GTE,YGTE,아시아태평양,Australia,오스트레일리아,Groote Eylandt,그루트에일란트
Grosseto Airport,그로세토 공항,GRS,LIRS,유럽,Italy,이탈리아,Grosseto,그로세토
Grozny Airport,그로즈니 공항,GRV,URMG,유럽,Russian Federation,러시아,Grozny,그로즈니
GRU Airport Sao Paulo Guarulhos International Airport,과룰류스 고베르나도르 안드레 프랑코 몬투로 국제공항,GRU,SBGR,라틴아메리카,Brazil,브라질,Sao Paulo,상파울루
Grumeti Airport,키라위라 B 활주로,GTZ,n/a,아프리카,Tanzania,탄자니아,Grumeti,그루메티
Gruyere Airport,그뤼에르 공항,GYZ,YGRM,아시아태평양,Australia,오스트레일리아,Gruyere,그뤼에르
Guadalajara Miguel Hidal Airport,과달라하라 국제공항,GDL,MMGL,라틴아메리카,Mexico,멕시코,Guadalajara,과달라하라
Guadeloupe Maryse Conde International Airport,푸앵타피트르 국제공항,PTP,TFFR,카리브해,Guadeloupe,과달루페,Pointe-a-Pitre,푸앵타피트르
Guam Antonio B Won Pat International Airport,안토니오 B. 원 팻 국제공항,GUM,PGUM,아시아태평양,Guam,괌,Guam,괌
Guanacaste Airport,다니엘 오두베르 퀴로스 국제공항,LIR,MRLB,라틴아메리카,Costa Rica,코스타리카,Liberia,리베리아
Guanaja Airport,과나하 공항,GJA,MHNJ,라틴아메리카,Honduras,온두라스,Guanaja,과나하
Guanajuato Del Bajio Airport,델 바히오 국제공항,BJX,MMLO,라틴아메리카,Mexico,멕시코,Leon,레온
Guanambi Airport,구아남비 공항,GNM,SNGI,라틴아메리카,Brazil,브라질,Guanambi,구아남비
Guangyuan Panlong Airport,광위안 판룽 공항,GYS,ZUGU,아시아태평양,China,중국,Guangyuan,광위안
Guangzhou Baiyun International Airport,광저우 바이윈 국제공항,CAN,ZGGG,아시아태평양,China,중국,Guangzhou,광저우
Guantanamo Los Canos Airport,마리아나 그라할레스 공항,GAO,n/a,카리브해,Cuba,쿠바,Guantanamo,관타나모
Guapi Airport,구아피 공항,GPI,SKGP,라틴아메리카,Colombia,콜롬비아,Guapi,구아피
Guarapari Airport,과라파리 공항,GUZ,SNGA,라틴아메리카,Brazil,브라질,Guarapar,과라파리
Guarapuava  Airport,과라푸아바 공항,GPB,SGBU,라틴아메리카,Brazil,브라질,Guarapuava,과라푸아바
Guardiamarina Zanartu,과르디아마리나자나르투 공항,WPU,SCGZ,라틴아메리카,Chile,칠레,Puerto Williams,푸에르토윌리엄스
Guasdualito Airport,과스두알리토 공항,GDO,SVGD,라틴아메리카,Venezuela,베네수엘라,Guasdualito,과스두알리토
Guatemala City La Aurora International Airport,라 아우로라 국제공항,GUA,MGGT,라틴아메리카,Guatemala,과테말라,Guatemala City,과테말라시티
Guayaquil Jose Joaquin de Olmedo Airport,호세 호아킨 데 올메도 국제공항,GYE,SEGU,라틴아메리카,Ecuador,에콰도르,Guayaquil,과야킬
Guayaramerin Airport,과야라메린 공항,GYA,SLGM,라틴아메리카,Bolivia,볼리비아,GuayaramerIn,과야라메린
Guaymas General Jose Maria Yanez Airport,제너럴 호세 마리아 야녜스 국제공항,GYM,MMGM,라틴아메리카,Mexico,멕시코,Guaymas,과이마스
Guelmim Airport,겔밈 공항,GLN,GMAG,아프리카,Morocco,모로코,Guelmim,겔밈
Guernsey Airport,건지 공항,GCI,EGJB,유럽,Guernsey,건지,The Forest,건지
Guerrero Negro Airport,게레로 네그로 공항,GUB,MMGR,라틴아메리카,Mexico,멕시코,Guerrero Negro,게레로네그로
Guilin Liangjiang International Airport,구이린 량장 국제공항,KWL,ZGKL,아시아태평양,China,중국,Guilin,구이린
Guiyang Longdongbao International Airport,구이양 룽둥바오 국제공항,KWE,ZUGY,아시아태평양,China,중국,Guiyang,구이양
Gulbarga Kalaburagi Airport,칼라부라기 공항,GBI,VOGB,아시아태평양,India,인도,Kalaburagi,칼라부라기
Gulf Shores International Airport,잭 에드워즈 공항,GUF,KJKA,북아메리카,United States of America,미국,Gulf Shores,걸프쇼어스
Gulfport-Biloxi International Airport,걸프포트 빌럭시 국제공항,GPT,KGPT,북아메리카,United States of America,미국,Gulfport,걸프포트
Gulmi Resunga Airport,굴미 레숭가 공항,RNG,VNRG,아시아태평양,Nepal,네팔,Gulmi,굴미
Gulu Airport,구루 공항,ULU,HUGU,아프리카,Uganda,우간다,Gulu,구루
Gunnison Crested Butte Regional Airport,거니슨 크레스티드 뷰트 공항,GUC,KGUC,북아메리카,United States of America,미국,Gunnison,거니슨
Gunsan Airport,군산 공항,KUV,RKJK,아시아태평양,South Korea,대한민국,Gunsan,군산
Gunungsitoli Binaka Airport,비나카 공항,GNS,WIMB,아시아태평양,Indonesia,인도네시아,Gunungsitoli,구눙시톨리
Gurayat Airport,구라얏 국내선 공항,URY,OEGT,중동,Saudi Arabia,사우디아라비아,Gurayat,구라얏
Guriel Airport,구리엘 공항,GUO,HCGU,아프리카,Somalia,소말리아,Guriel,구리엘
Gusau Airstrip,구사우 비행장,QUS,DNGU,아프리카,Nigeria,나이지리아,Gusau,구사우
Gustavo Rizo Airport,구스타보 리조 공항,BCA,MUBA,카리브해,Cuba,쿠바,Baracoa,바라코아
Gustavus Airport,구스타프 공항,GST,PAGS,북아메리카,United States of America,미국,Gustavus,구스타프
Guwahati Lokpriya Gopinath Bordoloi Airport,록프리야 고피나트 보르돌로이 국제공항,GAU,VEGT,아시아태평양,India,인도,Guwahati,구와하티
Guyuan Liupanshan Airport,구위안 류판산 공항,GYU,ZLGY,아시아태평양,China,중국,Guyuan,구위안
Gwadar Airport,과다르 공항,n/a,n/a,아시아태평양,Pakistan,파키스탄,Gwadar,과다르
Gwalior Airport,괄리오르 공항,GWL,VIGR,아시아태평양,India,인도,Gwalior,괄리오르
Gwangju Airport,광주공항,KWJ,RKJJ,아시아태평양,South Korea,대한민국,Gwangju,광주
Gwinnett County Airport,귀넷 카운티 공항,LZU,KLZU,북아메리카,United States of America,미국,Lawrenceville,로렌스빌
Gyumri Shirak International Airport,시락 공항,LWN,UDSG,유럽,Armenia,아르메니아,Gyumri,규므리
Gy흷r-Per Airport,죄르페르 공항,QGY,LHPR,유럽,Hungary,헝가리,Gyor,죄르
Ha'apai Airport,리푸카 아일랜드 공항,HPA,NFTL,아시아태평양,Tonga,통가,Ha'Apai,하아파이
Hachijo Jima Airport,하치조지마 공항,HAC,RJTH,아시아태평양,Japan,일본,Hachijo jima,하치조지마
Hagerstown Regional Airport,헤이거즈타운 지역공항,HGR,KHGR,북아메리카,United States of America,미국,Hagerstown,헤이거즈타운
Hagfors Airport,하그포르스 공항,HFS,ESOH,유럽,Sweden,스웨덴,Hagfors,하그포르스
Hai Phong Cat Bi Airport,깟비 국제공항,HPH,VVCI,아시아태평양,Vietnam,베트남,Haiphong,하이퐁
Haibei Qilian Airport,치롄 공항,HBQ,n/a,아시아태평양,China,중국,Qilian,치롄
Haifa Airport,하이파 공항,HFA,LLHA,중동,Israel,이스라엘,Haifa,하이파
Haikou Hainan Meilan International Airport,하이커우 메이란 국제공항,HAK,ZJHK,아시아태평양,China,중국,Haikou,하이커우
Hail Airport,하일 공항,HAS,OEHL,중동,Saudi Arabia,사우디아라비아,Hail,하일
Haines Municipal Airport,하인즈 공항,HNS,PAHN,북아메리카,United States of America,미국,Haines,해인즈
Haixi Mangya Airport,화투구 공항,HTT,ZLHX,아시아태평양,China,중국,Huatugou,화투거우
Hakkari Selahaddin Eyyubi Saladin Airport,학카리 윅세코바 공항,YKO,LTCW,중동,Turkiye,터키,Hakkari,학카리
Hakodate Airport,하코다테 공항,HKD,RJCH,아시아태평양,Japan,일본,Hakodate,하코다테
HAL Bangalore International Airport,HAL 방갈로르 국제공항,n/a,VOBG,아시아태평양,India,인도,Bangalore,벵갈루루
Halifax Stanfield International Airport,핼리팩스 스탠 필드 국제공항,YHZ,CYHZ,북아메리카,Canada,캐나다,Halifax,핼리팩스
Hall Beach Airport,홀 비치 공항,YUX,CYUX,북아메리카,Canada,캐나다,Hall Beach,홀비치
Halls Creek Airport,홀스 크릭 공항,HCQ,YHLC,아시아태평양,Australia,오스트레일리아,Halls Creek,홀스크리크
Halmstad City Airport,할름스타드 공항,HAD,ESMT,유럽,Sweden,스웨덴,Halmstad,할름스타드
Hamadan Airport,하마단 공항,HDM,OIHH,중동,Iran,이란,Hamadan,하마단
Hamburg Airport Helmut Schmidt,함부르크 공항,HAM,EDDH,유럽,Germany,독일,Hamburg,함부르크
Hamburg Finkenwerder Airport,함부르크 핀켄베르더 공항,XFW,EDHI,유럽,Germany,독일,Hamburg,함부르크
Hamburg Lubeck Blankensee Airport,뤼베크 공항,LBC,EDHL,유럽,Germany,독일,Lbeck,뤼베크
Hami Airport,하미 공항,HMI,ZWHM,아시아태평양,China,중국,Hami,하미
Hamilton Airport,해밀턴 공항,HLT,YHML,아시아태평양,Australia,오스트레일리아,Hamilton,해밀턴
Hamilton International Airport,해밀턴 공항,HLZ,NZHN,아시아태평양,New Zealand,뉴질랜드,Hamilton,해밀턴
Hamilton Island Airport,해밀턴 아일랜드 공항,HTI,YBHM,아시아태평양,Australia,오스트레일리아,Hamilton Island,해밀턴섬
Hammerfest Airport,함메르페스트 공항,HFT,ENHF,유럽,Norway,노르웨이,Hammerfest,함메르페스트
Hana Airport,하나공항,HNM,PHHN,북아메리카,United States of America,미국,Hana,하나
Hanamaki Airport,하나마키 공항,HNA,RJSI,아시아태평양,Japan,일본,Hanamaki,하나마키
Hancock County-Bar Harbor Airport,핸콕 카운티 바 하버 공항,BHB,KBHB,북아메리카,United States of America,미국,Bar Harbor,바하버
Hancock Houghton County Memorial Airport,휴튼 카운티 메모리얼 공항,CMX,KCMX,북아메리카,United States of America,미국,Hancock,핸콕
Handan Airport,한단공항,HDG,ZBHD,아시아태평양,China,중국,Handan,한단
Hangzhou Xiaoshan International Airport,항저우 샤오산 국제공항,HGH,ZSHC,아시아태평양,China,중국,Hangzhou,항저우
Hanimaadhoo Airport,하니마두 국제공항,HAQ,VRMH,아시아태평양,Maldives,몰디브,Hanimaadhoo,하니마두
Hannover Airport,하노버 공항,HAJ,EDDV,유럽,Germany,독일,Hanover,하노버
Hanoi Gia Lam Airport,하노이 지아람 공항,n/a,VVGL,아시아태평양,Vietnam,베트남,Hanoi,하노이
Hanoi Noi Bai Airport,노이바이 국제공항,HAN,VVNB,아시아태평양,Vietnam,베트남,Hanoi,하노이
Hanscom Field,로렌스 지 핸스컴 필드,BED,KBED,북아메리카,United States of America,미국,Bedford,베드퍼드
Hanzhong Chenggu Airport,한중 청구 공항,HZG,ZLHZ,아시아태평양,China,중국,Hanzhong,한중
Hao Island Airport,하오 공항,HOI,NTTO,아시아태평양,French Polynesia,프랑스령 폴리네시아,Hao,하오
Harare Robert Gabriel Mugabe International Airport,하라레 국제공항,HRE,FVHA,아프리카,Zimbabwe,짐바브웨,Harare,하라레
Harbin Taiping International Airport,하얼빈 타이핑 국제공항,HRB,ZYHB,아시아태평양,China,중국,Harbin,하얼빈
Hargeisa Egal International Airport,하르게이사 국제공항,HGA,HCMH,아프리카,Somalia,소말리아,Hargeisa,하르게이사
Harlingen Valley International Airport,밸리 국제공항,HRL,KHRL,북아메리카,United States of America,미국,Harlingen,할린전
Harrisburg Capital City Airport,캐피털 시티 공항,HAR,KCXY,북아메리카,United States of America,미국,Harrisburg,해리스버그
Harrisburg International Airport,해리스버그 국제공항,MDT,KMDT,북아메리카,United States of America,미국,Harrisburg,해리스버그
Harstad-Narvik Evenes Airport,하르스타드 나르비크 에베네스 공항,EVE,ENEV,유럽,Norway,노르웨이,Harstad-Narvik,하르스타나르비크
Hartford Bradley International Airport,브래들리 국제공항,BDL,KBDL,북아메리카,United States of America,미국,Windsor Locks,윈저록스
Hartford Brainard Airport,하트퍼드 브레이너드 공항,HFD,KHFD,북아메리카,United States of America,미국,Hartford,하트퍼드
Hassi Messaoud Oued Irara Airport,우에드 이라라 크림 벨카젬 공항,HME,DAUH,아프리카,Algeria,알제리,Hassi Messaoud,하시메사우드
Hassi R'Mel Airport,하시르멜 공항,HRM,DAFH,아프리카,Algeria,알제리,Hassi R'Mel,하시르멜
Hasvik Airport,하스비크 공항,HAA,ENHK,유럽,Norway,노르웨이,Hasvik,하스비크
Hat Yai International Airport,핫야이 국제공항,HDY,VTSS,아시아태평양,Thailand,태국,Hat Yai,핫야이
Hatay Airport,하타이 공항,HTY,LTDA,중동,Turkiye,터키,Hatay,하타이
Hattiesburg-Laurel Regional Airport,해티즈버그 로렐 공항,PIB,KPIB,북아메리카,United States of America,미국,Laurel,로럴
Haugesund Airport,카모이 공항,HAU,ENHD,유럽,Norway,노르웨이,Haugesund,헤우게순
Havana Jose Marti International Airport,호세 마르티 국제공항,HAV,MUHA,카리브해,Cuba,쿠바,Havana,아바나
Havana Playa Baracoa Airport,플라야 바라코아 공항,UPB,n/a,카리브해,Cuba,쿠바,Havana,아바나
Havasupai Airport,하바수파이 공항,HAE,n/a,북아메리카,United States of America,미국,Havasupai,하바수파이
Havre City County Airport,하브르 시티 카운티 공항,HVR,KHVR,북아메리카,United States of America,미국,Havre,하브르
Havre St. Pierre Havre Saint Pierre Airport,아브르 생 피에르 공항,YGV,CYGV,북아메리카,Canada,캐나다,Havre-Saint-Pierre,아브르생피에르
Hay River Airport,헤이 리버/멀린 카터 공항,YHY,CYHY,북아메리카,Canada,캐나다,Hay River,헤이리버
Hays Regional Airport,헤이스 공항,HYS,KHYS,북아메리카,United States of America,미국,Hays,헤이스
Hayward Executive Airport,헤이워드 이그제큐티브 공항,HWD,KHWD,북아메리카,United States of America,미국,Hayward,헤이워드
Healy Lake Airport,힐리 레이크 공항,HKB,n/a,북아메리카,United States of America,미국,Healy Lake,힐리레이크
Hechi Jinchengjiang Airport,허치 진청장 공항,HCJ,ZGHC,아시아태평양,China,중국,Hechi,허치
Hefei Xinqiao International Airport,허페이 신차오 국제공항,HFE,ZSOF,아시아태평양,China,중국,Hefei,허페이
Heho Airport,헤호 공항,HEH,VYHH,아시아태평양,Myanmar,미얀마,Heho,헤호
Heihe Aihui Airport,헤이허 공항,HEK,ZYHE,아시아태평양,China,중국,Heihe,헤이허
Hejing Bayinbuluke Airport,허징 바인불루케 공항,HJB,n/a,아시아태평양,China,중국,Hejing,허징
Helena Regional Airport,헬레나 공항,HLN,KHLN,북아메리카,United States of America,미국,Helena,헬레나
Heligoland Duene Airport,헬리고랜드 비행장,HGL,EDXH,유럽,Germany,독일,Heligoland,헬리골란트
Helsinki-Malmi Airport,헬싱키 말미 공항,HEM,EFHF,유럽,Finland,핀란드,Helsinki,헬싱키
Helsinki-Vantaa Airport,헬싱키 공항,HEL,EFHK,유럽,Finland,핀란드,Helsinki,헬싱키
Hemavan Airport,히마밴 공항,HMV,ESUT,유럽,Sweden,스웨덴,Hemavan,히마반
Hendorabi Island Airport,헨도라비 섬 공항,n/a,n/a,중동,Iran,이란,Hendorabi Island,헨도라비섬
Hengchun Airport,헝춘 공항,HCN,RCKW,아시아태평양,Taiwan,대만,Hengchun,헝춘
Hengyang Nanyue Airport,헝양 난웨 공항,HNY,ZGHY,아시아태평양,China,중국,Hengyang,헝양
Henry Leon Wilson Airport,솔트 케이 공항,SLX,MBSY,카리브해,Turks and Caicos Islands,터크스케이커스 제도,Salt Cay,솔트 케이
Heraklion Nikos Kazantzakis Airport,이라클리온 국제공항,HER,LGIR,유럽,Greece,그리스,Heraklion,헤라클리온
Herat Airport,헤라트 국제공항,HEA,OAHR,아시아태평양,Afghanistan,아프가니스탄,Herat,헤라트
Heringsdorf Airport,헤링스도르프 공항,HDF,EDAH,유럽,Germany,독일,Heringsdorf,헤링스도르프
Heritage Field Airport,헤리티지 필드,PTW,KPTW,북아메리카,United States of America,미국,Pottstown,포츠타운
Hermosillo Pesqueira Garcia Airport,제너럴 이그나시오 페스케이라 가르시아 국제공항,HMO,MMHO,라틴아메리카,Mexico,멕시코,Hermosillo,에르모시요
Hervey Bay Airport,허비 베이 공항,HVB,YHBA,아시아태평양,Australia,오스트레일리아,Hervey Bay,허비베이
Heze Mudan Airport,허쩌 무단 공항,HZA,ZSHZ,아시아태평양,China,중국,Heze,허쩌
High Level Footner Lake Airport,하이 레벨 공항,YOJ,CYOJ,북아메리카,Canada,캐나다,High Level,하이레벨
Higuerote Airport,게이게로테 공항,HGE,SVHG,라틴아메리카,Venezuela,베네수엘라,Higuerote,이게로테
Hikueru Airport,히쿠에루 공항,HHZ,NTGH,아시아태평양,French Polynesia,프랑스령 폴리네시아,Hikueru,히쿠에루
Hilo International Airport,힐로 국제공항,ITO,PHTO,북아메리카,United States of America,미국,Hilo,힐로
Hilton Head Island Airport,힐튼 헤드 공항,HHH,KHXD,북아메리카,United States of America,미국,Hilton Head Island,힐턴헤드
Hindon Airport,힌돈 공항,HDO,VIDX,아시아태평양,India,인도,Hindon,힌돈
Hingurakgoda Minneriya Airport,힌구락고다 공항,HIM,VCCH,아시아태평양,Sri Lanka,스리랑카,Hingurakgoda,힌구락고다
Hiroshima Airport,히로시마 공항,HIJ,RJOA,아시아태평양,Japan,일본,Hiroshima,히로시마
Hisar Airport,히사르 공항,HSS,VIHR,아시아태평양,India,인도,Hisar,히사르
Ho Airport,호 공항,HZO,DGAH,아프리카,Ghana,가나,Ho,호
Ho Chi Minh City Tan Son Nhat Airport,탄손누트 국제공항,SGN,VVTS,아시아태평양,Vietnam,베트남,HoChiMinh,호찌민
Hoarafushi Airport,호아라푸시 공항,HRF,VRAH,아시아태평양,Maldives,몰디브,Hoarafushi,호아라푸시
Hobart Airport,호바트 국제공항,HBA,YMHB,아시아태평양,Australia,오스트레일리아,Hobart,호바트
Hodeida Airport,호데이다 국제공항,HOD,n/a,중동,Yemen,예멘,Hudaydah,호데이다
Hoedspruit Airport,공군 기지 호즈프룻,HDS,FAHS,아프리카,South Africa,남아프리카,Hoedspruit,호즈프룻
Hof Plauen Airport,호프 플라우엔 공항,HOQ,EDQM,유럽,Germany,독일,Hof,호프
Hohhot Baita International Airport,후허하오터 바이타 국제공항,HET,ZBHH,아시아태평양,China,중국,Hohhot,후허하오터
Hokitika Airport,호키티카 공항,HKK,NZHK,아시아태평양,New Zealand,뉴질랜드,Hokitika,호키티카
Holguin Frank Pais Airport,프랭크 파이스 공항,HOG,MUHG,카리브해,Cuba,쿠바,Holguin,올긴
Hollis Sea Plane Base,홀리스 수상비행장,HYL,n/a,북아메리카,United States of America,미국,Hollis,홀리스
Hollywood Burbank Airport,밥 호프 공항,BUR,KBUR,북아메리카,United States of America,미국,Burbank,버뱅크
Holy Cross Airport,홀리 크로스 공항,HCR,n/a,북아메리카,United States of America,미국,Holy Cross,홀리크로스
Homa Bay Airport,호마 베이 공항,n/a,HKHB,아프리카,Kenya,케냐,Homa Bay,호마베이
Homalin Airport,호말린 공항,HOX,n/a,아시아태평양,Myanmar,미얀마,Homalin,호말린
Homer Airport,호머 공항,HOM,PAHO,북아메리카,United States of America,미국,Homer,호머
Hong Kong International Airport,홍콩 국제공항,HKG,VHHH,아시아태평양,Hong Kong,홍콩,Hong Kong,홍콩
Hongyuan Airport,훙위안 공항,AHJ,ZUHY,아시아태평양,China,중국,Hongyuan,훙위안
Honiara Henderson International Airport,호니아라 국제공항,HIR,AGGH,아시아태평양,Solomon Islands,솔로몬 제도,Honiara,호니아라
Honningsvag Airport,발란 공항,HVG,ENHV,유럽,Norway,노르웨이,Honningsvag,호닝스보그
Honolulu Daniel K Inouye International Airport,호놀룰루 국제공항,HNL,PHNL,북아메리카,United States of America,미국,Honolulu,호놀룰루
Hoonah Airport,후나 공항,HNH,PAOH,북아메리카,United States of America,미국,Hoonah,후나
Hooper Bay Airport,후퍼 베이 공항,HPB,PAHP,북아메리카,United States of America,미국,Hooper Bay,후퍼베이
Hopedale Airport,호프데일 공항,YHO,CYHO,북아메리카,Canada,캐나다,Hopedale,호프데일
Horn Island Airport,혼 아일랜드 공항,HID,YHID,아시아태평양,Australia,오스트레일리아,Horn Island,혼아일랜드
Hornafjordur Airport,호르나피외르뒤르 공항,HFN,BIHN,유럽,Iceland,아이슬란드,Hornafjordur,호르나피외르뒤르
Horta Airport,호르타 공항,HOR,LPHR,유럽,Portugal,포르투갈,Horta,오르타
Hoskins Airport,호스킨스 공항,HKN,AYHK,아시아태평양,Papua New Guinea,파푸아뉴기니,Hoskins,호스킨스
Hot Springs Memorial Field,메모리얼필드 공항,HOT,KHOT,북아메리카,United States of America,미국,Hot Springs,핫스프링스
Hotan Kungang Airport,호탄 공항,HTN,ZWTN,아시아태평양,China,중국,Hotan,호탄
Houeisay Airport,반 후오이세이 공항,HOE,VLHS,아시아태평양,Laos,라오스,Ban Huoeisay,반후아이사이
Houmt Souk Djerba Zarsis Airport,제르바 자르지스 국제공항,DJE,DTTJ,아프리카,Tunisia,튀니지,Djerba,제르바
Houn Airport,훈 공항,HUQ,n/a,아프리카,Libya,리비아,Hun,훈
Houston Ellington Airport,엘링턴 필드,EFD,KEFD,북아메리카,United States of America,미국,Houston,휴스턴
Houston George Bush Intercontinental Airport,조지 부시 인터컨티넨털 공항,IAH,KIAH,북아메리카,United States of America,미국,Houston,휴스턴
Houston William P. Hobby Airport,윌리엄 P. 하비 공항,HOU,KHOU,북아메리카,United States of America,미국,Houston,휴스턴
Hovd Airport,불간 공항 Khovd,HBU,n/a,아시아태평양,Mongolia,몽골,Bulgan,불간
Howard Hamilton International Airport,프로비덴시알레스 국제공항,PLS,MBPV,카리브해,Turks and Caicos Islands,터크스케이커스 제도,Providenciales,프로비덴시알레스
Hua Hin Airport,후아힌 공항,HHQ,VTPH,아시아태평양,Thailand,태국,Hua Hin,후아힌
Huahine Airport,후아히네 요금 공항,HUH,NTTH,아시아태평양,French Polynesia,프랑스령 폴리네시아,Huahine,후아히네
Huai'an Lianshui Airport,화이안 롄수이 공항,HIA,ZSSH,아시아태평양,China,중국,Huai'an,화이안
Huaihua Zhijiang Airport,화이아 지장 공항,HJJ,ZGCJ,아시아태평양,China,중국,Huaihua,화이화
Hualien Airport,화롄 공항,HUN,RCYU,아시아태평양,Taiwan,대만,Hualien,화롄
Huambo Albano Machado Airport,알바노 마차도 공항,NOV,FNHU,아프리카,Angola,앙골라,Huambo,우암보
Huangshan Tunxi International Airport,황산 툰시 국제공항,TXN,ZSTX,아시아태평양,China,중국,Huangshan,황산
Huanuco Airport,알페레스 FAP 다비드 피게로아 페르난디니 공항,HUU,SPNC,라틴아메리카,Peru,페루,Huanuco,우아누코
Hubballi Airport,후블리 공항,HBX,VOHB,아시아태평양,India,인도,Hubli,후블리
Hue Phu Bai International Airport,푸바이 국제공항,HUI,VVPB,아시아태평양,Vietnam,베트남,Hue,후에
Huehueteanango Airport,우에우에테낭고 공항,HUG,MGHT,라틴아메리카,Guatemala,과테말라,Huehuetenango,우에우에테낭고
Huesca Pirineos Airport,우에스카 피리네오스 공항,HSK,LEHC,유럽,Spain,스페인,Huesca,우에스카
Hughenden Airport,휴엔덴 공항,HGD,YHUG,아시아태평양,Australia,오스트레일리아,Hughenden,휴엔덴
Hughes Municipal Airport,휴즈 공항,HUS,PAHU,북아메리카,United States of America,미국,Hughes,휴즈
Huizhou Pingtan Airport,후이저우 핑탄 공항,HUZ,ZGHZ,아시아태평양,China,중국,Huizhou,후이저우
Hulunbuir Hailar International Airport,후룬베이얼 하이라얼 공항,HLD,ZBLA,아시아태평양,China,중국,Hailar,하이라얼
Humaita Airport,프란시스코 코레아 다 크루즈 공항,HUW,SWHT,라틴아메리카,Brazil,브라질,Humaita,우마이타
Humberside Airport,험버사이드 공항,HUY,EGNJ,유럽,United Kingdom,영국,Humberside,험버사이드
Humera Airport,휴메라 공항,HUE,n/a,아프리카,Ethiopia,이디오피아,Humera,휴메라
Huntington Tri-State Airport,트라이 스테이트 공항,HTS,KHTS,북아메리카,United States of America,미국,Huntington,헌팅턴
Huntsville International Airport,헌츠빌 국제공항,HSV,KHSV,북아메리카,United States of America,미국,Huntsville,헌츠빌
Huolingol Huolinhe Airport,홀링골 훠린허 공항,HUO,ZBHZ,아시아태평양,China,중국,Holingol,홀링골
Hurghada El Gouna Airport,후르가다 엘 구나 공항,n/a,HEGO,아프리카,Egypt,이집트,Hurghada,후르가다
Hurghada International Airport,후르가다 국제공항,HRG,HEGN,아프리카,Egypt,이집트,Hurghada,후르가다
Huron Howes Airport,휴런 공항,HON,n/a,북아메리카,United States of America,미국,Huron,휴런
Husavik Airport,후사비크 공항,HZK,BIHU,유럽,Iceland,아이슬란드,HUsavIk,후사비크
Huslia Airport,후슬리아 공항,HSL,PAHL,북아메리카,United States of America,미국,Huslia,후슬리아
Hydaburg Sea Plane Base,하이다버그 수상비행장,HYG,PAHY,북아메리카,United States of America,미국,Hydaburg,하이다버그
Hyderabad Begumpet Airport,베굼펫 공항,BPM,VOHY,아시아태평양,India,인도,Hyderabad,하이데라바드
Hyderabad Rajiv Gandhi International Airport,라지브 간디 국제공항,HYD,VOHS,아시아태평양,India,인도,Hyderabad,하이데라바드
Hyderabad(Pakistan) Airport ,하이데라바드(파키스탄) 공항,HDD,OPKD,아시아태평양,Pakistan,파키스탄,Hyderabad,하이데라바드
Iasi International Airport,이아시 국제공항,IAS,LRIA,유럽,Romania,루마니아,Iasi,이아시
Ibadan Airport,이바단 공항,IBA,DNIB,아프리카,Nigeria,나이지리아,Ibadan,이바단
Ibague Perales Airport,페랄레스 공항,IBE,SKIB,라틴아메리카,Colombia,콜롬비아,Ibague,이바게
Ibaraki Airport,이바라키공항,IBR,RJAH,아시아태평양,Japan,일본,Ibaraki,이바라키
Ibiza Airport,이비자 공항,IBZ,LEIB,유럽,Spain,스페인,Ibiza,이비자
Idaho Falls Regional Airport,아이다호폴스 공항,IDA,KIDA,북아메리카,United States of America,미국,Idaho Falls,아이다호폴스
Ifuru Airport,이푸루 공항,IFU,VREI,아시아태평양,Maldives,몰디브,Ifuru,이푸루
Igaliku Heliport,이갈리쿠 헬리포트,QFX,n/a,유럽,Greenland,그린란드,Igaliku,이갈리쿠
Igarka Airport,이가르카 공항,IAA,UOII,유럽,Russian Federation,러시아,Igarka,이가르카
Igdir Airport,이체르 공항,IGD,LTCT,중동,Turkiye,터키,Igdir,이디르
Iginniarfik Heliport,이긴니아르픽 헬리포트,QFI,BGIG,유럽,Greenland,그린란드,Iginniarfik,이긴니아르픽
Igiugig Airport,이기우그 공항,IGG,PAIG,북아메리카,United States of America,미국,Igiugig,이기우기그
Igloolik Airport,이글루릭 공항,YGT,CYGT,북아메리카,Canada,캐나다,Igloolik,이글룰리크
Igrim Airport,이그림공항,IRM,n/a,유럽,Russian Federation,러시아,Igrim,이그림
Iguazu Cataratas International Airport,카타라타스 델 이구아수 국제공항,IGR,SARI,라틴아메리카,Argentina,아르헨티나,Iguazu,이구아수
Ikamiut Heliport,이카미우트 헬리포트,QJI,BGIT,유럽,Greenland,그린란드,Ikamiut,이카미우트
Ikaria Island Airport,이카리아 아일랜드 내셔널 공항,JIK,LGIK,유럽,Greece,그리스,Ikaria Island,이카리아섬
Ikerasaarsuk Heliport,이케라사르수크 헬리포트,QRY,BGIK,유럽,Greenland,그린란드,Ikerasaarsuk,이케라사르수크
Ikerasak Heliport,이케라사크 헬리포트,IKE,BGIA,유럽,Greenland,그린란드,Ikerasak,이케라사크
Iki Airport,이키 공항,IKI,RJDB,아시아태평양,Japan,일본,Iki,이키
Ilam Airport,일람 공항,IIL,OICI,중동,Iran,이란,Ilam,일람
Ile Des Pins Airport,일데팽 공항,ILP,NWWE,아시아태평양,New Caledonia,뉴칼레도니아,Ile des Pins,일데팽
Iles De La Madeleine Airport,일드라마들렌 공항,YGR,CYGR,북아메리카,Canada,캐나다,Iles-de-la-Madeleine,일드라마들렌
Ilheus Jorge Amado Airport,일레우스 호르헤 아마도 공항,IOS,SBIL,라틴아메리카,Brazil,브라질,Ilheus,일례우스
Iliamna Airport,일리암나 공항,ILI,PAIL,북아메리카,United States of America,미국,Iliamna,일리암나
Ilimanaq Harbour Airport,일리마낙 하버 공항,XIQ,BGIL,유럽,Greenland,그린란드,Ilimanaq Harbour,일리마낙
Illizi Airport,타카말트 공항,VVZ,DAAP,아프리카,Algeria,알제리,Illizi,일리지
Illorsuit Heliport,일러슈트 헬리포트,IOT,n/a,유럽,Greenland,그린란드,Avannaata,아반나타
Ilo Airport,일로 공항,ILQ,SPLO,라틴아메리카,Peru,페루,Ilo,일로
Iloilo Mandurriao Airport,일로일로 국제공항,ILO,RPVI,아시아태평양,Philippines,필리핀,Iloilo,일로일로
Ilorin Airport,일로린 국제공항,ILR,DNIL,아프리카,Nigeria,나이지리아,Ilorin,일로린
Ilulissat Airport,일루리사트 공항,JAV,BGJN,유럽,Greenland,그린란드,Ilulissat,일루리사트
Imperatriz Airport,임페라트리즈 공항,IMP,SBIZ,라틴아메리카,Brazil,브라질,Imperatriz,임페라트리스
Imphal Municipal Airport,임팔 국제공항,IMF,VEIM,아시아태평양,India,인도,Imphal,임팔
In Amenas Airport,아메나스 공항,IAM,DAUZ,아프리카,Algeria,알제리,In Amenas,인아메나스
In Salah Airport,살라 공항 위치,INZ,DAUI,아프리카,Algeria,알제리,In Salah,인살라
Inagua Airport,이나과 공항,IGA,MYIG,카리브해,Bahamas,바하마,Inagua,이나과
Indian Mountain LRRS,인디언 마운틴 레이더기지,n/a,PAIM,북아메리카,United States of America,미국,Indian Mountain,인디언마운틴
Indianapolis International Airport,인디애나폴리스 국제공항,IND,KIND,북아메리카,United States of America,미국,Indianapolis,인디애나폴리스
Indore Devi Ahilyabai Holkar Airport,데비 아힐랴바이 홀카르 국제공항,IDR,VAID,아시아태평양,India,인도,Indore,인도르
Ingolstadt Manching Airport,잉골슈타트 만칭 공항,IGS,ETSI,유럽,Germany,독일,Ingolstadt,잉골슈타트
Inhambane Airport,이냠바네 공항,INH,FQIN,아프리카,Mozambique,모잠비크,Inhambane,이냠바느
Inis Meain Airport,이니쉬만 비행장,IIA,EIMN,유럽,Ireland,아일랜드,Inishmaan,이니시만
Inis Mor Airport,이니시모어 비행장,IOR,EIIM,유럽,Ireland,아일랜드,Inishmore,이니시모어
Inis Oirr Airport,이니쉬어 비행장,INQ,EIIR,유럽,Ireland,아일랜드,Inisheer,이니시어
Innarsuit Heliport,인나르수이트 헬리포트,IUI,BGIN,유럽,Greenland,그린란드,Innarsuit,인나르수이트
Innsbruck Airport,인스부르크 공항,INN,LOWI,유럽,Austria,오스트리아,Innsbruck,인스부르크
Inongo Airport,이농고 공항,INO,FZBA,아프리카,Democratic Republic of the Congo,콩고 민주공화국,Inongo,이농고
Inta Airport,인타 공항,INA,n/a,유럽,Russian Federation,러시아,Inta,인타
Inukjuak Airport,이누크주악 공항,YPH,CYPH,북아메리카,Canada,캐나다,Inukjuak,이누크주악
Inuvik Mike Zubko Airport,이누빅 마이크 주브코 공항,YEV,CYEV,북아메리카,Canada,캐나다,Inuvik,이누빅
Invercargill Airport,인버카길 공항,IVC,NZNV,아시아태평양,New Zealand,뉴질랜드,Invercargill,인버카길
Inverell Airport,인버렐 공항,IVR,YIVL,아시아태평양,Australia,오스트레일리아,Inverell,인버렐
Inverin Connemara Airport,코네마라 공항,NNR,EICA,유럽,Ireland,아일랜드,Spiddal,스피달
Inverness Airport,인버네스 공항,INV,EGPE,유럽,United Kingdom,영국,Inverness,인버네스
Inyokern Kern County Airport,인요컨 공항,IYK,KIYK,북아메리카,United States of America,미국,Inyokern,인요컨
Ioannina King Pyrros Airport,이오안니나 내셔널 공항,IOA,LGIO,유럽,Greece,그리스,Ioannina,이오안니나
Iowa Clinton Municipal Airport,클린턴 공항,CWI,KCWI,북아메리카,United States of America,미국,Clinton,클린턴
Ipatinga Usiminas Airport,우시미나스 공항,IPN,SBIP,라틴아메리카,Brazil,브라질,Ipatinga,이파칭가
Ipiales San Luis Airport,산 루이스 공항,IPI,SKIP,라틴아메리카,Colombia,콜롬비아,Ipiales,이피알레스
Ipoh Sultan Azlan Shah Airport,술탄 아즐란 샤 공항,IPH,WMKI,아시아태평양,Malaysia,말레이시아,Ipoh,이포
Ipota Airport,이포타 공항,IPA,NVVI,아시아태평양,Vanuatu,바누아투,Ipota,이포타
Iqaluit Airport,이칼루이트 공항,YFB,CYFB,북아메리카,Canada,캐나다,Iqaluit,이칼루이트
Iquique Diego Aracena Airport,디에고 아라세나 국제공항,IQQ,SCDA,라틴아메리카,Chile,칠레,Iquique,이키케
Iquitos Coronel FAP Francisco Secada Airport,코로넬 FAP 프란시스코 세카다 비네타 국제공항,IQT,SPQT,라틴아메리카,Peru,페루,Iquitos,이키토스
Iranshahr Airport,이란샤르 공항,IHR,OIZI,중동,Iran,이란,Iranshahr,이란샤르
Irarutu Babo Airport,바보 공항,BXB,WASO,아시아태평양,Indonesia,인도네시아,Babo,바보
Irece Airport,이레세 공항,IRE,SNIC,라틴아메리카,Brazil,브라질,Irece,이레세
Ireland West Airport,아일랜드 웨스트 에어포트 노크,NOC,EIKN,유럽,Ireland,아일랜드,Knock,노크
Iringa Nduli Airport,이링가 공항,IRI,HTIR,아프리카,Tanzania,탄자니아,Iringa,이링가
Irkutsk International Airport,이르쿠츠크 국제공항,IKT,UIII,유럽,Russian Federation,러시아,Irkutsk,이르쿠츠크
Iron Mountain Ford Airport,포드 공항,IMT,KIMT,북아메리카,United States of America,미국,Iron Mountain,아이언마운틴
Isafjordur Airport,이사피외르뒤르 공항,IFJ,BIIS,유럽,Iceland,아이슬란드,Isafjordur,이사피외르뒤르
Isfahan Airport,이스파한 국제공항,IFN,OIFM,중동,Iran,이란,Isfahan,이스파한
Isfana Airport,이스파나 공항,n/a,UAFI,아시아태평양,Kyrgyzstan,키르기스스탄,Isfana,이스파나
Ishigaki Airport,신이시가키 공항,ISG,ROIG,아시아태평양,Japan,일본,Ishigaki,이시가키
Ishurdi,이쉬와르디 공항,IRD,n/a,아시아태평양,Bangladesh,방글라데시,Ishwardi,이슈와르디
Isiolo International Airport,이시올로 국제공항,UAS,HKIS,아프리카,Kenya,케냐,Isiolo,이시올로
Isiro Matari Airport,마타리 공항,IRP,FZJH,아프리카,Democratic Republic of the Congo,콩고 민주공화국,Isiro,이시로
Isla de Coche Andres Miguel Salazar Airport,안드레스 미구엘 살라자르 공항,ICC,SVIE,라틴아메리카,Venezuela,베네수엘라,Isla de Coche,이스라데코체
Isla Grande(Puerto Rico) Airport ,이슬라 그란데(푸에르토리코) 공항,SIG,TJIG,북아메리카,Puerto Rico,푸에르토리코,San Juan,산후안
Islamabad Benazir Bhutto International Airport,베나지어 부토 국제공항,ISB,OPRN,아시아태평양,Pakistan,파키스탄,Islamabad,이슬라마바드
Islamabad International Airport,이슬라마바드 국제공항,ISB,OPIS,아시아태평양,Pakistan,파키스탄,Islamabad,이슬라마바드
Islamkot Mai Bakhtawar Airport,이슬람코트 마이 바흐타와르 공항,n/a,n/a,아시아태평양,Pakistan,파키스탄,Islamkot,이슬람코트
Island Lake - Garden Hill Airport,아일랜드 레이크 공항,YIV,CYIV,북아메리카,Canada,캐나다,Island Lake,아일랜드레이크
Islay Airport,아일레이 공항,ILY,EGPI,유럽,United Kingdom,영국,Islay,아일레이
Isle Of Man Ronaldsway Airport,맨섬 공항,IOM,EGNS,유럽,Isle Of Man,맨섬,Ronaldsway,로널즈웨이
Isles Of Scilly Saint Mary's Airport,세인트 메리스 공항,ISC,EGHE,유럽,United Kingdom,영국,Isles of Scilly,실리 제도
Isole Tremiti Heliport,이솔레 트레미티 헬리포트,TQR,n/a,유럽,Italy,이탈리아,San Domino,산도미노
Isortoq Heliport,이소르토크 헬리포트,IOQ,BGIS,유럽,Greenland,그린란드,Isortoq,이소르토크
Isparta Suleyman Demirel Airport,이스파르타 쉴레이만 데미렐 공항,ISE,LTFC,중동,Turkiye,터키,Isparta,이스파르타
Istanbul Airport,이스탄불 공항,IST,LTFM,중동,Turkiye,터키,Istanbul,이스탄불
Istanbul Sabiha Gokcen Airport,사비하 괵첸 국제공항,SAW,LTFJ,중동,Turkiye,터키,Istanbul,이스탄불
Itaituba Airport,이타이투바 공항,ITB,SBIH,라틴아메리카,Brazil,브라질,Itaituba,이타이투바
Itajuba Airport,이타주바 공항,n/a,n/a,라틴아메리카,Brazil,브라질,Itajuba,이타주바
Itanhaem Antonio R Nogueira Jr Airport,이타냐엠 공항,JTN,SDIM,라틴아메리카,Brazil,브라질,Itanhaem,이타냐엠
Itaperuna Airport,이타페루나 공항,ITP,SDUN,라틴아메리카,Brazil,브라질,Itaperuna,이타페루나
Ithaca Tompkins International Airport,이타카 톰킨스 공항,ITH,KITH,북아메리카,United States of America,미국,Ithaca,이타카
Itokama Airport,이토카마 공항,ITK,n/a,아시아태평양,Papua New Guinea,파푸아뉴기니,Itokama,이토카마
Ittoqqortoormiit Airport,이토코르토르미트 공항,OBY,BGSC,유럽,Greenland,그린란드,Ittoqqortoormiit,이토코르토르미트
Iturup Island Yazny Airport,이투럽 공항,ITU,n/a,유럽,Russian Federation,러시아,Iturup,이투루프
Ivalo Airport,이발로 공항,IVL,EFIV,유럽,Finland,핀란드,Ivalo,이발로
Ivano-Frankivsk International Airport,이바노프란키우스크 국제공항,IFO,UKLI,유럽,Ukraine,우크라이나,Ivano-Frankivsk,이바노프란키우스크
Ivanovo Yuzhny Airport,이바노보 유즈니 공항,IWA,UUBI,유럽,Russian Federation,러시아,Ivanovo,이바노보
Ivujivik Airport,이브지비크 공항,YIK,CYIK,북아메리카,Canada,캐나다,Ivujivik,이브지비크
Iwakuni Kintaikyo Airport,해병대 비행장 이와쿠니,IWK,RJOI,아시아태평양,Japan,일본,Iwakuni,이와쿠니
Iwami Airport,이와미 공항,IWJ,RJOW,아시아태평양,Japan,일본,Iwami,이와미
Iwo Jima Air Base,이오지마 공군기지,IWO,n/a,아시아태평양,Japan,일본,Iwo Jima,이오지마
Ixiamas Airport,익시아마스 공항,n/a,SLIX,라틴아메리카,Bolivia,볼리비아,Ixiamas,익시아마스
Ixtapa-Zihuatanejo International Airport,익스타파 지와타네호 국제공항,ZIH,MMZH,라틴아메리카,Mexico,멕시코,Zihuatanejo,시와타네호
Ixtepec Airport,익스테펙 공항,IZT,MMIT,라틴아메리카,Mexico,멕시코,Ixtepec,익스테펙
Izhevsk Mikhail Kalashnikov International Airport,이젭스크 공항,IJK,USII,유럽,Russian Federation,러시아,Izhevsk,이젭스크
Izmir Adnan Menderes Airport,이즈미르 아드난 멘데레스 공항,ADB,LTBJ,중동,Turkiye,터키,Izmir,이즈미르
Izumo Airport,이즈모 공항,IZO,RJOC,아시아태평양,Japan,일본,Izumo,이즈모
JA Douglas McCurdy Sydney Airport,JA 더글러스 맥커디 시드니 공항,YQY,CYQY,북아메리카,Canada,캐나다,Sydney,시드니
Jaaluni Airport,자알루니 공항,JNJ,n/a,중동,Oman,오만,Duqm,두쿰
Jabalpur Airport,자발푸르 공항,JLR,VAJB,아시아태평양,India,인도,Jabalpur,자발푸르
Jack Brooks Regional Airport,잭 브룩스 공항,BPT,KBPT,북아메리카,United States of America,미국,Beaumont,보몬트
Jackson Hawkins Field Airport,호킨스 필드,HKS,KHKS,북아메리카,United States of America,미국,Jackson,잭슨
Jackson Hole Airport,잭슨홀 공항,JAC,KJAC,북아메리카,United States of America,미국,Jackson,잭슨
Jackson-Medgar Wiley Evers International Airport,잭슨 에버스 국제공항,JAN,KJAN,북아메리카,United States of America,미국,Jackson,잭슨
Jacksonville Albert J Ellis Airport,앨버트 J. 엘리스 공항,OAJ,KOAJ,북아메리카,United States of America,미국,Jacksonville,잭슨빌
Jacksonville Cecil Airport,세실 공항,VQQ,KVQQ,북아메리카,United States of America,미국,Jacksonville,잭슨빌
Jacksonville International Airport,잭슨빌 국제공항,JAX,KJAX,북아메리카,United States of America,미국,Jacksonville,잭슨빌
Jacmel Airport,자크멜 공항,JAK,n/a,카리브해,Haiti,아이티,Jacmel,자크멜
Jaen Shumba Airport,하엔 공항,JAE,SPJE,라틴아메리카,Peru,페루,Jaen,하엔
Jaffna International Airport,자프나 국제공항,JAF,VCCJ,아시아태평양,Sri Lanka,스리랑카,Jaffna,자프나
Jaffrey Silver Ranch Airport,재프리 공항실버 랜치,AFN,n/a,북아메리카,United States of America,미국,Jaffrey,재프리
Jagdalpur Airport,자그달푸르 공항,JGB,VEJR,아시아태평양,India,인도,Jagdalpur,자그달푸르
JAGS McCartney International Airport,JAGS 매카트니 국제공항,GDT,MBGT,카리브해,Turks and Caicos Islands,터크스케이커스 제도,Grand Turk Island,그랜드터크
Jaguaruna Humberto Bortoluzzi Airport,자구아루나 지역 공항,JJG,SBJA,라틴아메리카,Brazil,브라질,Jaguaruna,자구아루나
Jahrom Airport,자롬 공항,JAR,OISJ,중동,Iran,이란,Jahrom,자롬
Jaipur Sanganeer Airport,자이푸르 국제공항,JAI,VIJP,아시아태평양,India,인도,Jaipur,자이푸르
Jaisalmer Airport,자이살메르 공항,JSA,VIJR,아시아태평양,India,인도,Jaisalmer,자이살메르
Jajao Airport,자오 공항,JJA,n/a,아시아태평양,Solomon Islands,솔로몬 제도,Jajao,자오
Jakar Bathpalathang Airport,바트팔라탕 공항,BUT,VQBT,아시아태평양,Bhutan,부탄,Jakar,자카르
Jakarta Halim Perdanakusuma Airport,할림 페르다나쿠수마 국제공항,HLP,WIHH,아시아태평양,Indonesia,인도네시아,Jakarta,자카르타
Jakarta Pondok Cabe Airport,폰독 카베 공항,PCB,WIHP,아시아태평양,Indonesia,인도네시아,South Tangerang,사우스탕에랑
Jakarta Soekarno-Hatta International Airport,수카르노 하타 국제공항,CGK,WIII,아시아태평양,Indonesia,인도네시아,Jakarta,자카르타
Jalalabad Airport,잘랄라바드 공항,JAA,OAJL,아시아태평양,Afghanistan,아프가니스탄,Jalalabad,잘랄라바드
Jalal-Abad Airport,잘랄아바드 공항,JBD,UCFD,아시아태평양,Kyrgyzstan,키르기스스탄,Jalal-Abad,잘랄아바드
Jalapa Airport,엘 렌세로 공항,JAL,n/a,라틴아메리카,Mexico,멕시코,Jalapa,할라파
Jalgaon Airport,잘가온 공항,JLG,VAJL,아시아태평양,India,인도,Jalgaon,잘가온
Jalingo Airport,잘링고 공항,n/a,DNJA,아프리카,Nigeria,나이지리아,Jalingo,잘링고
Jaluit Airport,잘루이트 공항,UIT,n/a,아시아태평양,Marshall Islands,마샬 군도,Jaluit Island,잘루이트
Jam Airport,잼 공항,KNR,n/a,중동,Iran,이란,Kangan,캉간
Jambi Sultan Thaha Syarifudn Airport,술탄 타하 공항,DJB,WIPA,아시아태평양,Indonesia,인도네시아,Jambi,잠비
Jamestown Regional Airport,제임스타운 공항,JMS,KJMS,북아메리카,United States of America,미국,Jamestown,제임스타운
Jammu Satwari Airport,잠무 공항,IXJ,VIJU,아시아태평양,India,인도,Jammu,잠무
Jamnagar Govardhanpur Airport,잠나가르 공항,JGA,VAJM,아시아태평양,India,인도,Jamnagar,잠나가르
Jamshedpur Sonari Airport,소나리 공항,IXW,VEJS,아시아태평양,India,인도,Jamshedpur,잠셰드푸르
Janakpur Airport,자낙푸르 공항,JKR,VNJP,아시아태평양,Nepal,네팔,Janakpur,자낙푸르
Jaque Airport,자케 공항,JQE,n/a,라틴아메리카,Panama,파나마,Jaque,자케
Jask Airport,자스크 공항,JSK,n/a,중동,Iran,이란,Jask,자스크
Jatai Airport,자타이 공항,JTI,SWJW,라틴아메리카,Brazil,브라질,Jatai,자타이
Jauja Francisco Carle Airport,프란시스코 칼레 공항,JAU,SPJJ,라틴아메리카,Peru,페루,Jauja,하우하
Jayapura Sentani Airport,센타니 공항,DJJ,WAJJ,아시아태평양,Indonesia,인도네시아,Jayapura,자야푸라
Jazan Regional Airport,지잔 지역공항,GIZ,OEGN,중동,Saudi Arabia,사우디아라비아,Jizan,지잔
Jeddah King Abdulaziz International Airport,킹 압둘아지즈 국제공항,JED,OEJN,중동,Saudi Arabia,사우디아라비아,Jeddah,제다
Jeh Airport,제 공항,JEJ,n/a,아시아태평양,Marshall Islands,마샬 군도,Jeh Island,제섬
Jeju International Airport,제주국제공항,CJU,RKPC,아시아태평양,South Korea,대한민국,Jeju,제주
Jeki Airstrip,제키 활주로,JEK,FLJK,아프리카,Zambia,잠비아,Jeki,제키
Jember Noto Hadinegoro Airport,노토하디네고로 공항,JBB,n/a,아시아태평양,Indonesia,인도네시아,Jember,젬베르
Jengjal Baljek Airport,젱잘 발예크 공항,TRU,VETU,아시아태평양,India,인도,Jengjal Baljek,젱잘발예크
Jequie Vicente Grillo Airport,제키에 공항,JEQ,SNJK,라틴아메리카,Brazil,브라질,Jequie,제키에
Jeremie Airport,제레미 공항,JEE,MTJE,카리브해,Haiti,아이티,Jeremie,제레미
Jerez Airport,헤레스 공항,XRY,LEJR,유럽,Spain,스페인,Jerez de la Frontera,헤레스
Jericoacoara Airport,콩트. 아리스톤 페소아 지역공항,JJD,SBJE,라틴아메리카,Brazil,브라질,Cruz,크루스
Jersey Airport,저지 공항,JER,EGJJ,유럽,Jersey,영국,Jersey,저지
Jessore Airport,제소르 공항,JSR,n/a,아시아태평양,Bangladesh,방글라데시,Jessore,제소르
Jeypore Airport,제이포어 공항,PYB,VEJP,아시아태평양,India,인도,Jeypore,제이포어
Jharsuguda Veer Surendra Sai Airport,비르 수렌드라 사이 공항,JRG,VEJH,아시아태평양,India,인도,Jharsuguda,자르수구다
Jiagedaqi Airport,지가게퀴 공항,JGD,ZYJD,아시아태평양,China,중국,Jiagedaqi,자가다치
Jiamusi Dongjiao Airport,자무쓰 공항,JMU,ZYJM,아시아태평양,China,중국,Jiamusi,자무쓰
Ji'an Jinggangshan Airport,징강산 공항,JGS,ZSJA,아시아태평양,China,중국,Ji'an,지안
Jiansanjiang Shidi Airport,지산항주 공항,JSJ,n/a,아시아태평양,China,중국,Jiansanjiang,젠산장
Jiaxing Nanhu Airport,자싱 난후 공항,JNH,n/a,아시아태평양,China,중국,Jiaxing,자싱
Jiayuguan Airport,주취안 공항,JGN,ZLJQ,아시아태평양,China,중국,Jiayuguan,자위관
Jieyang Chaoshan International Airport,제양 차오산 국제공항,SWA,ZGOW,아시아태평양,China,중국,Shantou,산터우
Jihlava Airport,이흘라바 공항,n/a,LKJI,유럽,Czech Republic,체코,Jihlava,이흘라바
Jijel Ferhat Abbas Airport,지젤 퍼헷 하버스 공항,GJL,DAAV,아프리카,Algeria,알제리,Jijel,지젤
Jijiga Airport,윌왈 국제공항,JIJ,HAJJ,아프리카,Ethiopia,이디오피아,Jijiga,지지가
Jimma Airport,아바 세구드 공항,JIM,HAJM,아프리카,Ethiopia,이디오피아,Jimma,지마
Jinan Yaoqiang International Airport,지난 야오창 국제공항,TNA,ZSJN,아시아태평양,China,중국,Jinan,지난
Jinchang Jinchuan Airport,진창 진촨 공항,JIC,ZLJC,아시아태평양,China,중국,Jinchang,진창
Jingdezhen Luojia Airport,징더전 뤄지아 공항,JDZ,ZSJD,아시아태평양,China,중국,Jingdezhen,징더전
Jinghong Xishuangbanna Gasa Airport,시솽반나 가사 공항,JHG,ZPJH,아시아태평양,China,중국,Jinghong,징훙
Jingzhou Shashi Airport,징저우 사시 공항,SHS,ZHJZ,아시아태평양,China,중국,Jingzhou,징저우
Jining Da'an Airport,지닝 다안 공항,JNG,ZLJN,아시아태평양,China,중국,Jining,지닝
Jinja Airport,진자 공항,JIN,HUJI,아프리카,Uganda,우간다,Jinja,진자
Jinju Sacheon Airport,사천공항,HIN,RKPS,아시아태평양,South Korea,대한민국,Jinju,진주
Jinka Baco Airport,바코 공항,BCO,HABC,아프리카,Ethiopia,이디오피아,Jinka,진카
Jinzhou Bay Airport,진저우 베이 공항,JNZ,ZYJZ,아시아태평양,China,중국,Jinzhou,진저우
Ji-Parana Jose Coleto Airport,지-파라나 공항,JPR,SWJI,라틴아메리카,Brazil,브라질,Ji-Parana,지파라나
Jiroft Airport,지로프트 공항,JYR,OIKJ,중동,Iran,이란,Jiroft,지로프트
Jiujiang Lushan Airport,주장 루산 공항,JIU,ZSJJ,아시아태평양,China,중국,Jiujiang,주장
Jixi Xingkaihu Airport,지시 싱카이후 공항,JXA,ZYJX,아시아태평양,China,중국,Jixi,지시
Joacaba Airport,산타 테레지냐 공항,JCB,SSJA,라틴아메리카,Brazil,브라질,Joacaba,조아사바
Joao Paulo II Airport,주앙 파울루 2세 공항,PDL,LPPD,유럽,Portugal,포르투갈,Ponta Delgada,폰타델가다
Joao Pessoa Castro Pinto Airport,프레지덴테 카스트로 핀토 국제공항,JPA,SBJP,라틴아메리카,Brazil,브라질,Joao Pessoa,조앙페소아
Jodhpur Airport,조드푸르 공항,JDH,VIJO,아시아태평양,India,인도,Jodhpur,조드푸르
Joensuu Airport,조엔수 공항,JOE,EFJO,유럽,Finland,핀란드,Joensuu,요엔수
Johannesburg Lanseria Airport,란세리아 국제공항,HLA,FALA,아프리카,South Africa,남아프리카,Johannesburg,요하네스버그
Johannesburg Oliver R Tambo International Airport,OR 탐보 국제공항,JNB,FAOR,아프리카,South Africa,남아프리카,Johannesburg,요하네스버그
John C. Munro Hamilton International Airport,존 C. 먼로 해밀턴 국제공항,YHM,CYHM,북아메리카,Canada,캐나다,Hamilton,해밀턴
John Glenn Columbus International Airport,존 글렌 콜럼버스 국제공항,CMH,KCMH,북아메리카,United States of America,미국,Columbus,콜럼버스
John Murtha Johnstown-Cambria County Airport,존 머사 존스타운 캄브리아 카운티 공항,JST,KJST,북아메리카,United States of America,미국,Johnstown,존스타운
John Wayne Orange County Airport,존 웨인 공항,SNA,KSNA,북아메리카,United States of America,미국,Santa Ana,산타아나
Johor Bahru Senai International Airport,세나이 국제공항,JHB,WMKJ,아시아태평양,Malaysia,말레이시아,Johor Bahru,조호르바루
Joinville Lauro Carneiro de Loyola Airport,조인빌 라우로 카르네이루 데 로욜라 공항,JOI,SBJV,라틴아메리카,Brazil,브라질,Joinville,조인빌리
Jolo Airport,졸로 공항,JOL,n/a,아시아태평양,Philippines,필리핀,Jolo,졸로
Jomsom Airport,좀솜 공항,JMO,VNJS,아시아태평양,Nepal,네팔,Jomsom,좀솜
Jonesboro Municipal Airport,존즈버러 공항,JBR,KJBR,북아메리카,United States of America,미국,Jonesboro,존즈버러
Jonkoping Airport,옌셰핑 공항,JKG,ESGJ,유럽,Sweden,스웨덴,Jonkoping,옌셰핑
Joplin Regional Airport,조플린 공항,JLN,KJLN,북아메리카,United States of America,미국,Joplin,조플린
Jorhat Rowriah Airport,조르하트 공항,JRH,VEJT,아시아태평양,India,인도,Jorhat,조르하트
Jos Yakubu Gowon Airport,야쿠부 고원 공항,JOS,DNJO,아프리카,Nigeria,나이지리아,Jos,조스
Jose Aponte de la Torre Airport,호세 아폰테 데 라 토레 공항,NRR,TJRV,북아메리카,Puerto Rico,푸에르토리코,Ceiba,세이바
Joseph Rendjambe Issani Port Gentil International Airport,포르장틸 국제공항,POG,FOOG,아프리카,Gabon,가봉,Port Gentil,포르장틸
Juara Inacio Luis do Nascimento Airport,이나시오 루이스 두 나시멘토 공항,JUA,SIZX,라틴아메리카,Brazil,브라질,Juara,주아라
Juazeiro do Norte Airport,주아제이로 도 노르 공항,JDO,SBJU,라틴아메리카,Brazil,브라질,Juazeiro do Norte,주아제이루두노르치
Juba Airport,주바 국제공항,JUB,HJJJ,아프리카,South Sudan,수단,Juba,주바
Jubail Airport,주바일 공항,QJB,OEJB,중동,Saudi Arabia,사우디아라비아,Jubail,주바일
Juina Airport,후이나 공항,JIA,n/a,라틴아메리카,Brazil,브라질,JuIna,후이나
Juist Airport,주이스트 공항,JUI,EDWJ,유럽,Germany,독일,Juist,유이스트
Juiz De Fora Francisco De Assis Airport,프란시스코 알바레스 데 아시스 공항,JDF,SBJF,라틴아메리카,Brazil,브라질,Juiz de Fora,주이스지포라
Juiz de Fora President Itamar Franco Airport,프레지덴테 이타마르 프랑코 공항,IZA,SBZM,라틴아메리카,Brazil,브라질,Juiz de Fora,주이스지포라
Jujuy El Cadillal Airport,고베르나도르 호라시오 구스만 국제공항,JUJ,SASJ,라틴아메리카,Argentina,아르헨티나,Jujuy,후후이
Julia Creek Airport,줄리아 크릭 공항,JCK,YJLC,아시아태평양,Australia,오스트레일리아,Julia Creek,줄리아크릭
Juliaca Inca Manco Capac International Airport,잉카 망코 카팍 국제공항,JUL,SPJL,라틴아메리카,Peru,페루,Juliaca,훌리아카
Jumandy Airport,주맨디 공항,TNW,n/a,라틴아메리카,Ecuador,에콰도르,Tena,테나
Jumla Airport,줌라 공항,JUM,n/a,아시아태평양,Nepal,네팔,Jumla,줌라
Juneau International Airport,주노 국제공항,JNU,PAJN,북아메리카,United States of America,미국,Juneau,주노
Jurmala Airport,유르말라 공항,n/a,EVJA,유럽,Latvia,라트비아,Jurmala,유르말라
Jyvaskyla Airport,위베스퀼레 공항,JYV,EFJY,유럽,Finland,핀란드,Jyvaskyla,유바스큘라
Kaadedhdhoo Airport,카데드두 공항,KDM,VRMT,아시아태평양,Maldives,몰디브,Kaadedhdhoo,카데드두
Kabale Airport,카발레 공항,n/a,HUKB,아프리카,Uganda,우간다,Kabale,카발레
Kaben Island Airport,카벤 공항,KBT,n/a,아시아태평양,Marshall Islands,마샬 군도,Kaben,카벤
Kabri Dar Airport,카브리 다르 공항,ABK,n/a,아프리카,Ethiopia,이디오피아,Kabri Dar,카브리다르
Kabul Hamid Karzai International Airport,카불 국제공항,KBL,OAKB,아시아태평양,Afghanistan,아프가니스탄,Kabul,카불
Kadanwari Airport,카단와리 공항,KCF,n/a,아시아태평양,Pakistan,파키스탄,Kadanwari,카단와리
Kadapa Airport,카다파 공항,CDP,VOCP,아시아태평양,India,인도,Kadapa,카다파
Kadavu Airport,부니세아 공항,KDV,NFKD,아시아태평양,Fiji,피지,Kadavu,카다부
Kadena Air Force Base,가데나 공군기지,DNA,n/a,아시아태평양,Japan,일본,Kadena,가데나
Kadhdhoo Airport,카드두 공항,KDO,VRMK,아시아태평양,Maldives,몰디브,Kadhdhoo,카드두
Kadugli Airport,카두글리 공항,KDX,n/a,아프리카,Sudan,수단,Kaduqli,카두글리
Kaduna Airport,카두나 공항,KAD,DNKA,아프리카,Nigeria,나이지리아,Kaduna,카두나
Kaedi Airport,카에디 공항,KED,GQNK,아프리카,Mauritania,모리타니아,Kaedi,카에디
Kagau Airport,카가우 공항,KGE,n/a,아시아태평양,Solomon Islands,솔로몬 제도,Kaghau Island,카가우섬
Kagoshima Airport,가고시마 공항,KOJ,RJFK,아시아태평양,Japan,일본,Kagoshima,가고시마
Kahama Buzwagi Airport,카하마 부즈와기 공항,KBH,HTKH,아프리카,Tanzania,탄자니아,Kahama,카하마
Kahramanmaras Airport,카흐라만마라슈 공항,KCM,LTCN,중동,Turkiye,터키,Kahramanmaras,카흐라만마라슈
Kahului Airport,카훌루이 공항,OGG,PHOG,북아메리카,United States of America,미국,Kahului,카훌루이
Kaikoura Airport,카이코우라 비행장,KBZ,n/a,아시아태평양,New Zealand,뉴질랜드,Kaikoura,카이코우라
Kailashahar Airport,카일라샤하르 공항,IXH,VEKR,아시아태평양,India,인도,Kailashahar,카일라샤하르
Kaili Huangping Airport,카이리 황핑 공항,KJH,ZUKJ,아시아태평양,China,중국,HuangPing,황핑
Kaimana Airport,카이마나 공항,KNG,WASK,아시아태평양,Indonesia,인도네시아,Utarom,우타롬
Kaitaia Airport,카이타이아 공항,KAT,n/a,아시아태평양,New Zealand,뉴질랜드,Kaitaia,카이타이아
Kajaani Airport,카자니 공항,KAJ,EFKI,유럽,Finland,핀란드,Kajaani,카야니
Kakamega Airport,카카메가 공항,GGM,HKKG,아프리카,Kenya,케냐,Kakamega,카카메가
Kake Sea Plane Base,가케 수상 비행장,KAE,PAFE,북아메리카,United States of America,미국,Kake,가케
Kalabo Airport,칼라보 공항,KLB,n/a,아프리카,Zambia,잠비아,Kalabo,칼라보
Kalaeloa Airport,칼라엘로아 공항,JRF,n/a,북아메리카,United States of America,미국,Kalaeloa,칼라엘로아
Kalaleh Airport,칼랄레 공항,KLM,n/a,중동,Iran,이란,Kalaleh,칼랄레
Kalamata International Airport,칼라마타 국제공항,KLX,LGKL,유럽,Greece,그리스,Kalamata,칼라마타
Kalamazoo Battle Creek International Airport,캘러머주/배틀크릭 국제공항,AZO,KAZO,북아메리카,United States of America,미국,Kalamazoo,캘러머주
Kalaupapa Airport,칼라우파파 공항,LUP,PHLU,북아메리카,United States of America,미국,Kalaupapa,칼라우파파
Kalbarri Airport,칼바리 공항,KAX,YKBR,아시아태평양,Australia,오스트레일리아,Kalbarri,칼바리
Kalemie Airport,칼레미 공항,FMI,FZRF,아프리카,Democratic Republic of the Congo,콩고 민주공화국,Kalemie,칼레미
Kalemyo Airport,칼레묘 공항,KMV,n/a,아시아태평양,Myanmar,미얀마,Kalaymyo,칼레묘
Kalgoorlie-Boulder Airport,칼굴리 볼더 공항,KGI,YPKG,아시아태평양,Australia,오스트레일리아,Kalgoorlie,칼굴리
Kalibo Airport,칼리보 국제공항,KLO,RPVK,아시아태평양,Philippines,필리핀,Kalibo,칼리보
Kaliningrad Khrabrovo Airport,크라브로보 공항,KGD,UMKK,유럽,Russian Federation,러시아,Kaliningrad,칼리닌그라드
Kalispell Glacier Park International Airport,글레이셔 파크 국제공항,FCA,KGPI,북아메리카,United States of America,미국,Kalispell,칼리스펠
Kalma Wonsan International Airport,갈마 원산국제공항,WOS,ZKWS,아시아태평양,North Korea,조선민주주의인민공화국,Kalma Wonsan,원산
Kalmar Airport,칼마르 공항,KLR,ESMQ,유럽,Sweden,스웨덴,Kalmar,칼마르
Kalskag Municipal Airport,칼스카그 공항,KLG,PALG,북아메리카,United States of America,미국,Kalskag,칼스카그
Kaltag Airport,칼탁 공항,KAL,PAKV,북아메리카,United States of America,미국,Kaltag,칼탁
Kaluga Grabtsevo Airport,그라브체보 공항,KLF,UUBC,유럽,Russian Federation,러시아,Kaluga,칼루가
Kalymnos Island Airport,칼림노스 아일랜드 내셔널 공항,JKL,LGKY,유럽,Greece,그리스,Kalymnos,칼림노스
Kamalpur Airport,카말푸르 공항,IXQ,VEKM,아시아태평양,India,인도,Kamalpur,카말푸르
Kamembe Airport,카멤베 공항,KME,HRZA,아프리카,Rwanda,르완다,Cyangugu,샹구구
Kameshli Al-Qamishli Airport,카미슐리 공항,KAC,OSKL,중동,Syria,시리아,Kamishly,카미슐리
Kamloops Airport,캠룹스 공항,YKA,CYKA,북아메리카,Canada,캐나다,Kamloops,캠룹스
Kananga Airport,카낭가 공항,KGA,FZUA,아프리카,Democratic Republic of the Congo,콩고 민주공화국,Kananga,카낭가
Kandahar Airport,칸다하르 국제공항,KDH,OAKN,아시아태평양,Afghanistan,아프가니스탄,Kandahar,칸다하르
Kandla Airport,칸들라 공항,IXY,VAKE,아시아태평양,India,인도,Kandla,칸들라
Kangaatsiaq Heliport,캉가시아크 헬리포트,QPW,BGKA,유럽,Greenland,그린란드,Kangaatsiaq,캉가시아크
Kangding Airport,캉딩 공항,KGT,ZUKD,아시아태평양,China,중국,Kangding,캉딩
Kangerlussuaq Airport,캉게를루수아크 공항,SFJ,BGSF,유럽,Greenland,그린란드,Kangerlussuaq,캉게를루수아크
Kangersuatsiaq Heliport,캉게르수아시아크 헬리포트,KGQ,BGKS,유럽,Greenland,그린란드,Kangersuatsiaq,캉게르수아시아크
Kangiqsualujjuaq Airport,캥그프샬르주악 공항,XGR,CYLU,북아메리카,Canada,캐나다,Kangiqsualujjuaq,캉긱수알루주악
Kangiqsujuaq Airport,캉긱수주아크 공항,YWB,CYKG,북아메리카,Canada,캐나다,Kangiqsujuaq,캉긱수주아크
Kangirsuk Airport,강기르숙 공항,YKG,CYAS,북아메리카,Canada,캐나다,Kangirsuk,강기르숙
Kangra Gaggal Airport,개갈 공항,DHM,VIGG,아시아태평양,India,인도,Kangra,캉그라
Kannur International Airport,칸누르 국제공항,CNN,VOKN,아시아태평양,India,인도,Kannur,칸누르
Kano Mallam Aminu International Airport,말람 아미누 카노 국제공항,KAN,DNKN,아프리카,Nigeria,나이지리아,Kano,카노
Kanpur Airport,칸푸르 공항,KNU,VIKA,아시아태평양,India,인도,Kanpur,칸푸르
Kansas City International Airport,캔자스시티 국제공항,MCI,KMCI,북아메리카,United States of America,미국,Kansas City,캔자스시티
Kansas City New Century Aircenter Airport,뉴 센추리 에어센터,JCI,KIXD,북아메리카,United States of America,미국,Olathe,올레이스
Kansas City Wheeler Downtown Airport,찰스 B. 휠러 다운타운 공항,MKC,KMKC,북아메리카,United States of America,미국,Kansas City,캔자스시티
Kaohsiung International Airport,가오슝 국제공항,KHH,RCKH,아시아태평양,Taiwan,대만,Kaohsiung,가오슝
Kapalua Airport,카팔루아 공항,JHM,PHJH,북아메리카,United States of America,미국,Kapalua,카팔루아
Kapuskasing Airport,카푸스카싱 공항,YYU,n/a,북아메리카,Canada,캐나다,Kapuskasing,카푸스카싱
Karachi Jinnah International Airport,진나 국제공항,KHI,OPKC,아시아태평양,Pakistan,파키스탄,Karachi,카라치
Karaganda Airport,사리아르카 공항,KGF,UAKK,아시아태평양,Kazakhstan,카자흐스탄,Karaganda,카라간다
Karaj Payam Airport,파얌 국제공항,PYK,OIIP,중동,Iran,이란,Karaj,카라지
Karakol International Airport,카라콜 국제공항,n/a,UCFP,아시아태평양,Kyrgyzstan,키르기스스탄,Karakol,카라콜
Karamay Airport,카라메이 공항,KRY,ZWKM,아시아태평양,China,중국,Karamay,커라마이
Karasburg Airport,카라스버그 공항,KAS,n/a,아프리카,Namibia,나미비아,Karasburg,카라스버그
Kardla Airport,케르들라 공항,KDL,EEKA,유럽,Estonia,에스토니아,Kardla,캐르들라
Kargil Airport,카르길 공항,n/a,n/a,아시아태평양,India,인도,Kargil,카르길
Kariba Airport,카리바 공항,KAB,FVKB,아프리카,Zimbabwe,짐바브웨,Kariba,카리바
Karimunjawa Dewadaru Airport,데와다루 공항,KWB,WAHU,아시아태평양,Indonesia,인도네시아,Karimun Java,카리문자와
Karlovy Vary International Airport,카를로비바리 공항,KLV,LKKV,유럽,Czech Republic,체코,Karlovy Vary,카를로비바리
Karlsruhe/Baden-Baden Airport,카를스루에/바덴바덴 공항,FKB,EDSB,유럽,Germany,독일,Karlsruhe,카를스루에
Karlstad Airport,칼스타드 공항,KSD,ESOK,유럽,Sweden,스웨덴,Karlstad,칼스타드
Karluk Airport,카를룩 공항,KYK,PAKY,북아메리카,United States of America,미국,Karluk,카를룩
Karonga Airport,카롱가 공항,KGJ,n/a,아프리카,Malawi,말라위,Karonga,카롱가
Karpathos Airport,카르파토스 아일랜드 내셔널 공항,AOK,LGKP,유럽,Greece,그리스,Karpathos,카르파토스
Karratha Airport,카라타 공항,KTA,YPKA,아시아태평양,Australia,오스트레일리아,Karratha,카라타
Kars Airport,카르스 하라카니 공항,KSY,LTCF,중동,Turkiye,터키,Kars,카르스
Karshi Airport,카르시 공항,KSQ,UZSK,아시아태평양,Uzbekistan,우즈베키스탄,Karshi,카르시
Karumba Airport,카룸바 공항,KRB,YKMB,아시아태평양,Australia,오스트레일리아,Karumba,카룸바
Karup Midtjyllands Airport,카룹 공항,KRP,EKKA,유럽,Denmark,덴마크,Karup,카루프
Kasaan Seaplane Base,카산 수상비행기 기지,KXA,n/a,북아메리카,United States of America,미국,Kasaan,카산
Kasabonika Airport,카사보니카 공항,XKS,CYAQ,북아메리카,Canada,캐나다,Kasabonika,카사보니카
Kasama Airport,가사마 공항,KAA,FLKS,아프리카,Zambia,잠비아,Kasama,카사마
Kasane International Airport,카사네 공항,BBK,FBKE,아프리카,Botswana,보츠와나,Kasane,카사네
Kaschechewan Airport,카셰체완 공항,ZKE,n/a,북아메리카,Canada,캐나다,Kashechewan,카셰체완
Kasenga Airport,카센가 공항,KEC,n/a,아프리카,Democratic Republic of the Congo,콩고 민주공화국,Kasenga,카센가
Kasese Airport,카세세 공항,KSE,HUKS,아프리카,Uganda,우간다,Kasese,카세세
Kashan Airport,카샨 공항,KKS,OIFK,중동,Iran,이란,Kashan,카샨
Kashi Lining International Airport,카슈가르 공항,KHG,ZWSH,아시아태평양,China,중국,Kashgar,카슈가르
Kasigluk Airport,카시글룩 공항,KUK,n/a,북아메리카,United States of America,미국,Kasigluk,카시글룩
Kasos Island Airport,카소스 아일랜드 공항,KSJ,LGKS,유럽,Greece,그리스,Kasos Island,카소스 섬
Kassala Airport,카살라 공항,KSL,HSKA,아프리카,Sudan,수단,Kassala,카살라
Kassel Calden Airport,카셀 공항,KSF,EDVK,유럽,Germany,독일,Kassel,카셀
Kastamonu Airport,카스타모누 공항,KFS,LTAL,중동,Turkiye,터키,Kastamonu,카스타모누
Kastoria Aristotelis Airport,카스토리아 내셔널 공항,KSO,LGKA,유럽,Greece,그리스,Kastoria,카스토리아
Katherine Tindal Civilian Airport,호주왕립공군군사기지 베이스 틴달,KTR,YPTN,아시아태평양,Australia,오스트레일리아,Katherine,캐서린
Kathmandu Tribhuvan Airport,트리부반 국제공항,KTM,VNKT,아시아태평양,Nepal,네팔,Kathmandu,카트만두
Katiu Airport,카티우 공항,KXU,NTKT,아시아태평양,French Polynesia,프랑스령 폴리네시아,Katiu,카티우
Katowice Airport,카토비체 국제공항,KTW,EPKT,유럽,Poland,폴란드,Katowice,카토비체
Katsina Airport,카치나 공항,DKA,DNKT,아프리카,Nigeria,나이지리아,Katsina,카치나
Kau Airport,쿠아방 공항,KAZ,WAEK,아시아태평양,Indonesia,인도네시아,Kao,카오
Kauehi Airport,카우에히 비행장,KHZ,NTKA,아시아태평양,French Polynesia,프랑스령 폴리네시아,Kauehi,카우에히
Kaukura Atoll Airport,카우쿠라 공항,KKR,NTGK,아시아태평양,French Polynesia,프랑스령 폴리네시아,Kaukura Atoll,카우쿠라 환초
Kaunas International Airport,카우나스 국제공항,KUN,EYKA,유럽,Lithuania,리투아니아,Kaunas,카우나스
Kavala Megas Alexandros Airport,카발라 국제공항,KVA,LGKV,유럽,Greece,그리스,Kavala,카발라
Kavalerovo Airport,카발레로보 공항,KVR,n/a,유럽,Russian Federation,러시아,Kavalerovo,카발레로보
Kavieng Airport,카비엥 공항,KVG,AYKV,아시아태평양,Papua New Guinea,파푸아뉴기니,Kavieng,카비엥
Kawthaung Airport,카우타웅 공항,KAW,n/a,아시아태평양,Myanmar,미얀마,Kawthaung,코타웅
Kayes Airport,카이스 공항,KYS,GAKD,아프리카,Mali,말리,Kayes,카예
Kayseri Erkilet Airport,에르킬레트 국제공항,ASR,LTAU,중동,Turkiye,터키,Kayseri,카이세리
Kazan Airport,카잔 국제공항,KZN,UWKD,유럽,Russian Federation,러시아,Kazan,카잔
Kazarman Airport,카자르만 공항,n/a,UAFZ,아시아태평양,Kyrgyzstan,키르기스스탄,Kazarman,카자르만
Kearney Regional Airport,카니 공항,EAR,KEAR,북아메리카,United States of America,미국,Kearney,커니
Kediri Dhoho International Airport,케디리 도호 국제공항,DHX,WARD,아시아태평양,Indonesia,인도네시아,Kediri Dhoho,크디리 도호
Keekorok Airport,키코록 공항,KEU,HKKE,아프리카,Kenya,케냐,Keekorok,키코록
Keetmanshoop Airport,키트만스후프 공항,KMP,FYKT,아프리카,Namibia,나미비아,Keetmanshoop,키트만스후프
Keewaywin Airport,키웨이윈 공항,KEW,n/a,북아메리카,Canada,캐나다,Keewaywin,키웨이윈
Kefallinia/Kefalonia Airport,케팔로니아 국제공항,EFL,LGKF,유럽,Greece,그리스,Kefallinia,케팔로니아
Kegaska Airport,케가스카 공항,ZKG,n/a,북아메리카,Canada,캐나다,Kegaska,케가스카
Kelowna International Airport,킬로나 국제공항,YLW,CYLW,북아메리카,Canada,캐나다,Kelowna,킬로나
Kemerovo Airport,케메로보 국제공항,KEJ,UNEE,유럽,Russian Federation,러시아,Kemerovo,케메로보
Kemi/Tornio Airport,케미토르니오 공항,KEM,EFKE,유럽,Finland,핀란드,Kemi-Tornio,케미 토르니오
Ken Jones Aerodrome,켄 존스 비행장,POT,MKKJ,카리브해,Jamaica,자메이카,Port Antonio,포트안토니오
Kenai Airport,케나이 공항,ENA,PAEN,북아메리카,United States of America,미국,Kenai,케나이
Kendari Wolter Monginsidi Airport,할루올레오 공항,KDI,WAWW,아시아태평양,Indonesia,인도네시아,Kendari,켄다리
Keng Tung Airport,켕퉁 공항,KET,n/a,아시아태평양,Myanmar,미얀마,Kengtung,켕퉁
Kenora Airport,케노라 공항,YQK,CYQK,북아메리카,Canada,캐나다,Kenora,케노라
Kenosha Regional Airport,케노샤 공항,ENW,KENW,북아메리카,United States of America,미국,Kenosha,커노샤
Keperveyem Airport,케퍼베옐 공항,KPW,UHMK,유럽,Russian Federation,러시아,Keperveyem,케페르베염
Kerben Airport,케르벤 공항,n/a,UAFE,아시아태평양,Kyrgyzstan,키르기스스탄,Kerben,케르벤
Kerema Airport,케레마 공항,KMA,n/a,아시아태평양,Papua New Guinea,파푸아뉴기니,Kerema,케레마
Kerikeri Airport,케리케리 공항,KKE,NZKK,아시아태평양,New Zealand,뉴질랜드,Kerikeri,케리케리
Kerinci Depati Parbo Airport,데파티 파르보 공항,KRC,n/a,아시아태평양,Indonesia,인도네시아,Kerinci,크린치
Kerki Airport,케르키 공항,KEA,UTAE,아시아태평양,Turkmenistan,투르크메니스탄,Kerki,케르키
Kerkyra Corfu International Airport,코르푸 국제공항,CFU,LGKR,유럽,Greece,그리스,Corfu,코르푸
Kerman Airport,케르만 공항,KER,OIKK,중동,Iran,이란,Kerman,케르만
Kermanshah Airport,사히드 아쉬라피 에스파하니 공항,KSH,OICC,중동,Iran,이란,Kermanshah,케르만샤
Kerry Airport,케리 공항,KIR,EIKY,유럽,Ireland,아일랜드,Kerry,케리
Kerteh Airport,케르테 공항,KTE,WMKE,아시아태평양,Malaysia,말레이시아,Kerteh,케르테
Keshod Airport,케쇼드 공항,IXK,VAKS,아시아태평양,India,인도,Keshod,케쇼드
Ketapang Airport,라하디 오스만 공항,KTG,WIOK,아시아태평양,Indonesia,인도네시아,Ketapang,케타팡
Ketchikan International Airport,케치칸 국제공항,KTN,PAKT,북아메리카,United States of America,미국,Ketchikan,케치칸
Key West International Airport,키웨스트 국제공항,EYW,KEYW,북아메리카,United States of America,미국,Key West,키웨스트
Khabarovsk Novy Airport,하바롭스크 노비 공항,KHV,UHHH,유럽,Russian Federation,러시아,Khabarovsk,하바롭스크
Khajuraho Airport,카주라호 민간 비행장,HJR,VAKJ,아시아태평양,India,인도,Khajuraho,카주라호
Khamtis Airport,캄티 공항,KHM,n/a,아시아태평양,Myanmar,미얀마,Khamti,캄티
Khandyga Tyopliy Klyuch Airport,테플리 클류치 공항,KDY,UEMH,유럽,Russian Federation,러시아,Khandyga,한디가
Khanidanda Airport,만 마야 공항,KDN,VNKD,아시아태평양,Nepal,네팔,Khanidanda,카니다다
Khanty-Mansiysk Airport,한티 만시스크 공항,HMA,USHH,유럽,Russian Federation,러시아,Khanty-Mansiysk,한티만시스크
Khark Airport,카르그 공항,KHK,OIBQ,중동,Iran,이란,Kharg Island,하르그섬
Kharkiv International Airport,하르키우 국제공항,HRK,UKHH,유럽,Ukraine,우크라이나,Kharkiv,하르키우
Khartoum International Airport,하르툼 국제공항,KRT,HSSS,아프리카,Sudan,수단,Khartoum,하르툼
Khasab Airport,카삽 공항,KHS,OOKB,중동,Oman,오만,Khasab,카삽
Khatanga Airport,카탕가 공항,HTG,UOHH,유럽,Russian Federation,러시아,Khatanga,하탕가
Khatgal Airport,카트갈 공항,HTM,n/a,아시아태평양,Mongolia,몽골,Khatgal,하트갈
Kherson Airport,헤르손 국제공항,KHE,UKOH,유럽,Ukraine,우크라이나,Kherson,헤르손
Khmelnytskyi Airport,크멜니츠키 공항,HMJ,UKLH,유럽,Ukraine,우크라이나,Khmelnytsky,흐멜니츠키
Khon Kaen Airport,콘캔 공항,KKC,VTUK,아시아태평양,Thailand,태국,Khon Kaen,콘캔
Khorog Airport,코로그 공항,n/a,UTOD,아시아태평양,Tajikistan,타지키스탄,Khorog,호로그
Khorramabad Airport,코라마바드 공항,KHD,OICK,중동,Iran,이란,Khorramabad,호람아바드
Khost Chapman Airport,고스트 비행장,KHT,OAKS,아시아태평양,Afghanistan,아프가니스탄,Khost,고스트
Khotang Bazar Thamkharkar Airport,코탕 바자르 탐하카르 공항,TMK,VNTH,아시아태평양,Nepal,네팔,Khotang,코탕
Khovd Airport,호브드 공항,HVD,ZMKD,아시아태평양,Mongolia,몽골,Khovd,호브드
Khoy Airport,코이 공항,KHY,OITK,중동,Iran,이란,Khoy,호이
Khujand International Airport,후잔트 공항,LBD,UTDL,아시아태평양,Tajikistan,타지키스탄,Khujand,후잔트
Kiana Bob Baker Memorial Airport,밥 베이커 메모리얼 공항,IAN,n/a,북아메리카,United States of America,미국,Kiana,키아나
Kichwa Tembo Airport,키츠와 템보 공항,KTJ,HKTB,아프리카,Kenya,케냐,Narok,나로크
Kiel Airport,킬 공항,KEL,EDHK,유럽,Germany,독일,Kiel,킬
Kieta Aropa Airport,아로파 공항,KIE,AYIQ,아시아태평양,Papua New Guinea,파푸아뉴기니,Kieta,키에타
Kigali International Airport,키갈리 국제공항,KGL,HRYR,아프리카,Rwanda,르완다,Kigali,키갈리
Kigoma Airport,키고마 공항,TKQ,HTKA,아프리카,Tanzania,탄자니아,Kigoma,키고마
Kihihi Airport,키히히 활주로,KHX,n/a,아프리카,Uganda,우간다,Kihihi,키히히
Kikaiga Shima Airport,기카이 공항,KKX,RJKI,아시아태평양,Japan,일본,Kikai,기카이
Kikori Airport,키코리 공항,KRI,n/a,아시아태평양,Papua New Guinea,파푸아뉴기니,Kikori,키코리
Kili Island Airport,킬리 공항,KIO,n/a,아시아태평양,Marshall Islands,마샬 군도,Kili Island,킬리 섬
Kilimanjaro Airport,킬리만자로 국제공항,JRO,HTKJ,아프리카,Tanzania,탄자니아,Kilimanjaro,킬리만자로
Killeen/Fort Hood Regional Airport,킬린 포트 후드 공항,GRK,KGRK,북아메리카,United States of America,미국,Killeen,킬린
Kilwa Masoko Airport,킬와 마소코 공항,KIY,HTKI,아프리카,Tanzania,탄자니아,Kilwa Masoko,킬와마소코
Kimberley Airport,킴벌리 공항,KIM,FAKM,아프리카,South Africa,남아프리카,Kimberley,킴벌리
Kimmirut/Lake Harbour Kimmirut Airport,킴미루트 공항,YLC,CYLC,북아메리카,Canada,캐나다,Kimmirut,킴미루트
Kindu Airport,킨두 공항,KND,FZOA,아프리카,Democratic Republic of the Congo,콩고 민주공화국,Kindu,킨두
King Cove Airport,킹 코브 공항,KVC,PAVC,북아메리카,United States of America,미국,King Cove,킹코브
King Island Airport,킹 아일랜드 공항,KNS,YKII,아시아태평양,Australia,오스트레일리아,King Island,킹 섬
King Khalid Military City Airport,킹 칼리드 군사도시 공항,KMC,n/a,중동,Saudi Arabia,사우디아라비아,King Khalid,킹칼리드
King Phalo Airport,킹 팔로 공항,ELS,FAEL,아프리카,South Africa,남아프리카,East London,이스트런던
King Salmon Airport,킹 새먼 공항,AKN,PAKN,북아메리카,United States of America,미국,King Salmon,킹새먼
Kingfisher Lake Airport,킹피셔 레이크 공항,KIF,n/a,북아메리카,Canada,캐나다,Kingfisher Lake,킹피셔레이크
Kingman Airport,킹맨 공항,IGM,KIGM,북아메리카,United States of America,미국,Kingman,킹먼
Kingscote Airport,킹스코트 공항,KGC,YKSC,아시아태평양,Australia,오스트레일리아,Kingscote,킹스코트
Kingston Norman Manley International Airport,노먼 맨리 국제공항,KIN,MKJP,카리브해,Jamaica,자메이카,Kingston,킹스턴
Kingston Norman Rogers Airport,킹스턴/노먼 로저스 공항,YGK,CYGK,북아메리카,Canada,캐나다,Kingston,킹스턴
Kingston Tinson Airport,틴슨 펜 비행장,KTP,n/a,카리브해,Jamaica,자메이카,Kingston,킹스턴
Kinmen Shang-Yi Airport,진먼 공항,KNH,RCBS,아시아태평양,Taiwan,대만,Kinmen,진먼
Kinshasa N'Djili Airport,은질리 공항,FIH,FZAA,아프리카,Democratic Republic of the Congo,콩고 민주공화국,Kinshasa,킨샤사
Kinshasa N'Dolo Airport,은돌로 공항,NLO,FZAB,아프리카,Democratic Republic of the Congo,콩고 민주공화국,Kinshasa,킨샤사
Kinston Regional Jetport,킨스턴 지역 제트포트,ISO,KISO,북아메리카,United States of America,미국,Kinston,킨스턴
Kipnuk Sea Plane Base,킵누크 수상비행장,KPN,n/a,북아메리카,United States of America,미국,Kipnuk,킵넉
Kirakira Airport,키라키라 공항,IRA,AGGK,아시아태평양,Solomon Islands,솔로몬 제도,Kirakira,키라키라
Kirensk Airport,키렌스크 공항,KCK,UIKK,유럽,Russian Federation,러시아,Kirensk,키렌스크
Kiri Airport,바상고 음볼리아사 공항,KRZ,n/a,아프리카,Democratic Republic of the Congo,콩고 민주공화국,Kiri,키리
Kirkenes Hoeybuktmoen Airport,키르케네스 공항,KKN,ENKR,유럽,Norway,노르웨이,Kirkenes,키르케네스
Kirksville Regional Airport,커크스빌 공항,IRK,KIRK,북아메리카,United States of America,미국,Kirksville,커크스빌
Kirkuk Airport,키르쿠크 공항,KIK,ORKK,중동,Iraq,이라크,Kirkuk,키르쿠크
Kirkwall Airport,커크월 공항,KOI,EGPA,유럽,United Kingdom,영국,Kirkwall,커크월
Kirov Pobedilovo Airport,포베딜로보 공항,KVX,USKK,유럽,Russian Federation,러시아,Kirov,키로프
Kirovsk/Apatity Khibiny Airport,키로프스크 아파티티 공항,KVK,ULMK,유럽,Russian Federation,러시아,Kirovsk-Apatity,키로프스크 아파티티
Kiruna Airport,키루나 공항,KRN,ESNQ,유럽,Sweden,스웨덴,Kiruna,키루나
Kisangani Airport,방고카 국제공항,FKI,FZIC,아프리카,Democratic Republic of the Congo,콩고 민주공화국,Kisangani,키상가니
Kish Island Airport,키시 국제공항,KIH,OIBK,중동,Iran,이란,Kish Island,키시 섬
Kisimayu Airport,키스마요 공항,KMU,HCMK,아프리카,Somalia,소말리아,Kismayo,키스마요
Kisumu Airport,키수무 국제공항,KIS,HKKI,아프리카,Kenya,케냐,Kisumu,키수무
Kitadaito Airport,기타다이토 공항,KTD,RORK,아시아태평양,Japan,일본,Kitadaito,기타다이토
Kitakyushu Airport,기타큐슈 공항,KKJ,RJFR,아시아태평양,Japan,일본,Kitakyushu,기타큐슈
Kitale Airport,키탈레 공항,KTL,HKKT,아프리카,Kenya,케냐,Kitale,키탈레
Kitsissuarsuit Heliport,키치수아르수이트 헬리포트,QJE,BGKT,유럽,Greenland,그린란드,Kitsissuarsuit,키치수아르수이트
Kittila Airport,키틸라 공항,KTT,EFKT,유럽,Finland,핀란드,Kittila,키틸래
Kitui Bay Sea Plane Base,키토이만 수상비행장,KKB,n/a,북아메리카,United States of America,미국,Kitoi Bay,키토이만
Kitwe Southdowns Airport,사우스다운스 공항,KIW,n/a,아프리카,Zambia,잠비아,Kitwe,키트웨
Kiunga Airport,기웅가 공항,UNG,AYKI,아시아태평양,Papua New Guinea,파푸아뉴기니,Kiunga,기웅가
Kivalina Airport,키발리나 공항,KVL,PAVL,북아메리카,United States of America,미국,Kivalina,키발리나
Klagbay Airport,클래그베이 공항,n/a,n/a,북아메리카,United States,미국,Klagbay,클래그베이
Klagenfurt Airport,클라겐푸르트 공항,KLU,LOWK,유럽,Austria,오스트리아,Klagenfurt,클라겐푸르트
Klawock Airport,클라웍 공항,KLW,PAKW,북아메리카,United States of America,미국,Klawock,클라웍
Klemtu Airport,클렘투 수상비행장,YKT,n/a,북아메리카,Canada,캐나다,Klemtu,클렘투
Kleyate Airport,르네 무아와드 공군기지,KYE,OLKA,중동,Lebanon,레바논,Tripoli,트리폴리
Knoxville McGhee Tyson Airport,맥기 타이슨 공항,TYS,KTYS,북아메리카,United States of America,미국,Knoxville,녹스빌
Kobuk/Wien Airport,고북공항,OBU,PAOB,북아메리카,United States of America,미국,Kobuk,고북
Kochi Ryoma Airport,고치 료마 공항,KCZ,RJOK,아시아태평양,Japan,일본,Kochi,고치
Kochi/Cochin International Airport,코친 국제공항,COK,VOCI,아시아태평양,India,인도,Kochi,코치
Kodiak Benny Benson State Airport,코디악 공항,ADQ,PADQ,북아메리카,United States of America,미국,Kodiak,코디액
Kodiak Municipal Airport,코디악 공항,KDK,n/a,북아메리카,United States of America,미국,Kodiak,코디액
Kogalym Airport,코갈림 국제공항,KGP,USRK,유럽,Russian Federation,러시아,Kogalym,코갈림
Koggala Airport,코갈라 공항,KCT,VCCK,아시아태평양,Sri Lanka,스리랑카,Koggala,코갈라
Koh Samui Airport,사무이 공항,USM,VTSM,아시아태평양,Thailand,태국,Ko Samui,코사무이
Kokkola/Pietarsaari Kruunupyy Airport,코콜라 피에타르사리 공항,KOK,EFKK,유럽,Finland,핀란드,Kokkola-Pietarsaari,코콜라 피에타르사리
Kokoda Airport,코코다 공항,KKD,n/a,아시아태평양,Papua New Guinea,파푸아뉴기니,Kokoda,코코다
Kokshetau Airport,콕셰타우 공항,KOV,UACK,아시아태평양,Kazakhstan,카자흐스탄,Kokshetau,콕셰타우
Kolda North Airport,콜다 노스 공항,KDA,n/a,아프리카,Senegal,세네갈,Kolda,콜다
Kolhapur Airport,콜라푸르 공항,KLH,VAKP,아시아태평양,India,인도,Kolhapur,콜라푸르
Kolkata Netaji Subhas Chandra Bose Airport,네타지 수바스 찬드라 보스 국제공항,CCU,VECC,아시아태평양,India,인도,Kolkata,콜카타
Kolwezi Airport,콜웨지 공항,KWZ,n/a,아프리카,Democratic Republic of the Congo,콩고 민주공화국,Kolwezi,콜웨지
Komatsu Airport,고마쓰 공항,KMQ,RJNK,아시아태평양,Japan,일본,Komatsu,고마쓰
Komodo Airport,코모도 공항,LBJ,WATO,아시아태평양,Indonesia,인도네시아,Labuan Bajo,라부안바조
Komo-Manda Airport,코모만다 공항,KOM,n/a,아시아태평양,Papua New Guinea,파푸아뉴기니,Komo-Manda,코모만다
Komsomolsk-on-Amur Khurba Airport,콤소몰스크 온 아무르 공항,KXK,UHKK,유럽,Russian Federation,러시아,Komsomolsk-on-Amur,콤소몰스크나아무레
Kona International Airport,케아홀 코나 국제공항,KOA,PHKO,북아메리카,United States of America,미국,Kona,코나
Kone Airport,코네 공항,KNQ,NWWD,아시아태평양,New Caledonia,뉴칼레도니아,Kone,코네
Kongiganak Airport,콩기가낙 공항,KKH,PADY,북아메리카,United States of America,미국,Kongiganak,콩기가낙
Kongolo Airport,콩골로 공항,KOO,FZRQ,아프리카,Democratic Republic of the Congo,콩고 민주공화국,Kongolo,콩골로
Konya Airport,콘야 공항,KYA,LTAN,중동,Turkiye,터키,Konya,콘야
Kooddoo Airport,쿠두 공항,GKK,VRMO,아시아태평양,Maldives,몰디브,Kooddoo,쿠두
Korhogo Airport,코로고 공항,HGO,DIKO,아프리카,Cote d'Ivoire,코트디부아르,Korhogo,코로고
Korla Airport,코를라 공항,KRL,ZWKL,아시아태평양,China,중국,Korla,쿠를라
Koro Airport,고로 공항,KXF,NFNO,아시아태평양,Fiji,피지,Koro,고로
Koromiko Airport,코로미코 공항,PCN,n/a,아시아태평양,New Zealand,뉴질랜드,Koromiko,코로미코
Kortrijk Wevelgem Flanders International Airport,코르트레이크 베벨겜 국제공항,KJK,EBKT,유럽,Belgium,벨기에,Kortrijk,코르트레이크
Kos Ippokratis Airport,코스 아일랜드 국제공항,KGS,LGKO,유럽,Greece,그리스,Kos,코스 섬
Kosice Barca Airport,코시체 국제공항,KSC,LZKZ,유럽,Slovakia,슬로바키아,Kosice,코시체
Kosrae International Airport,코스라에 국제공항,KSA,PTSA,아시아태평양,Micronesia,미크로네시아연방,Kosrae,코스라에
Kostanay Airport,코스타나이 공항,KSN,UAUU,아시아태평양,Kazakhstan,카자흐스탄,Kostanay,코스타나이
Kostroma Airport,코스트로마 공항,KMW,UUBA,유럽,Russian Federation,러시아,Kostroma,코스트로마
Kota Airport,코타 공항,KTU,VIKO,아시아태평양,India,인도,Kota,코타
Kota Bharu Sultan Ismail Petra Airport,술탄 이스마일 페트라 공항,KBR,WMKC,아시아태평양,Malaysia,말레이시아,Kota Bharu,코타바루
Kota Kinabalu International Airport,코타키나발루 국제공항,BKI,WBKK,아시아태평양,Malaysia,말레이시아,Kota Kinabalu,코타키나발루
Kotlas Airport,코틀라스 공항,KSZ,ULKK,유럽,Russian Federation,러시아,Kotlas,코틀라스
Kotlik Airport,코틀릭 공항,KOT,n/a,북아메리카,United States of America,미국,Kotlik,코틀릭
Kotzebue Airport,랄프 빈 메모리얼 공항,OTZ,PAOT,북아메리카,United States of America,미국,Kotzebue,코제뷰
Koulamoutou Airport,쿨라무투 공항,KOU,n/a,아프리카,Gabon,가봉,Koulamoutou,쿨라무투
Koumac Airport,쿠막 공항,KOC,NWWK,아시아태평양,New Caledonia,뉴칼레도니아,Koumac,쿠막
Kowanyama Airport,고완야마 공항,KWM,YKOW,아시아태평양,Australia,오스트레일리아,Kowanyama,고완야마
Koyuk Airport,코유크 알프레드 아담스 공항,KKA,PAKK,북아메리카,United States of America,미국,Koyuk,코유크
Koyukuk Airport,고유쿡 공항,KYU,PFKU,북아메리카,United States of America,미국,Koyukuk,고유쿡
Kozani Filippos Airport,코자니 내셔널 공항,KZI,LGKZ,유럽,Greece,그리스,Kozani,코자니
Kozhikode Calicut Airport,캘리컷 국제공항,CCJ,VOCL,아시아태평양,India,인도,Kozhikode,코지코드
Kozushima Airport,고즈시마 공항,KOZ,RJAZ,아시아태평양,Japan,일본,Kozushima,고즈시마
Krabi Airport,끄라비 공항,KBV,VTSG,아시아태평양,Thailand,태국,Krabi,끄라비
Krakow John Paul II Balice International Airport,크라쿠프 요한 바오로 2세 국제공항,KRK,EPKK,유럽,Poland,폴란드,Krakow,크라쿠프
Kraljevo Morava Airport,모라바 공항,KVO,LYKV,유럽,Serbia,세르비아,Kraljevo,크랄레보
Kramfors Hoga Kusten Airport,회가 쿠스텐 공항,KRF,ESNK,유럽,Sweden,스웨덴,Kramfors-Solleftea,크람포르스
Krasnodar Pashkovsky Airport,크라스노다르 국제공항,KRR,URKK,유럽,Russian Federation,러시아,Krasnodar,크라스노다르
Krasnoselkup Airport,크라스노쿱 공항,KKQ,n/a,유럽,Russian Federation,러시아,Krasnoselkup,크라스노셀쿱
Krasnoyarsk Cheremshanka Airport,크라스노야르스크 체렘샨카 공항,KCY,UNKM,유럽,Russian Federation,러시아,Krasnoyarsk,크라스노야르스크
Krasnoyarsk International Airport,예멜랴노보 국제공항,KJA,UNKL,유럽,Russian Federation,러시아,Krasnoyarsk,크라스노야르스크
Kristiansand Kjevik Airport,크리스티안산(케비크) 공항 ,KRS,ENCN,유럽,Norway,노르웨이,Kristiansand,크리스티안산
Kristianstad Airport,크리스티안스타드 공항,KID,ESMK,유럽,Sweden,스웨덴,Kristianstad,크리스티안스타드
Kristiansund Airport,크리스티안순 공항 ,KSU,ENKB,유럽,Norway,노르웨이,Kristiansund,크리스티안순
Kruger Mpumalanga International Airport,크루거 음푸말랑가 국제공항,MQP,FAKN,아프리카,South Africa,남아프리카,Mbombela,음봄벨라
Krui Muhammad Taufiq Kiemas Airport,무하마드 타우피크 키에마스 공항,TFY,WIKR,아시아태평양,Indonesia,인도네시아,Krui,크루이
Kryvyi Rih/Lozovatka International Airport,크리비리흐 국제공항,KWG,UKDR,유럽,Ukraine,우크라이나,Kryvyi Rih,크리비리흐
Kuala Lumpur International Airport,쿠알라룸푸르 국제공항,KUL,WMKK,아시아태평양,Malaysia,말레이시아,Kuala Lumpur,쿠알라룸푸르
Kuala Terengganu Sultan Mahmud Airport,술탄 마흐무드 공항,TGG,WMKN,아시아태평양,Malaysia,말레이시아,Kuala Terengganu,쿠알라트렝가누
Kuantan Airport,술탄 하지 아흐마드 샤 공항,KUA,WMKD,아시아태평양,Malaysia,말레이시아,Kuantan,쿠안탄
Kubin Village Airport,쿠빈 공항,KUG,YKUB,아시아태평양,Australia,오스트레일리아,Kubin,쿠빈
Kuching Airport,쿠칭 국제공항,KCH,WBGG,아시아태평양,Malaysia,말레이시아,Kuching,쿠칭
Kudahuvadhoo Dhaalu Airport,다알루 공항,DDD,VRMU,아시아태평양,Maldives,몰디브,Dhaalu Atoll,다알루
Kudat Airport,쿠닷 공항,KUD,n/a,아시아태평양,Malaysia,말레이시아,Kudat,쿠닷
Kufrah Airport,쿠프라 공항,AKF,HLKF,아프리카,Libya,리비아,Kufra,쿠프라
Kugluktuk/Coppermine Kugluktuk Airport,쿠글룩툭 공항,YCO,CYCO,북아메리카,Canada,캐나다,Kugluktuk,쿠글룩툭
Kuito Joaquim Kapango Airport,쿠이토 공항,SVP,FNKU,아프리카,Angola,앙골라,Kuito,쿠이투
Kukes International Airport Shaikh Zayed,쿠카스 국제공항,KFZ,LAKU,유럽,Albania,알바니아,Kukes,쿠커스
Kulhudhuffushi Airport,쿨후후푸시 공항,HDK,VRBK,아시아태평양,Maldives,몰디브,Kulhudhuffushi,쿨후두푸시
Kullorsuaq Heliport,쿨로르수아크 헬리포트,KHQ,BGKQ,유럽,Greenland,그린란드,Kullorsuaq,쿨로르수아크
Kullu Bhuntar Airport,분타르 공항,KUU,VIBR,아시아태평양,India,인도,Kullu,쿨루
Kulusuk Airport,쿨루수크 공항,KUS,BGKK,유럽,Greenland,그린란드,Kulusuk,쿨루수크
Kulyab Airport,쿨롭 공항,TJU,UTDK,아시아태평양,Tajikistan,타지키스탄,Kulob,쿨롭
Kumamoto Airport,구마모토 공항,KMJ,RJFT,아시아태평양,Japan,일본,Kumamoto,구마모토
Kume-jima Airport,구메지마 공항,UEO,ROKJ,아시아태평양,Japan,일본,Kumejima,구메지마
Kunda Deoghar Airport,데오가르 공항,DGH,VEDO,아시아태평양,India,인도,Deoghar,데오가르
Kundiawa Chimbu Airport,침부 공항,CMU,n/a,아시아태평양,Papua New Guinea,파푸아뉴기니,Kundiawa,쿤디아와
Kunduz Airport,쿤두즈 공항,UND,OAUZ,아시아태평양,Afghanistan,아프가니스탄,Kunduz,쿤두즈
Kunming Changshui International Airport,쿤밍 창수이 국제공항,KMG,ZPPP,아시아태평양,China,중국,Kunming,쿤밍
Kununurra East Kimberley Regional Airport,이스트 킴벌리 공항,KNX,YPKU,아시아태평양,Australia,오스트레일리아,Kununurra,쿠누누라
Kuopio Airport,쿠오피오 공항,KUO,EFKU,유럽,Finland,핀란드,Kuopio,쿠오피오
Kupang El Tari Airport,엘 타리 공항,KOE,WATT,아시아태평양,Indonesia,인도네시아,Kupang,쿠팡
Kuqa Qiuci Airport,쿠카 추치 공항,KCA,ZWKC,아시아태평양,China,중국,Kuqa,쿠차
Kuressaare Airport,쿠레사레 공항,URE,EEKE,유럽,Estonia,에스토니아,Kuressaare,쿠레사레
Kurgan Airport,쿠르간 공항,KRO,USUU,유럽,Russian Federation,러시아,Kurgan,쿠르간
Kuria Airport,쿠리아 공항,KUC,NGKT,아시아태평양,Kiribati,키리바시,Kuria,쿠리아
Kursk Vostochny Airport,쿠르스크 보스토크니 공항,URS,UUOK,유럽,Russian Federation,러시아,Kursk,쿠르스크
Kushinagar International Airport,쿠시나가라 국제공항,KBK,VEKI,아시아태평양,India,인도,Kushinagar,쿠시나가르
Kushiro Airport,구시로 공항,KUH,RJCK,아시아태평양,Japan,일본,Kushiro,구시로
Kutacane Alas Leuser Airport,쿠타카네 알라스 레우저 공항,LSR,WIMU,아시아태평양,Indonesia,인도네시아,Kutacane,쿠타카네
Kutahya Airport,쿠타히아 공항,n/a,LTBN,중동,Turkiye,터키,Kutahya,퀴타히아
Kutaisi Airport,데이비드 더 빌더 쿠타이시 국제공항,KUT,UGKO,유럽,Georgia,조지아,Kutaisi,쿠타이시
Kuujjuaq Airport,쿠주악 공항,YVP,CYVP,북아메리카,Canada,캐나다,Kuujjuaq,쿠주악
Kuujjuarapik Airport,쿠주아라픽 공항,YGW,CYGW,북아메리카,Canada,캐나다,Kuujjuarapik,쿠주아라픽
Kuummiut Heliport,쿠미우트 헬리포트,KUZ,BGKM,유럽,Greenland,그린란드,Kuummiut,쿠미우트
Kuusamo Airport,쿠사모 공항,KAO,EFKS,유럽,Finland,핀란드,Kuusamo,쿠사모
Kuwait International Airport,쿠웨이트 국제공항,KWI,OKBK,중동,Kuwait,쿠웨이트,Kuwait,쿠웨이트
Kwailibesi Airport,콰일라베시 공항,KWS,n/a,아시아태평양,Solomon Islands,솔로몬 제도,Kwailabesi,콰일라베시
Kwajalein Airport,부숄츠 육군 비행장,KWA,PKWA,아시아태평양,Marshall Islands,마샬 군도,Kwajalein,콰잘레인
Kwajalein Atoll Elenak Airport,엘레낙 공항,EAL,n/a,아시아태평양,Marshall Islands,마샬 군도,Mejato Island,메자토아일랜드
Kwethluk Airport,웨트룩 공항,KWT,PFKW,북아메리카,United States of America,미국,Kwethluk,퀘슬룩
Kwigillingok Airport,크위길링곡 공항,KWK,PAGG,북아메리카,United States of America,미국,Kwigillingok,크위길링곡
Kyaukpyu Airport,캬욱퓨 공항,KYP,VYKP,아시아태평양,Myanmar,미얀마,Kyaukpyu,차욱퓨
Kyiv Boryspil International Airport,보리스필 국제공항,KBP,UKBB,유럽,Ukraine,우크라이나,Kyiv,키이우
Kyiv Igor Sikorsky International Airport,키예프 국제공항,IEV,UKKK,유럽,Ukraine,우크라이나,Kyiv,키이우
Kythira Airport,키티라 아일랜드 내셔널 공항,KIT,LGKC,유럽,Greece,그리스,Kythira,키티라 섬
Kyzyl Airport,키질 공항,KYZ,UNKY,유럽,Russian Federation,러시아,Kyzyl,키질
Kyzyl-Kiya Airport,키질기야 공항,n/a,UAFS,아시아태평양,Kyrgyzstan,키르기스스탄,Kyzyl-Kiya,키질키야
Kyzylorda Airport,키질로르다 공항,KZO,UAOO,아시아태평양,Kazakhstan,카자흐스탄,Kyzylorda,크즐로르다
La Ceiba Goloson International Airport,골로손 국제공항,LCE,MHLC,라틴아메리카,Honduras,온두라스,La Ceiba,라세이바
La Chorrera Airport,라 초레라 공항,LCR,n/a,라틴아메리카,Colombia,콜롬비아,La Chorrera,라초레라
La Crosse Regional Airport,라크로스 공항,LSE,KLSE,북아메리카,United States of America,미국,La Crosse,라크로스
La Cumbre Airport,라 쿰브레 공항,LCM,n/a,라틴아메리카,Argentina,아르헨티나,La Cumbre,라쿰브레
La Fria Airport,라 프리아 공항,LFR,SVLF,라틴아메리카,Venezuela,베네수엘라,La FrIa,라프리아
La Gomera Airport,라 고메라 공항,GMZ,GCGM,유럽,Spain,스페인,La Gomera,라고메라
La Grande Airport,라 그랑드 리비에르 공항,YGL,CYGL,북아메리카,Canada,캐나다,Radisson River,래디슨리버
La Isabela International Airport,라 이사벨라 국제공항,JBQ,MDJB,카리브해,Dominican Republic,도미니카공화국,Santo Domingo,산토도밍고
La Macarena Airport,라 마카레나 공항,LMC,SKNA,라틴아메리카,Colombia,콜롬비아,La Macarena,라마카레나
La Palma Airport,캡틴 라몬 자트루치 공항,PLP,MPLP,라틴아메리카,Panama,파나마,La Palma,라팔마
La Paz El Alto Airport,엘 알토 국제공항,LPB,SLLP,라틴아메리카,Bolivia,볼리비아,La Paz,라파스
La Paz Leon International Airport,마누엘 마르케스 데 레온 국제공항,LAP,MMLP,라틴아메리카,Mexico,멕시코,La Paz,라파스
La Pedrera Airport,라 페드레라 공항,LPD,n/a,라틴아메리카,Colombia,콜롬비아,La Pedrera,라페드레라
La Plata Airport,라 플라 타 공항,LPG,SADL,라틴아메리카,Argentina,아르헨티나,La Plata,라플라타
La Primavera Airport,라 프리마베라 공항,LPE,SKIM,라틴아메리카,Colombia,콜롬비아,La Primavera,라프리마베라
La Reunion Roland Garros Airport,롤랑 가로스 공항,RUN,FMEE,아프리카,Reunion,리유니온,StDenis,생드니
La Rioja Airport,카피탄 비센테 알만도스 알모나시드 공항,IRJ,SANL,라틴아메리카,Argentina,아르헨티나,La Rioja,라리오하
La Rochelle Laleu Airport,라 로셸 일레 드 레 공항,LRH,LFBH,유럽,France,프랑스,La Rochelle,라로셸
La Romana International Airport,라 로마나 국제공항,LRM,MDLR,카리브해,Dominican Republic,도미니카공화국,La Romana,라로마나
La Ronge Airport,라 롱즈 공항,YVC,CYVC,북아메리카,Canada,캐나다,La Ronge,라롱주
La Serena La Florida Airport,라 플로리다 공항,LSC,SCSE,라틴아메리카,Chile,칠레,La Serena,라세레나
La Seu d'Urgell Airport,라 세우 두르겔 공항,LEU,LESU,유럽,Spain,스페인,La Seu d'Urgell,라세우두르겔
La Tabatiere Airport,라 타바티에르 공항,ZLT,n/a,북아메리카,Canada,캐나다,La Tabatiere,라타바티에르
La Tortuga Island Airport,라 토르투가 섬 공항,n/a,SVDA,라틴아메리카,Venezuela,베네수엘라,La Tortuga,라토르투가
Laayoune Hassan I Airport,하산 I 공항,EUN,GMML,아프리카,Morocco,서사하라,Laayoune,엘아이운
Labasa Airport,라바사 공항,LBS,NFNL,아시아태평양,Fiji,피지,Labasa,라바사
Labrea Airport,라브레아 공항,LBR,SWLB,라틴아메리카,Brazil,브라질,Labrea,라브레아
Labuan Airport,라부앙 공항,LBU,WBKL,아시아태평양,Malaysia,말레이시아,Labuan,라부안
Labuha Oesman Sadik Airport,오스만 사디크 공항,LAH,WAEL,아시아태평양,Indonesia,인도네시아,Labuha,라부하
Lac Brochet Airport,락 브로셰 공항,XLB,n/a,북아메리카,Canada,캐나다,Lac Brochet,락브로셰
Lae Island Airport,라에 공항,LML,n/a,아시아태평양,Marshall Islands,마샬 군도,Lae Atoll,라에
Lae Nadzab Airport,라에 나드잡 공항,LAE,AYNZ,아시아태평양,Papua New Guinea,파푸아뉴기니,Lae,라에
Laeso Airport,라소 공항,BYR,EKLS,유럽,Denmark,덴마크,Laeso,레쇠
Lafayette Regional Airport,라파예트 공항,LFT,KLFT,북아메리카,United States of America,미국,Lafayette,라피엣
Lages Airport,안토니오 코레이아 핀토 데 마세도 공항,LAJ,SBLJ,라틴아메리카,Brazil,브라질,Lages,라지스
Laghouat L'Mekrareg Airport,라구아트 공항,LOO,DAUL,아프리카,Algeria,알제리,Laghouat,라구아트
Lago Agrio Airport,라고 아그리오 공항,LGQ,n/a,라틴아메리카,Ecuador,에콰도르,Lagoagrio,라고아그리오
Lagos Murtala Muhammed International Airport,무르탈라 모하메드 국제공항,LOS,DNMM,아프리카,Nigeria,나이지리아,Lagos,라고스
Laguindingan International Airport,라긴딩안 공항,CGY,RPMY,아시아태평양,Philippines,필리핀,Cagayan de Oro,카가얀데오로
Lahad Datu Airport,라하드 다투 공항,LDU,WBKD,아시아태평양,Malaysia,말레이시아,Lahad Datu,라하드다투
Lahat Pagar Alam Airport,아퉁 붕수 공항,PXA,WIPJ,아시아태평양,Indonesia,인도네시아,Pagar Alam,파가르알람
Lahore Allama Iqbal International Airport,알라마 이크발 국제공항,LHE,OPLA,아시아태평양,Pakistan,파키스탄,Lahore,라호르
Lahr Black Forest Airport,라르 공항,LHA,EDTL,유럽,Germany,독일,Lahr,라르
Lake Baringo Airport,레이크 바링고 공항,LBN,n/a,아프리카,Kenya,케냐,Lake Baringo,레이크바링고
Lake Charles Chennault International Airport,첸노 국제공항,CWF,KCWF,북아메리카,United States of America,미국,Lake Charles,레이크찰스
Lake Charles Regional Airport,레이크 찰스 공항,LCH,KLCH,북아메리카,United States of America,미국,Lake Charles,레이크찰스
Lake Evella Airport,레이크 에벨라 공항,LEL,YLEV,아시아태평양,Australia,오스트레일리아,Gapuwiyak,가푸위약
Lake Macquarie Airport,레이크 맥쿼리 공항,BEO,YLMQ,아시아태평양,Australia,오스트레일리아,Newcastle,뉴캐슬
Lake Manyara Airport,레이크 만야라 공항,LKY,HTLM,아프리카,Tanzania,탄자니아,Lake Manyara,레이크만야라
Lake Minchumina Airport,레이크 민추미나 공항,LMA,PAMH,북아메리카,United States of America,미국,Lake Minchumina,레이크민추미나
Lake Murray Airport,레이크 머레이 공항,LMY,n/a,아시아태평양,Papua New Guinea,파푸아뉴기니,Lake Murray,레이크머레이
Lake Simcoe Regional Airport,레이크 심코 지역공항,YLK,CYLS,북아메리카,Canada,캐나다,Barrie-Orillia,배리
Lake Tahoe Airport,레이크 타호 공항,TVL,KTVL,북아메리카,United States of America,미국,Lake Tahoe,레이크타호
Lakeba Airport,라케바 공항,LKB,NFNK,아시아태평양,Fiji,피지,Lakeba Island,라케바섬
Lakefield Airport,레이크필드 공항,LFP,YLFD,아시아태평양,Australia,오스트레일리아,Lakefield,레이크필드
Lakeland Linder International Airport,레이크랜드 린더 국제공항,LAL,KLAL,북아메리카,United States of America,미국,Lakeland,레이클랜드
Lakselv Banak Airport,바낙 공항,LKL,ENNA,유럽,Norway,노르웨이,Lakselv,락셀브
Lalibela Airport,랄리벨라 공항,LLI,HALL,아프리카,Ethiopia,이디오피아,Lalibela,랄리벨라
Lamap Airport,말레쿨라 공항,LPM,NVSL,아시아태평양,Vanuatu,바누아투,Lamap,라마프
Lamen Bay Airport,라멘 베이 공항,LNB,NVSM,아시아태평양,Vanuatu,바누아투,Lamen Bay,라멘베이
Lamerd Airport,라머드 공항,LFM,OISR,중동,Iran,이란,Lamerd,라메르드
Lamezia Terme Airport,라메지아 테르메 국제공항,SUF,LICA,유럽,Italy,이탈리아,Lamezia Terme,라메치아테르메
Lamidanda Airport,라미단다 공항,LDN,n/a,아시아태평양,Nepal,네팔,Lamidanda,라미단다
Lampang Airport,람팡 공항,LPT,VTCL,아시아태평양,Thailand,태국,Lampang,람팡
Lampedusa Airport,람페두사 공항,LMP,LICD,유럽,Italy,이탈리아,Lampedusa,람페두사
Lamu Airport,만다 공항,LAU,HKLU,아프리카,Kenya,케냐,Lamu,라무
Lanai Airport,라나이 공항,LNY,PHNY,북아메리카,United States of America,미국,Lanai City,라나이시티
Lancang Jingmai Airport,란창 징마이 공항,JMJ,n/a,아시아태평양,China,중국,Lancang,란창
Lancaster Airport,랭커스터 공항,LNS,KLNS,북아메리카,United States of America,미국,Lancaster,랭커스터
Land's End Airport,랜즈엔드 공항,LEQ,EGHC,유럽,United Kingdom,영국,Land'sEnd,랜즈엔드
Langgur Dumatubun Airport,카렐 사드수이투분 공항,LUV,WAXX,아시아태평양,Indonesia,인도네시아,Langgur,랑구르
Langkawi International Airport,랑카위 국제공항,LGK,WMKL,아시아태평양,Malaysia,말레이시아,Langkawi,랑카위
Langley Regional Airport,랭글리 지역공항,YLY,CYNJ,북아메리카,Canada,캐나다,Langley,랭글리
Langzhong Gucheng Airport,랑중 구청 공항,LZG,ZULA,아시아태평양,China,중국,Langzhong,랑중
Lankaran Airport,랑카란 국제공항,LLK,UBBL,유럽,Azerbaijan,아제르바이잔,Lankaran,란카란
Lannion Servel Airport,라니옹 코트 드 그라니트 공항,LAI,LFRO,유럽,France,프랑스,Lannion,라니옹
Lansdowne House Airport,랜스다운 하우스 공항,YLH,CYLH,북아메리카,Canada,캐나다,Lansdowne,랜스다운
Lansing Capital Region International Airport,캐피털 리전 국제공항,LAN,KLAN,북아메리카,United States of America,미국,Lansing,랜싱
Lanyu Airport,란위 공항,KYD,RCLY,아시아태평양,Taiwan,대만,Lanyu,란위
Lanzarote Airport,란사로테 공항,ACE,GCRR,유럽,Spain,스페인,Lanzarote,란사로테
Lanzhou Zhongchuan International Airport,란저우 중촨 국제공항,LHW,ZLLL,아시아태평양,China,중국,Lanzhou,란저우
Laoag Airport,라오아그 국제공항,LAO,RPLI,아시아태평양,Philippines,필리핀,Laoag,라오아그
Lappeenranta Airport,라펜란타 공항,LPP,EFLP,유럽,Finland,핀란드,Lappeenranta,라펜란타
L'Aquila-Preturo Airport,라퀼라 프레투로 공항,QAQ,LIAP,유럽,Italy,이탈리아,L'Aquila,라퀼라
Lar Airport,라레스탄 국제공항,LRR,OISL,중동,Iran,이란,Lar,라르
Laramie Regional Airport,래러미 공항,LAR,KLAR,북아메리카,United States of America,미국,Laramie,래러미
Larantuka Gewayantana Airport,게와얀타나 공항,LKA,WATL,아시아태평양,Indonesia,인도네시아,Larantuka,라란투카
Laredo International Airport,라레도 국제공항,LRD,KLRD,북아메리카,United States of America,미국,Laredo,라레도
Larnaca International Airport Glafcos Clerides,라르나카 국제공항,LCA,LCLK,유럽,Cyprus,키프러스,Larnaca,라르나카
Larsen Bay Larsen Sea Plane Base,라슨베이 수상비행장,KLN,PALB,북아메리카,United States of America,미국,Larsen Bay,라슨베이
Las Tunas Airport,에르마노스 아메이헤이라스 공항,VTU,n/a,카리브해,Cuba,쿠바,Las Tunas,라스투나스
Las Vegas Boulder City Municipal Airport,볼더 시티 시립공항,BLD,KBVU,북아메리카,United States of America,미국,Boulder City,볼더시티
Las Vegas Harry Reid International Airport,해리 리드 국제공항,LAS,KLAS,북아메리카,United States of America,미국,Las Vegas,라스베이거스
Las Vegas Nellis AFB Airport,넬리스 공군기지,LSV,KLSV,북아메리카,United States of America,미국,Las Vegas,라스베이거스
Lashio Airport,라시오 공항,LSH,VYLS,아시아태평양,Myanmar,미얀마,Lashio,라시오
Latacunga Cotopaxi International Airport,코토팍시 국제공항,LTX,SELT,라틴아메리카,Ecuador,에콰도르,Latacunga,라타쿵가
Latakia Bassel al-Assad International Airport,바셀 알 아사드 국제공항,LTK,n/a,중동,Syria,시리아,Latakia,라타키아
Latur Airport,라투르 공항,LTU,n/a,아시아태평양,India,인도,Latur,라투르
Laucala Island Airport,라우칼라 공항,LUC,NFNH,아시아태평양,Fiji,피지,Laucala Island,라우칼라섬
Laughlin/Bullhead International Airport,라플린/불헤드 국제공항,IFP,KIFP,북아메리카,United States of America,미국,Bullhead City,불헤드시티
Launceston Airport,론서스턴 공항,LST,YMLT,아시아태평양,Australia,오스트레일리아,Launceston,론서스턴
Lavan Island Airport,라반 공항,LVP,n/a,중동,Iran,이란,Lavan Island,라반
Laverton Airport,래버튼 공항,LVO,YLTN,아시아태평양,Australia,오스트레일리아,Laverton,래버튼
Lawas Airport,라와스 공항,LWY,WBGW,아시아태평양,Malaysia,말레이시아,Lawas,라와스
Lawton/Fort Sill Regional Airport,로턴 포트실 공항,LAW,KLAW,북아메리카,United States of America,미국,Lawton,로턴
Lazaro Cardenas Airport,라사로 카르데나스 공항,LZC,MMLC,라틴아메리카,Mexico,멕시코,Lazaro Cardenas,라사로카르데나스
Le Havre Octeville Airport,르아브르 옥트빌 공항,LEH,LFOH,유럽,France,프랑스,Le Havre,르아브르
Le Mans Arnage Airport,르망 아르나쥬 공항,LME,LFRM,유럽,France,프랑스,Le Mans,르망
Le Puy Loudes Airport,르 퓌 루드 공항,LPY,LFHP,유럽,France,프랑스,Le Puy-en-Velay,르퓌앙벨레
Le Touquet Cote d'Opale Airport,르 투케,LTQ,LFAT,유럽,France,프랑스,Le Touquet,르투케
Lea County Regional Airport,레아 카운티 공항,HOB,KHOB,북아메리카,United States of America,미국,Hobbs,홉스
Learmonth Airport,리어먼스 공항,LEA,YPLM,아시아태평양,Australia,오스트레일리아,Learmonth,리어먼스
Lebanon Municipal Airport,레바논 공항,LEB,KLEB,북아메리카,United States of America,미국,Lebanon,레바논
Leeds Bradford Airport,리즈 브래드 포드 공항,LBA,EGNM,유럽,United Kingdom,영국,Leeds-Bradford,리즈
Leesburg International Airport,리스버그 국제공항,LEE,KLEE,북아메리카,United States of America,미국,Leesburg,리즈버그
Leh Airport,쿠속 바쿨라 림포체 공항,IXL,VILH,아시아태평양,India,인도,Leh,레
Leinster Airport,렌스터 공항,LER,YLST,아시아태평양,Australia,오스트레일리아,Leinster,렌스터
Leipzig/Halle Airport,라이프치히/할레 공항,LEJ,EDDP,유럽,Germany,독일,Leipzig,라이프치히
Leknes Airport,레크네스 공항,LKN,ENLK,유럽,Norway,노르웨이,Leknes,레크네스
Lelystad Airport,렐리스테이드 공항,LEY,EHLE,유럽,Netherlands,네덜란드,Lelystad,렐리스타트
Lencois Horacio de Mattos Airport,코로넬 호라시오 데 마토스 공항,LEC,SBLE,라틴아메리카,Brazil,브라질,Lencois,렌소이스
Lensk Airport,렌스크 공항,ULK,UERL,유럽,Russian Federation,러시아,Lensk,렌스크
Leon Airport,레온 공항,LEN,LELN,유럽,Spain,스페인,Leon,레온
Leonora Airport,레오노라 공항,LNO,YLEO,아시아태평양,Australia,오스트레일리아,Leonora,레오노라
Leros Airport,레로스 공항,LRS,LGLE,유럽,Greece,그리스,Leros,레로스
Les Cayes Antoine-Simon Airport,앙투안 시몽 공항,CYA,n/a,카리브해,Haiti,아이티,Les Cayes,레카예
Les Sables-d'Olonne Talmont Airport,탈몽 공항,LSO,LFOO,유럽,France,프랑스,Les Sables-dOlonne,레사블도론
Leshukonskoye Airport,레슈콘스코예 공항,LDG,ULAL,유럽,Russian Federation,러시아,Leshukonskoye,레슈콘스코예
Lethbridge Airport,레스브리지 공항,YQL,CYQL,북아메리카,Canada,캐나다,Lethbridge,레스브리지
Lethem Airport,레템 공항,LTM,SYLT,라틴아메리카,Guyana,가이아나,Lethem,레템
Leticia Alfredo Vasquez Cobo Airport,알프레도 바스케스 코보 국제공항,LET,SKLT,라틴아메리카,Colombia,콜롬비아,Leticia,레티시아
Letung Airport,레퉁 공항,LMU,WIDL,아시아태평양,Indonesia,인도네시아,JemajaIsland,제마자섬
Levelock Airport,레벨록 공항,KLL,n/a,북아메리카,United States of America,미국,Levelock,레벨록
Lewisburg Greenbrier Valley Airport,그린브리어 밸리 공항,LWB,KLWB,북아메리카,United States of America,미국,Lewisburg,루이스버그
Lewiston Nez Perce County Regional Airport,루이스턴 네즈 퍼스 카운티 공항,LWS,KLWS,북아메리카,United States of America,미국,Lewiston,루이스턴
Lewistown Municipal Airport,루이스타운 공항,LWT,KLEW,북아메리카,United States of America,미국,Lewistown,루이스타운
Lewoleba Wunopito Airport,워노피토 공항,LWE,WATW,아시아태평양,Indonesia,인도네시아,Lewoleba,레워레바
Lexington Blue Grass Airport,블루 그래스 공항,LEX,KLEX,북아메리카,United States of America,미국,Lexington,렉싱턴
Lhasa Gonggar Airport,라싸 공가르 공항,LXA,ZULS,아시아태평양,China,중국,Lhasa,라싸
Lhokseumawe Malikus Saleh Airport,말리쿠스 살레 공항,LSW,WITM,아시아태평양,Indonesia,인도네시아,Lhokseumawe,록세우마웨
Lianyungang Baitabu Airport,롄윈강 바이타부 공항,n/a,n/a,아시아태평양,China,중국,Lianyungang,롄윈강
Lianyungang Huaguoshan International Airport,롄윈강 바이타부 공항,LYG,ZSLG,아시아태평양,China,중국,Lianyungang,롄윈강
Liberal Municipal Airport,리버럴 미드 아메리카 공항,LBL,KLBL,북아메리카,United States of America,미국,Liberal,리버럴
Libo Airport,리보 공항,LLB,ZULB,아시아태평양,China,중국,Libo,리보
Libreville Airport,레온 음바 국제공항,LBV,FOOL,아프리카,Gabon,가봉,Libreville,리브르빌
Lichinga Airport,리칭가 공항,VXC,FQLC,아프리카,Mozambique,모잠비크,Lichinga,리칭가
Liege Airport,리에주 공항,LGG,EBLG,유럽,Belgium,벨기에,Liege,리에주
Liepaja International Airport,리에파야 국제공항,LPX,EVLA,유럽,Latvia,라트비아,Liepja,리에파야
Lifou Airport,와나함 공항,LIF,NWWL,아시아태평양,New Caledonia,뉴칼레도니아,Lifou,리푸
Lihir Island Airport,리히르 아일랜드 공항,LNV,n/a,아시아태평양,Papua New Guinea,파푸아뉴기니,Lihir Island,리히르섬
Lihue Airport,리후에 공항,LIH,PHLI,북아메리카,United States of America,미국,Lihue,리후에
Lijiang Sanyi Airport,리장 산이 공항,LJG,ZPLJ,아시아태평양,China,중국,Lijiang,리장
Likiep Island Airport,리키엡 공항,LIK,n/a,아시아태평양,Marshall Islands,마샬 군도,Likiep Atoll,리키엡
Likoma Airport,리코마 공항,LIX,FWLK,아프리카,Malawi,말라위,Likoma Island,리코마섬
Lilabari Airport,릴라바리 공항,IXI,VELR,아시아태평양,India,인도,Lilabari,릴라바리
Lille Lesquin Airport,릴 공항,LIL,LFQQ,유럽,France,프랑스,Lille,릴
Lilongwe International Airport,릴롱궤 국제공항,LLW,FWKI,아프리카,Malawi,말라위,Lilongwe,릴롱궤
Lima Jorge Chavez International Airport,호르헤 차베스 국제공항,LIM,SPJC,라틴아메리카,Peru,페루,Lima,리마
Lima Santa Maria Airport,산타 마리아 공항,SMG,SPMR,라틴아메리카,Peru,페루,Santa MarIa del Mar,산타마리아델마르
Limbang Airport,림방 공항,LMN,WBGJ,아시아태평양,Malaysia,말레이시아,Limbang,림방
Limnos Airport,렘노스 국제공항,LXS,LGLM,유럽,Greece,그리스,Lemnos,림노스
Limoges Bellegarde Airport,리모주 벨가르드 공항,LIG,LFBL,유럽,France,프랑스,Limoges,리모주
Limon International Airport,리몬 국제공항,LIO,MRLM,라틴아메리카,Costa Rica,코스타리카,Limon,리몬
Lincang Airport,린창 공항,LNJ,ZPLC,아시아태평양,China,중국,Lincang,린창
Lincoln Airport,링컨 공항,LNK,KLNK,북아메리카,United States of America,미국,Lincoln,링컨
Lindi Airport,린디 공항,LDI,HTLI,아프리카,Tanzania,탄자니아,Lindi,린디
Linfen Yaodu Airport,린펀 야오두 공항,LFQ,ZBLF,아시아태평양,China,중국,Linfen,린펀
Lingayen Airport,링가옌 공항,n/a,RPUG,아시아태평양,Philippines,필리핀,Lingayen,링가옌
Linhares Airport,린하레스 공항,LHN,SNLN,라틴아메리카,Brazil,브라질,Linhares,린하레스
Linkoping Airport,린셰핑 공항,LPI,ESSL,유럽,Sweden,스웨덴,Linkping,린셰핑
Linyi Qiyang International Airport,린이 치양 공항,LYI,ZSLY,아시아태평양,China,중국,Linyi,린이
Linz Airport,린츠 공항,LNZ,LOWL,유럽,Austria,오스트리아,Linz,린츠
Lipa Basilio Fernando Air Base,리파 바실리오 페르난도 공군기지,n/a,n/a,아시아태평양,Philippines,필리핀,Lipa,리파
Lipetsk Airport,리페츠크 공항,LPK,UUOL,유럽,Russian Federation,러시아,Lipetsk,리페츠크
Liping Airport,리핑 공항,HZH,ZUNP,아시아태평양,China,중국,Liping,리핑
Lisala Airport,리살라 공항,LIQ,n/a,아프리카,Democratic Republic of the Congo,콩고 민주공화국,Lisala,리살라
Lisbon Humberto Delgado Airport,리스본 포르텔라 공항,LIS,LPPT,유럽,Portugal,포르투갈,Lisbon,리스본
Lishui Airport,리수이 공항,LIJ,ZSLI,아시아태평양,China,중국,Lishui,리수이
Lismore Airport,리스모어 공항,LSY,YLIS,아시아태평양,Australia,오스트레일리아,Lismore,리즘오어
Little Cayman Airport,에드워드 보든 비행장,LYB,MWCL,카리브해,Cayman Islands,케이멘제도,Little Cayman,리틀케이맨
Little Grand Rapids Airport,리틀 그랜드 래피즈 공항,ZGR,CZGR,북아메리카,Canada,캐나다,Little Grand,리틀그랜드
Little Rock Bill and Hillary Clinton National Airport,클린턴 내셔널 공항,LIT,KLIT,북아메리카,United States of America,미국,Little Rock,리틀록
Liupanshui Yuezhao Airport,류판수이 웨자오 공항,LPF,ZUPS,아시아태평양,China,중국,Liupanshui,류판수이
Liuzhou Bailian Airport,리우저우 바이롄 공항,LZH,ZGZH,아시아태평양,China,중국,Liuzhou,리우저우
Livermore Municipal Airport,리버모어 공항,LVK,KLVK,북아메리카,United States of America,미국,Livermore,리버모어
Liverpool John Lennon Airport,리버풀 존 레논 공항,LPL,EGGP,유럽,United Kingdom,영국,Liverpool,리버풀
Livingstone Harry Mwanga Nkumbula Airport,해리 므왕가 은쿰불라 국제공항,LVI,FLHN,아프리카,Zambia,잠비아,Livingstone,리빙스턴
Liwonde Mvuu Camp Airport,음부우 캠프 공항,VUU,FWMK,아프리카,Malawi,말라위,Mvuu Camp,므부우캠프
Lizard Island,리자드 아일랜드 공항,LZR,n/a,아시아태평양,Australia,오스트레일리아,Lizard Island,리저드섬
Ljubljana Joze Pucnik Airport,류블랴나 요제 푸치니크 공항,LJU,LJLJ,유럽,Slovenia,슬로베니아,Ljubljana,류블랴나
Lleida Alguaire Airport,레이다 알게이르 공항,ILD,LEDA,유럽,Spain,스페인,Lleida,례이다
Lloydminster Airport,로이드민스터 공항,YLL,CYLL,북아메리카,Canada,캐나다,Lloydminster,로이드민스터
Lockhart River Airport,록하트 리버 공항,IRG,YLHR,아시아태평양,Australia,오스트레일리아,Lockhart River,록하트리버
Lodja Airport,로자 공항,LJA,n/a,아프리카,Democratic Republic of the Congo,콩고 민주공화국,Lodja,로자
Lodwar Airport,로드와르 공항,LOK,HKLO,아프리카,Kenya,케냐,Lodwar,로드와르
Lodz Airport Central Poland,우치 브와디스와프 레이몬트 공항,LCJ,EPLL,유럽,Poland,폴란드,Lodz,우치
Loei Airport,로에이 공항,LOE,VTUL,아시아태평양,Thailand,태국,Loei,로에이
Logan-Cache Airport,로건 캐시 공항,LGU,KLGU,북아메리카,United States of America,미국,Logan,로건
Logrono Agoncillo Airport,로그로뇨 아곤시요 공항,RJL,LERJ,유럽,Spain,스페인,Logrono,로그로뇨
Loikaw Airport,로이카우 공항,LIW,VYLK,아시아태평양,Myanmar,미얀마,Loikaw,로이카우
Lokichoggio Airport,로키초지오 공항,LKG,HKLK,아프리카,Kenya,케냐,Lokichogio,로키초조
Lombok Zainuddin Abdul Madjid International Airport,롬복 국제공항,LOP,WADL,아시아태평양,Indonesia,인도네시아,Praya,프라야
Lome Airport,로메 토코인 공항,LFW,DXXX,아프리카,Togo,토고,Lome,로메
Lomlom Airport,롬롬 공항,LLM,AGLM,아시아태평양,Solomon Islands,솔로몬 제도,ReefIslands,리프제도
Lompoc Airport,롬폭 공항,LPC,KLPC,북아메리카,United States of America,미국,Lompoc,롬폭
Loncopue Airport,롱코푸에 공항,LCP,n/a,라틴아메리카,Argentina,아르헨티나,Loncopue,롱코푸에
Londolozi Airport,론돌로지 공항,LDZ,FALD,아프리카,South Africa,남아프리카,Londolozi,론돌로지
London Ashford (Lydd) Airport,런던 애슈포드(리드) 공항,LYX,EGMD,유럽,United Kingdom,영국,Lydd,리드
London Biggin Hill Airport,런던 비긴힐 공항,BQH,EGKB,유럽,United Kingdom,영국,London Biggin Hill,런던
London City Airport,런던 시티 공항,LCY,EGLC,유럽,United Kingdom,영국,London,런던
London Gatwick Airport,개트윅 공항,LGW,EGKK,유럽,United Kingdom,영국,London,런던
London Heathrow Airport,히드로 공항,LHR,EGLL,유럽,United Kingdom,영국,London,런던
London International Airport,런던 국제공항,YXU,CYXU,북아메리카,Canada,캐나다,London,런던
London Luton Airport,루턴 공항,LTN,EGGW,유럽,United Kingdom,영국,London,런던
London Northolt Airport,영국왕립공군기지 노솔트,NHT,EGWU,유럽,United Kingdom,영국,Northolt,노솔트
London Oxford Airport,옥스퍼드 공항,OXF,EGTK,유럽,United Kingdom,영국,Oxford,옥스퍼드
London Southend Airport,런던 사우스엔드 공항,SEN,EGMC,유럽,United Kingdom,영국,London-Southend,런던
London Stansted Airport,런던 스탠스테드 공항,STN,EGSS,유럽,United Kingdom,영국,London,런던
London-Corbin Airport,런던 코빈 공항,LOZ,KLOZ,북아메리카,United States of America,미국,London,런던
Londrina Airport,론드리나 고베르나도르 호세 리차 공항,LDB,SBLO,라틴아메리카,Brazil,브라질,Londrina,론드리나
Long Akah Airport,롱 아카 공항,LKH,WBGA,아시아태평양,Malaysia,말레이시아,Long Akah,롱아카
Long Apung Airport,롱 아풍 공항,LPU,n/a,아시아태평양,Indonesia,인도네시아,Long Apung,롱아풍
Long Banga Airfield,롱 아카 공항,LBP,WBGL,아시아태평양,Malaysia,말레이시아,Long Akah,롱아카
Long Bawan Juvai Semaring Airport,주바이 세마링 공항,LBW,n/a,아시아태평양,Indonesia,인도네시아,Long Bawan,롱바완
Long Beach Airport,롱비치 공항,LGB,KLGB,북아메리카,United States of America,미국,Long Beach,롱비치
Long Island MacArthur Airport,롱 아일랜드 맥아더 공항,ISP,KISP,북아메리카,United States of America,미국,Islip,아슬립
Long Lellang Airport,롱렐랑 공항,LGL,WBGF,아시아태평양,Malaysia,말레이시아,Long Lellang,롱렐랑
Long Pasia Airport,롱 파시아 공항,GSA,WBKN,아시아태평양,Malaysia,말레이시아,Long Pasia,롱파시아
Long Seridan Airport,롱세리단 공항,ODN,WBGI,아시아태평양,Malaysia,말레이시아,Long Seridan,롱세리단
Longana Airport,롱가나 공항,LOD,NVSG,아시아태평양,Vanuatu,바누아투,Longana,롱가나
Longnan Chengzhou Airport,룽난 청저우 공항,LNL,ZLLN,아시아태평양,China,중국,Longnan,롱난
Longreach Airport,롱리치 공항,LRE,YLRE,아시아태평양,Australia,오스트레일리아,Longreach,롱리치
Longyan Guanzhishan Airport,룽옌 관지산 공항,LCX,ZSLD,아시아태평양,China,중국,Longyan,롱옌
Longyearbyen Svalbard Airport,스발바르 공항 롱이어,LYR,ENSB,유럽,Norway,노르웨이,Longyearbyen,롱이어비엔
Lonorore Airport,로노로레 공항,LNE,NVSO,아시아태평양,Vanuatu,바누아투,Lonorore,로노로레
Lop Buri Khok Kathiam Airport,콕 카티암 공군기지,KKM,VTBL,아시아태평양,Thailand,태국,Lopburi,로부리
Lopez Island Airport,피셔맨스 베이/LPS 수상비행기 기지,LPS,n/a,북아메리카,United States of America,미국,Lopez Island,로페즈섬
Lord Howe Island Airport,로드하우 아일랜드 공항,LDH,YLHI,아시아태평양,Australia,오스트레일리아,Lord Howe Island,로드하우섬
Loreto Airport,로레토 국제공항,LTO,MMLT,라틴아메리카,Mexico,멕시코,Loreto,로레토
Lorient Bretagne Sud Airport,로리앙 사우스 브리타니 공항,LRT,LFRH,유럽,France,프랑스,Lorient,로리앙
Los Alamos Airport,로스 알라모스 카운티 공항,LAM,KLAM,북아메리카,United States of America,미국,Los Alamos,로스앨러모스
Los Angeles Hawthorne Municipal Airport,호손 시립공항,HHR,KHHR,북아메리카,United States of America,미국,Hawthorne,호손
Los Angeles International Airport,로스 앤젤레스 국제공항,LAX,KLAX,북아메리카,United States of America,미국,Los Angeles,로스앤젤레스
Los Angeles Maria Dolores Airport,마리아 돌로레스 공항,LSQ,SCGE,라틴아메리카,Chile,칠레,Los angeles,로스앤젤레스
Los Angeles Van Nuys Airport,반 누이 공항,VNY,KVNY,북아메리카,United States of America,미국,Los Angeles,로스앤젤레스
Los Mochis Federal Airport,포트 밸리 연방 국제공항,LMM,MMLM,라틴아메리카,Mexico,멕시코,Los Mochis,로스모치스
Los Roques Airport,로스 로케스 공항,LRV,SVRS,라틴아메리카,Venezuela,베네수엘라,Los Roques,로스로케스
Losuia Airport,로수이아 공항,LSA,n/a,아시아태평양,Papua New Guinea,파푸아뉴기니,Kiriwina Island,키리위나섬
Louisville Clark Regional Airport,루이빌 클라크 지역공항,JVY,n/a,북아메리카,United States of America,미국,Louisville,루이빌
Louisville Muhammad Ali International Airport,루이빌 국제공항,SDF,KSDF,북아메리카,United States of America,미국,Louisville,루이빌
Loyengalani Airport,로이양갈라니 공항,LOY,HKLY,아프리카,Kenya,케냐,Loiyangalani,로이양갈라니
Luanda Antonio Agostinho Neto International Airport,안토니오 아고스티뉴 네토 국제공항,NBJ,n/a,아프리카,Angola,앙골라,Luanda,루안다
Luanda Quatro de Fevereiro International Airport,콰트로 데 페베레이루 공항,LAD,FNLU,아프리카,Angola,앙골라,Luanda,루안다
Luang Namtha Airport,루앙 남타 공항,LXG,VLLN,아시아태평양,Laos,라오스,Luang Namtha,루앙남타
Luang Prabang Airport,루앙프라방 국제공항,LPQ,VLLB,아시아태평양,Laos,라오스,Luang Prabang,루앙프라방
Luau Airport,루아우 공항,UAL,FNUA,아프리카,Angola,앙골라,Luau,루아우
Lubang Airport,루방 공항,LBX,n/a,아시아태평양,Philippines,필리핀,Lubang,루방
Lubango Mukanka Airport,루방고 무칸카 공항,SDD,FNUB,아프리카,Angola,앙골라,Lubango,루방고
Lubbock Preston Smith International Airport,러벅 프레스턴 스미스 국제공항,LBB,KLBB,북아메리카,United States of America,미국,Lubbock,러벅
Lublin Airport,루블린 공항,LUZ,EPLB,유럽,Poland,폴란드,Lublin,루블린
Lubuk Linggau Silampari Airport,실람파리 공항,LLJ,WIPB,아시아태평양,Indonesia,인도네시아,Lubuklinggau,루북링가우
Lubumbashi International Airport,루붐바시 국제공항,FBM,FZQA,아프리카,Democratic Republic of the Congo,콩고 민주공화국,Lubumbashi,루붐바시
Lucas do Rio Verde Bom Futuro Airport,봄 푸투로 시립공항,LVR,SILC,라틴아메리카,Brazil,브라질,Lucas do Rio Verde,루카스두리우베르지
Lucknow Chaudhary Charan Singh International Airport,아마우시 공항,LKO,VILK,아시아태평양,India,인도,Lucknow,러크나우
Luderitz Airport,루데리츠 공항,LUD,FYLZ,아프리카,Namibia,나미비아,Lderitz,뤼데리츠
Luena Airport,루에나 공항,LUO,FNUE,아프리카,Angola,앙골라,Luena,루에나
Lugano Airport,루가노 공항,LUG,LSZA,유럽,Switzerland,스위스,Lugano,루가노
Luganville Santo Airport,산토 페코아 국제공항,SON,NVSS,아시아태평양,Vanuatu,바누아투,Luganville,루건빌
Luhansk International Airport,루한스크 국제공항,VSG,UKCW,유럽,Ukraine,우크라이나,Luhansk,루한스크
Lukla Tenzing-Hillary Airport,텐징 힐러리 공항,LUA,VLNK,아시아태평양,Nepal,네팔,Lukla,루클라
Lulea Kallax Airport,룰레오 공항,LLA,ESPA,유럽,Sweden,스웨덴,Lulea,룰레오
Luliang Airport,뤼량 공항,LLV,ZBLL,아시아태평양,China,중국,Lliang,뤼량
Luoyang Beijiao Airport,뤄양 베이자오 공항,LYA,ZHLY,아시아태평양,China,중국,Luoyang,뤄양
Luozi Airport,뤄쯔 공항,LZI,n/a,아프리카,Democratic Republic of the Congo,콩고 민주공화국,Luozi,뤄쯔
Lusaka Kenneth Kaunda International Airport,케네스 카운다 국제공항,LUN,FLLS,아프리카,Zambia,잠비아,Lusaka,루사카
Lusambo,루삼보 공항,LBO,n/a,아프리카,Democratic Republic of the Congo,콩고 민주공화국,Lusambo,루삼보
Lusanga Airport,루상가 공항,LUS,n/a,아프리카,Democratic Republic of the Congo,콩고 민주공화국,Lusanga,루상가
Lutselke/Snowdrift Lutselke Airport,루체케 공항,YSG,CYLK,북아메리카,Canada,캐나다,Lutselke,루체케
Lutsk Airport,루츠크 공항,UCK,UKLC,유럽,Ukraine,우크라이나,Lutsk,루츠크
Luwuk Syukuran Aminuddin Amir Airport,슈쿠란 아미누딘 아미르 공항,LUW,WAFW,아시아태평양,Indonesia,인도네시아,Luwuk,루욱
Luxembourg Airport,룩셈부르크 핀델 공항,LUX,ELLX,유럽,Luxembourg,룩셈부르크,Luxembourg,룩셈부르크
Luxor International Airport,룩소르 국제공항,LXR,HELX,아프리카,Egypt,이집트,Luxor,룩소르
Luzhou Lantian Airport,루저우 란톈 공항,LZO,ZULZ,아시아태평양,China,중국,Luzhou,루저우
Luzhou Yunlong Airport,루저우 윈룽 공항,LZO,ZULZ,아시아태평양,China,중국,Luzhou,루저우
Luziania Airport,루지아니아 공항,n/a,SWUZ,라틴아메리카,Brazil,브라질,Luziania,루지아니아
Lviv Danylo Halytskyi International Airport,리비우 다닐로 할리츠키 국제공항,LWO,UKLL,유럽,Ukraine,우크라이나,Lviv,리비우
Lyall Harbour Airport,라이얼 하버 수상비행기 기지,YAJ,n/a,북아메리카,Canada,캐나다,Saturna Island,새투나섬
Lycksele Airport,릭셀레 공항,LYC,ESNL,유럽,Sweden,스웨덴,Lycksele,릭셀레
Lynchburg Regional Airport,린치버그 리저널 공항,LYH,KLYH,북아메리카,United States of America,미국,Lynchburg,린치버그
Lynn Lake Airport,린 레이크 공항,YYL,n/a,북아메리카,Canada,캐나다,Lynn Lake,린레이크
Lyon Bron Airport,리옹 브론 공항,LYN,LFLY,유럽,France,프랑스,Lyon,리옹
Lyon-Saint Exupery Airport,리옹 생텍쥐페리 공항,LYS,LFLL,유럽,France,프랑스,Lyon,리옹
Lyudao Airport,류다오 공항,GNI,RCGI,아시아태평양,Taiwan,대만,Lyudao,뤼다오
Maa Mahamaya Airport,마 마하마야 공항,AHA,VEAP,아시아태평양,India,인도,Ambikapur,암비카푸르
Maafaru International Airport,마파루 국제공항,NMF,VRDA,아시아태평양,Maldives,몰디브,Maafaru,마파루
Maasai Mara Angama Airport,아남브라 국제화물 공항,ANA,n/a,아프리카,Kenya,케냐,Maasai Mara,마사이마라
Maasin Panan-awan Airport,마신 파난-아완 공항,MAA,RPSM,아시아태평양,Philippines,필리핀,Maasin,마아신
Maastricht Aachen Airport,마스트리흐트 아헨 공항,MST,EHBK,유럽,Netherlands,네덜란드,Maastricht,마스트리흐트
Maavarulu Airport,마바룰루 공항,RUL,VRQM,아시아태평양,Maldives,몰디브,Maavarulu,마바룰루
Mabuiag Island Airport,마부이악 아일랜드 공항,UBB,YMAA,아시아태평양,Australia,오스트레일리아,Mabuiag Island,마부이악섬
Macae Joaquim de Azevedo Mancebo Airport,베네디토 라세르다 공항,MEA,SBME,라틴아메리카,Brazil,브라질,Macae,마카에
Macapa Alberto Alcolumbre International Airport,알베르토 알콜룸브레 국제공항,MCP,SBMQ,라틴아메리카,Brazil,브라질,Macapa,마카파
Macas Edmundo Carvajal Airport,에드문도 카르바할 공항,XMS,n/a,라틴아메리카,Ecuador,에콰도르,Macas,마카스
Macau International Airport,마카오 국제공항,MFM,VMMC,아시아태평양,Macao,마카오,Macao,마카오
Maceio Zumbi dos Palmares Airport,줌비 두스 팔마레스 국제공항,MCZ,SBMO,라틴아메리카,Brazil,브라질,Maceio,마세이오
Mackay Airport,맥케이 공항,MKY,YBMK,아시아태평양,Australia,오스트레일리아,Mackay,매케이
Mactan-Cebu International Airport,막탄 세부 국제공항,CEB,RPVM,아시아태평양,Philippines,필리핀,Lapu-Lapu,라푸라푸
Madang Airport,마당공항,MAG,AYMD,아시아태평양,Papua New Guinea,파푸아뉴기니,Madang,마당
Madeira Airport,마데이라 공항,FNC,LPMA,유럽,Portugal,포르투갈,Funchal,푼샬
Madinah Mohammad Bin Abdulaziz Airport,프린스 모하마드 빈 압둘아지즈 공항,MED,OEMA,중동,Saudi Arabia,사우디아라비아,Medina,메디나
Madivaru Airport,마디바루 공항,LMV,VRGD,아시아태평양,Maldives,몰디브,Madivaru,마디바루
Madrid Barajas Airport,아돌포 수아레스 마드리드 바라하스 공항,MAD,LEMD,유럽,Spain,스페인,Madrid,마드리드
Madrid Cuatro Vientos Airport,마드리드 쿠아트로 비엔토스 공항,n/a,LECU,유럽,Spain,스페인,Madrid,마드리드
Madrid Torrejon Airport,마드리드 토레혼 공항,TOJ,LETO,유럽,Spain,스페인,Madrid,마드리드
Madurai Airport,마두라이 공항,IXM,VOMD,아시아태평양,India,인도,Madurai,마두라이
Mae Hong Son Airport,매홍손 공항,HGN,VTCH,아시아태평양,Thailand,태국,Mae Hong Son,매홍손
Mae Sot Airport,매솟 공항,MAQ,VTPM,아시아태평양,Thailand,태국,Mae Sot,매솟
Maewo Airport,매워 나오네 공항,MWF,NVSN,아시아태평양,Vanuatu,바누아투,Maewo,매워
Mafeteng Airport,마페텡 공항,MFC,n/a,아프리카,Lesotho,레소토,Mafeteng,마페텡
Mafia Island Airport,마피아 공항,MFA,HTMA,아프리카,Tanzania,탄자니아,Mafia,마피아섬
Magadan Sokol Airport,소콜 공항,GDX,UHMM,유럽,Russian Federation,러시아,Magadan,마가단
Magan Airport,마간 공항,GYG,UEMM,유럽,Russian Federation,러시아,Magan,마간
Magas Airport,마가스 공항,IGT,URMS,유럽,Russian Federation,러시아,Magas,마가스
Magdeburg Cochstedt Airport,마그데부르크 코흐슈테트 공항,CSO,EDBC,유럽,Germany,독일,Magdeburg,마그데부르크
Magic Valley Regional Airport,매직 밸리 지역 공항,TWF,KTWF,북아메리카,United States of America,미국,Twin Falls,트윈폴스
Magnitogorsk Airport,마그니토고르스크 국제공항,MQF,USCM,유럽,Russian Federation,러시아,Magnitogorsk,마그니토고르스크
Magway Airport,마그웨이 공항,MWQ,VYMW,아시아태평양,Myanmar,미얀마,Magway,마궤
Mahajanga Amborovy Airport,암보로비 공항,MJN,FMNM,아프리카,Madagascar,마다가스카르,Mahajanga,마하장가
Mahikeng Airport,마히켕 공항,MBD,FAMM,아프리카,South Africa,남아프리카,Mmabatho,마피켕
Maiana Airport,마이아나 공항,MNK,NGMA,아시아태평양,Kiribati,키리바시,Maiana,마이아나
Maicao La Majayura Airport,마이카오 라 마자유라 공항,MCJ,SKMJ,라틴아메리카,Colombia,콜롬비아,Maicao,마이카오
Maiduguri International Airport,마이두구리 국제공항,MIU,DNMA,아프리카,Nigeria,나이지리아,Maiduguri,마이두구리
Maimana Airport,마이마나 공항,MMZ,OAMN,아시아태평양,Afghanistan,아프가니스탄,Maymana,마이마나
Maintirano Airport,마인티라노 공항,MXT,n/a,아프리카,Madagascar,마다가스카르,Maintirano,마인티라노
Maio Vila Do Maio Airport,마이오 공항,MMO,GVMA,아프리카,Cabo Verde,카보베르데,Maio Island,마이오섬
Majkin Airport,메이킨 공항,MJE,n/a,아시아태평양,Marshall Islands,마샬 군도,Majkin,메이킨
Makassar Sultan Hasanuddin Airport,술탄 하사누딘 국제공항,UPG,WAAA,아시아태평양,Indonesia,인도네시아,Makassar,마카사르
Makemo Airport,마케모 공항,MKP,NTGM,아시아태평양,French Polynesia,프랑스령 폴리네시아,Makemo,마케모
Makhachkala Uytash Airport,우이타쉬 공항,MCX,URML,유럽,Russian Federation,러시아,Makhachkala,마하치칼라
Makin Airport,마킨 공항,MTK,NGMN,아시아태평양,Kiribati,키리바시,Makin Island,마킨섬
Makkovik Airport,마코빅 공항,YMN,CYFT,북아메리카,Canada,캐나다,Makkovik,마코빅
Makokola Airport,마코콜라 에어포트 ,CMK,FWCM,아프리카,Malawi,말라위,Club Makokola,클럽마코콜라
Maku Airport,마쿠 국제공항,IMQ,OITU,중동,Iran,이란,Maku,마쿠
Makurdi Airport,마쿠르디 공항,MDI,DNMK,아프리카,Nigeria,나이지리아,Makurdi,마쿠르디
Malabo Santa Isabel Airport,말라보 국제공항,SSG,FGSL,아프리카,Equatorial Guinea,적도 기니,Malabo,말라보
Malacca International Airport,말라카 국제공항,MKZ,WMKM,아시아태평양,Malaysia,말레이시아,Malacca,말라카
Malaga Airport,말라가 공항,AGP,LEMG,유럽,Spain,스페인,Malaga,말라가
Malaita Manaoba Island Baenalu Airport,마나오바섬 바에날루 공항,MHM,n/a,아시아태평양,Solomon Islands,솔로몬 제도,Manaoba Island,마나오바섬
Malakal Airport,말라칼 공항,MAK,HSSM,아프리카,South Sudan,수단,Malakal,말라칼
Malang Airport,압둘 라흐만 살레 공항,MLG,WARA,아시아태평양,Indonesia,인도네시아,Malang,말랑
Malanje Airport,말란제 공항,MEG,FNMA,아프리카,Angola,앙골라,Malanje,말란제
Malargue Airport,코모도로 D. 리카르도 살로몬 공항,LGS,SAMM,라틴아메리카,Argentina,아르헨티나,Malargue,말라르게
Malatya Erhac Airport,말라티아 에르학 공항,MLX,LTAT,중동,Turkiye,터키,Malatya,말라티아
Malda Airport,말다 공항,LDA,VEMH,아시아태평양,India,인도,Malda,말다
Male Velana International Airport,이브라힘 나시르 국제공항,MLE,VRMM,아시아태평양,Maldives,몰디브,Male,말레
Mali Losinj Airport,로시니 공항,LSZ,n/a,유럽,Croatia,크로아티아,MaliLosinj,말리로시니
Malinau Robert Atty Bessing Airport,말리나우 로버트 애티 베싱 공항,LNU,WALM,아시아태평양,Indonesia,인도네시아,Malinau,말리나우
Malindi Airport,말린디 공항,MYD,HKML,아프리카,Kenya,케냐,Malindi,말린디
Malmo Airport,말뫼 공항,MMX,ESMS,유럽,Sweden,스웨덴,Malm,말뫼
Malololailai Airport,말롤로 라이라이 공항,PTF,n/a,아시아태평양,Fiji,피지,Malolo Lailai,말롤로라이라이
Malta International Airport,몰타 국제공항,MLA,LMML,유럽,Malta,몰타,Malta,몰타
Malta Montana Airport,몰타 공항,MLK,n/a,북아메리카,United States of America,미국,Malta,몰타
Mamburao,맘부라오 공항,MBO,n/a,아시아태평양,Philippines,필리핀,Mamburao,맘부라오
Mamitupo Airport,마미투푸 공항,MPI,n/a,라틴아메리카,Panama,파나마,Mamitupo,마미투푸
Mammoth Lakes Mammoth Yosemite Airport,맘모스 요세미티 공항,MMH,KMMH,북아메리카,United States of America,미국,Mammoth Lakes,매머드레이크스
Mamuju Airport,탬파 파당 공항,MJU,WAAJ,아시아태평양,Indonesia,인도네시아,Mamuju,마무주
Man Airport,맨 공항,MJC,DIMN,아프리카,Cote d'Ivoire,코트디부아르,Man,망
Mana Island Airstrip,마나 아일랜드 공항,MNF,n/a,아시아태평양,Fiji,피지,Mana Island,마나섬
Manado Sam Ratulangi Airport,삼 라툴랑이 국제공항,MDC,WAMM,아시아태평양,Indonesia,인도네시아,Manado,마나도
Managua Augusto Cesar Sandino Airport,아우구스토 C. 산디노 국제공항,MGA,MNMG,라틴아메리카,Nicaragua,니카라과,Managua,마나과
Mananara Airport,마나나라 노르드 공항,WMR,n/a,아프리카,Madagascar,마다가스카르,Mananara Nord,마나나라
Mananjary Airport,마난자리 공항,MNJ,FMSM,아프리카,Madagascar,마다가스카르,Mananjary,마난자리
Manassas Airport,매너서스 지역공항,MNZ,n/a,북아메리카,United States of America,미국,Manassas,매너서스
Manaung Airport,마나웅 공항,MGU,n/a,아시아태평양,Myanmar,미얀마,Manaung,마나웅
Manaus Eduardo Gomes International Airport,에두아르도 고메스 국제공항,MAO,SBEG,라틴아메리카,Brazil,브라질,Manaus,마나우스
Manaus Flores Airport,마나우스 플로레스 공항,n/a,SWFN,라틴아메리카,Brazil,브라질,Manaus,마나우스
Manchester Airport,맨체스터 공항,MAN,EGCC,유럽,United Kingdom,영국,Manchester,맨체스터
Manchester-Boston Regional Airport,맨체스터 보스턴 공항,MHT,KMHT,북아메리카,United States of America,미국,Manchester,맨체스터
Mandalay International Airport,만달레이 국제공항,MDL,VYMD,아시아태평양,Myanmar,미얀마,Mandalay,만달레이
Mandera Airport,만데라 공항,NDE,HKMA,아프리카,Kenya,케냐,Mandera,만데라
Mangaia Island Airport,망가이아 공항,MGS,n/a,아시아태평양,Cook Islands,쿡 군도,Mangaia Island,망가이아섬
Mangaluru International Airport,망갈로르 공항,IXE,VOML,아시아태평양,India,인도,Mangalore,망갈로르
Mangrove Cay Clarence A. Bain Airport,클래런스 A. 베인 공항,MAY,n/a,카리브해,Bahamas,바하마,Mangrove Cay,맹그로브케이
Manhattan Regional Airport,맨해튼 공항,MHK,KMHK,북아메리카,United States of America,미국,Manhattan,맨해튼
Manhuacu Elias Breder Airport,마누아쿠 엘리아스 브레더 공항,JMA,n/a,라틴아메리카,Brazil,브라질,Manhuacu,마누아수
Manicore Airport,마니코레 공항,MNX,SWMY,라틴아메리카,Brazil,브라질,Manicore,마니코레
Maniitsoq Heliport,마니초크 공항,JSU,BGMQ,유럽,Greenland,그린란드,Maniitsoq,마니초크
Manila Ninoy Aquino International Airport,니노이 아키노 국제공항,MNL,RPLL,아시아태평양,Philippines,필리핀,Manila,마닐라
Maningrida Airport,마닝리다 공항,MNG,YMGD,아시아태평양,Australia,오스트레일리아,Maningrida,마닝리다
Manistee Blacker Airport,매니스티 카운티 블래커 공항,MBL,KMBL,북아메리카,United States of America,미국,Manistee,매니스티
Manitowoc Municipal,매니토웍 카운티 공항,MTW,n/a,북아메리카,United States of America,미국,Manitowoc,매니토웍
Manizales La Nubia Airport,라 누비아 공항,MZL,SKMZ,라틴아메리카,Colombia,콜롬비아,Manizales,마니살레스
Manja Airport,만자 공항,MJA,n/a,아프리카,Madagascar,마다가스카르,Manja,만자
Mankato Regional Airport,맨케이토 지역 공항,MKT,KMKT,북아메리카,United States of America,미국,Mankato,만카토
Manley Hot Springs Airport,맨리 핫 스프링스 공항,MLY,PAML,북아메리카,United States of America,미국,Manley Hot Springs,맨리핫스프링스
Mannheim City Airport,만하임 시티 공항,MHG,EDFM,유럽,Germany,독일,Mannheim,만하임
Manokotak Sea Plane Base,마노코탁 수상비행장,KMO,PAMB,북아메리카,United States of America,미국,Manokotak,마노코탁
Manokwari Rendani Airport,렌다니 공항,MKW,WAUU,아시아태평양,Indonesia,인도네시아,Manokwari,마노콰리
Manono,마노노 공항,MNO,n/a,아프리카,Democratic Republic of the Congo,콩고 민주공화국,Manono,마노노
Mansa Airport,만사 공항,MNS,FLMA,아프리카,Zambia,잠비아,Mansa,만사
Mansfield Lahm Regional Airport,맨스필드 람 공항,MFD,KMFD,북아메리카,United States of America,미국,Mansfield,맨스필드
Mansons Landing,맨슨스 상륙 수상 비행장,YMU,n/a,북아메리카,Canada,캐나다,Mansons,맨슨스
Manta Eloy Alfaro International Airport,엘로이 알파로 국제공항,MEC,SEMT,라틴아메리카,Ecuador,에콰도르,Manta,만타
Manus Island Momote Airport,모모테 공항,MAS,AYMO,아시아태평양,Papua New Guinea,파푸아뉴기니,Manus Island,마누스섬
Manzanillo Playa de Oro International Airport,플라야 데 오로 국제공항,ZLO,MMZO,라틴아메리카,Mexico,멕시코,Manzanillo,만사니요
Manzanillo Sierra Maestra Airport,시에라 마에스트라 공항,MZO,MUMZ,카리브해,Cuba,쿠바,Manzanillo,만사니요
Manzhouli Xijiao Airport,만주리 시자오 공항,NZH,ZBMZ,아시아태평양,China,중국,Manzhouli,만저울리
Manzini Matsapha International Airport,매츠파 공항,MTS,FDMS,아프리카,Eswatini,에스와티니,Manzini,만지니
Maota Savai'i Island Airport,마오타 공항,MXS,NSMA,아시아태평양,Samoa,사모아,Maota,마오타
Maple Bay Seaplane Base,메이플 베이 수상비행장,YAQ,n/a,북아메리카,Canada,캐나다,Maple Bay,메이플베이
Maprik Hayfield Airport,마프리크 헤이필드 공항,MPK,AYMI,아시아태평양,Papua New Guinea,파푸아뉴기니,Maprik Hayfield,마프리크
Maputo International Airport,마푸토 국제공항,MPM,FQMA,아프리카,Mozambique,모잠비크,Maputo,마푸투
Mar Del Plata Astor Piazzolla Airport,아스토르 피아졸라 국제공항,MDQ,SAZM,라틴아메리카,Argentina,아르헨티나,Mar del Plata,마르델플라타
Mara Lodges Airport,마라 세레나 공항,MRE,n/a,아프리카,Kenya,케냐,Masai Mara,마사이마라
Mara North Airport,마라노스 공항,HKR,n/a,아프리카,Kenya,케냐,Mara North,마라노스
Maraba Airport,주앙 코레아 다 로차 공항,MAB,SBMA,라틴아메리카,Brazil,브라질,Maraba,마라바
Maracaibo La Chinita Airport,라 치니타 국제공항,MAR,SVMC,라틴아메리카,Venezuela,베네수엘라,Maracaibo,마라카이보
Maracay Mariscal Sucre Airport,마리스칼 수크레 공항,MYC,SVBS,라틴아메리카,Venezuela,베네수엘라,Maracay,마라카이
Maradi Airport,마라디 공항,MFQ,n/a,아프리카,Niger,니제르,Maradi,마라디
Marakei Airport,마라케이 공항,MZK,NGMK,아시아태평양,Kiribati,키리바시,Marakei,마라케이
Maramures International Airport,마라무레슈 국제공항,BAY,LRBM,유럽,Romania,루마니아,Baia Mare,바이아마레
Marana Pinal Airpark,피날 에어파크,MZJ,KMZJ,북아메리카,United States of America,미국,Marana,마라나
Maratua Island Airport,마라투아섬 공항,RTU,WAQC,아시아태평양,Indonesia,인도네시아,Maratua Island,마라투아섬
Marau Sound Airport,마라우 공항,RUS,n/a,아시아태평양,Solomon Islands,솔로몬 제도,Marau,마라우
Mardin Airport,마르딘 공항,MQM,LTCR,중동,Turkiye,터키,Mardin,마르딘
Mare Airport,마레 공항,MEE,NWWR,아시아태평양,New Caledonia,뉴칼레도니아,Mare,마레
Mareeba Airport,마레바 비행장,MRG,YMBA,아시아태평양,Australia,오스트레일리아,Mareeba,마레바
Margate Airport,마게이트 공항,MGH,FAMG,아프리카,South Africa,남아프리카,Margate,마게이트
Maria Reiche Neuman Airport,마리아 라이헤 노이만 공항,NZC,SPZA,라틴아메리카,Peru,페루,Nazca,나스카
Maribor Airport,마리보르 에드바르드 루잔 공항,MBX,LJMB,유럽,Slovenia,슬로베니아,Maribor,마리보르
Mariehamn Airport,마리에함 공항,MHQ,EFMA,유럽,Finland,핀란드,Mariehamn,마리에함
Marilia Frank Miloye Milenkowichi Airport,프랭크 밀로예 밀렌코비치 마릴리아 공항,MII,SBML,라틴아메리카,Brazil,브라질,Marilia,마릴리아
Marinduque Airport,마린두케 공항,MRQ,n/a,아시아태평양,Philippines,필리핀,Marinduque Island,마린두케섬
Maringa Silvio Name Junior Regional Airport,마링가 지역 공항,MGF,SBMG,라틴아메리카,Brazil,브라질,Maringa,마링가
Marion Municipal Airport,매리언 공항,MNN,n/a,북아메리카,United States of America,미국,Marion,매리언
Marion Veterans Airport of Southern Illinois,윌리엄슨 카운티 공항,MWA,KMWA,북아메리카,United States of America,미국,Marion,매리언
Mariscal Estigarribia Luis Maria Argana International Airport,닥터 루이스 마리아 아르가냐 국제공항,ESG,SGME,라틴아메리카,Paraguay,파라과이,Mariscal Estigarribia,마리스칼에스티가리비아
Mariupol International Airport,마리우폴 국제공항,MPW,UKCM,유럽,Ukraine,우크라이나,Mariupol,마리우폴
Markovo Airport,마르코보 공항,KVM,UHMO,유럽,Russian Federation,러시아,Markovo,마르코보
Marlborough Airport,우드본 공항,BHE,NZWB,아시아태평양,New Zealand,뉴질랜드,Blenheim,블레넘
Marmul Airport,마르물 공항,OMM,OOMX,중동,Oman,오만,Marmul,마르물
Maroantsetra Airport,마로안세트라 공항,WMN,FMNR,아프리카,Madagascar,마다가스카르,Maroantsetra,마로안세트라
Maroua Salak Airport,살락 공항,MVR,FKKL,아프리카,Cameroon,카메룬,Maroua,마루아
Marquette Sawyer International Airport,소여 국제공항,MQT,KSAW,북아메리카,United States of America,미국,Marquette,마켓
Marrakech Menara Airport,마라케시 메나라 공항,RAK,GMMX,아프리카,Morocco,모로코,Marrakesh,마라케시
Marsa Alam International Airport,마르사 알람 국제공항,RMF,HEMA,아프리카,Egypt,이집트,Marsa Alam,마르사알람
Marseille Airport,마르세유 프로방스 공항,MRS,LFML,유럽,France,프랑스,Marseille,마르세유
Marsh Harbour International Airport,마시 하버 공항,MHH,MYAM,카리브해,Bahamas,바하마,Marsh Harbour,마시하버
Marshall Airport,마샬 돈 헌터 시니어 공항,MLL,PADM,북아메리카,United States of America,미국,Marshall,마셜
Marshall Islands International Airport,마셜 제도 국제공항,MAJ,PKMJ,아시아태평양,Marshall Islands,마샬 군도,Majuro,마주로
Martha's Vineyard Airport,마사스 빈야드 공항,MVY,KMVY,북아메리카,United States of America,미국,Marthas Vineyard,마사스빈야드
Martinsburg Eastern W.V. Regional Airport,이스턴 WV 지역 공항,MRB,KMRB,북아메리카,United States of America,미국,Martinsburg,마틴즈버그
Marudi Airport,마루디 공항,MUR,WBGM,아시아태평양,Malaysia,말레이시아,Marudi,마루디
Mary Airport,메리 국제공항,MYP,UTAM,아시아태평양,Turkmenistan,투르크메니스탄,Mary,마리
Mary's Harbour Airport,메리스 하버 공항,YMH,CYMH,북아메리카,Canada,캐나다,Mary's Harbour,메리스하버
Masamba Andi Jemma Airport,안디 젬마 공항,MXB,WAWM,아시아태평양,Indonesia,인도네시아,Masamba,마삼바
Masbate Airport,모이세스 R. 에스피노사 공항,MBT,RPVJ,아시아태평양,Philippines,필리핀,Masbate,마스바테
Mascara Ghriss Airport,그리스 공항,MUW,DAOV,아프리카,Algeria,알제리,Mascara,마스카라
Maseru Moshoeshoe International Airport,모슈슈 국제공항,MSU,FXMM,아프리카,Lesotho,레소토,Maseru,마세루
Mashhad Airport,마슈하드 국제공항,MHD,OIMM,중동,Iran,이란,Mashhad,마슈하드
Mason City Municipal Airport,메이슨 시티 공항,MCW,KMCW,북아메리카,United States of America,미국,Mason,메이슨
Massawa International Airport,마사와 국제공항,MSW,n/a,아프리카,Eritrea,에리트레아,Massawa,마사와
Massena International Airport,마세나 국제공항,MSS,KMSS,북아메리카,United States of America,미국,Massena,마세나
Masset Airport,마세트 공항,ZMT,CZMT,북아메리카,Canada,캐나다,Masset,마세트
Masterton Airport,후드 비행장,MRO,NZMS,아시아태평양,New Zealand,뉴질랜드,Masterton,마스터턴
Matadi Airport,마타디 침피 공항,MAT,n/a,아프리카,Democratic Republic of the Congo,콩고 민주공화국,Matadi,마타디
Mataiva Airport,마타이바 공항,MVT,NTGV,아시아태평양,French Polynesia,프랑스령 폴리네시아,Mataiva,마타이바
Matak Airport,마탁 공항,MWK,WIOM,아시아태평양,Indonesia,인도네시아,Matak,마탁
Matam Ouro Sogui Airport,오우로 소구이 공항,MAX,GOSM,아프리카,Senegal,세네갈,Matam,마탐
Matamoros Servando Canales Airport,제너럴 세르반도 카날레스 국제공항,MAM,MMMA,라틴아메리카,Mexico,멕시코,Matamoros,마타모로스
Mati Imelda R. Marcos Airport,마티 공항,MXI,RPMQ,아시아태평양,Philippines,필리핀,Mati,마티
Matsu Beigan Airport,마쓰베이간 공항,MFK,RCMT,아시아태평양,Taiwan,대만,Matsu,마쭈
Matsu Nangan Airport,마쓰 난간 공항,LZN,RCFG,아시아태평양,Taiwan,대만,Matsu,마쭈
Matsumoto Airport,마츠모토 공항,MMJ,RJAF,아시아태평양,Japan,일본,Matsumoto,마쓰모토
Matsuyama Airport,마쓰야마 공항,MYJ,RJOM,아시아태평양,Japan,일본,Matsuyama,마쓰야마
Mattala Rajapaksa International Airport,마탈라 라자팍사 국제공항,HRI,VCRI,아시아태평양,Sri Lanka,스리랑카,Hambantota,함반토타
Matthew Spain Airport,매튜 스페인 공항,SQS,n/a,라틴아메리카,Belize,벨리즈,Belize,벨리즈
Maturin Jose Tadeo Monagas International Airport,호세 타데오 모나가스 국제공항,MUN,SVMT,라틴아메리카,Venezuela,베네수엘라,MaturIn,마투린
Mauke Island Airport,마우케 공항,MUK,n/a,아시아태평양,Cook Islands,쿡 군도,Mauke Island,마우케섬
Maulmyine Airport,마울라먀잉 공항,MNU,n/a,아시아태평양,Myanmar,미얀마,Mawlamyine,모울메인
Maumere Waioti Airport,프란스 세다 공항,MOF,WATC,아시아태평양,Indonesia,인도네시아,Maumere,마우메레
Maun Airport,마운 공항,MUB,FBMN,아프리카,Botswana,보츠와나,Maun,마운
Maupiti Airport,마우피티 공항,MAU,NTTP,아시아태평양,French Polynesia,프랑스령 폴리네시아,Maupiti,마우피티
Mauritius Sir Seewoosagur Ramgoolam International Airport,씨우사구르 람구람경 국제공항,MRU,FIMP,아프리카,Mauritius,모리셔스,Mauritius,모리셔스
Mayaguana Airport,마야과나 공항,MYG,MYMM,카리브해,Bahamas,바하마,Mayaguana,마야과나
Mayaguez Eugenio Maria de Hostos Airport,에우제니오 마리아 데 호스토스 공항,MAZ,TJMZ,북아메리카,Puerto Rico,푸에르토리코,Mayaguez,마야궤스
Mayo Airport,메이요 공항,YMA,n/a,북아메리카,Canada,캐나다,Mayo,메이요
Mayotte Dzaoudzi Airport,자우지 파만지 국제공항,DZA,FMCZ,아프리카,Mayotte,마요트,Dzaoudzi,자우지
Mazamari Airport,마자마리 공항,MZA,SPMF,라틴아메리카,Peru,페루,Mazamari,마자마리
Mazar-I-Sharif Airport,마자르에 샤리프 국제공항,MZR,OAMS,아시아태평양,Afghanistan,아프가니스탄,Mazar-i-Sharif,마자르이샤리프
Mazatlan Rafael Buelna Airport,제너럴 라파엘 부엘나 국제공항,MZT,MMMZ,라틴아메리카,Mexico,멕시코,Mazatlan,마사틀란
Mbala Airport,음발라 공항,MMQ,FLBA,아프리카,Zambia,잠비아,Mbala,음발라
Mbandaka Airport,음반다카 공항,MDK,FZEA,아프리카,Democratic Republic of the Congo,콩고 민주공화국,Mbandaka,음반다카
M'Banza Congo Airport,음반자 콩고 공항,SSY,FNBC,아프리카,Angola,앙골라,Mbanza-Congo,음반자콩고
Mbeya Airport,음베야 공항,MBI,HTMB,아프리카,Tanzania,탄자니아,Mbeya,음베야
Mbeya Songwe Airport,음베야 송웨 공항,MBI,HTGW,아프리카,Tanzania,탄자니아,Mbeya,음베야
MBS International Airport,MBS 국제공항,MBS,KMBS,북아메리카,United States of America,미국,Saginaw,새기노
Mbuji Mayi Airport,음부지 마이 공항,MJM,FZWA,아프리카,Democratic Republic of the Congo,콩고 민주공화국,Mbuji-Mayi,음부지마이
McAllen International Airport,매캘런 밀러 국제공항,MFE,KMFE,북아메리카,United States of America,미국,McAllen,매캘런
Mcarthur River Airport,맥아더 리버 마인 공항,MCV,YMHU,아시아태평양,Australia,오스트레일리아,McArthur River,맥아더리버
McChord AFB,맥코드 공군기지,TCM,KTCM,북아메리카,United States of America,미국,Tacoma,타코마
McCook Ben Nelson Regional Airport,맥쿡 벤 넬슨 공항,MCK,KMCK,북아메리카,United States of America,미국,Mccook,맥쿡
McGrath Airport,맥그래스 공항,MCG,PAMC,북아메리카,United States of America,미국,Mcgrath,맥그라스
McGuire AFB,맥과이어 공군기지,WRI,n/a,북아메리카,United States of America,미국,Wrightstown,라이츠타운
McKellar-Sipes Regional Airport,맥켈러 사이프스 공항,MKL,KMKL,북아메리카,United States of America,미국,Jackson,잭슨
McKinney National Airport,매키니 국립공항,n/a,KTKI,북아메리카,United States of America,미국,Dallas,댈러스
Mecheria Airport,메체리아 공항,MZW,DAAY,아프리카,Algeria,알제리,Mecheria,메헤리아
Medan Kualanamu International Airport,쿠알라나무 국제공항,KNO,WIMM,아시아태평양,Indonesia,인도네시아,Medan,메단
Medellin Enrique Olaya Herrera Airport,올라야 헤레라 공항,EOH,SKMD,라틴아메리카,Colombia,콜롬비아,Medellin,메데인
Medellin Jose Maria Cordova Airport,호세 마리아 코르도바 국제공항,MDE,SKRG,라틴아메리카,Colombia,콜롬비아,Medellin,메데인
Medicine Hat Airport,메디신햇 공항,YXH,CYXH,북아메리카,Canada,캐나다,Medicine Hat,메디신햇
Medina(Colombia) Airport,메디나(콜롬비아) 공항,MND,SKMN,라틴아메리카,Colombia,콜롬비아,Medina,메디나
Meekatharra Airport,미카타라 공항,MKR,YMEK,아시아태평양,Australia,오스트레일리아,Meekatharra,미카타라
Meemu Atoll Muli Airport,미무 환초 물리 공항,MUM,n/a,아시아태평양,Maldives,몰디브,Muli,물리
Meerut Bheem Rao Ambedkar Airport,미루트 비헴 라오 암베드카르 공항,n/a,n/a,아시아태평양,India,인도,Meerut,메루트
Meghauli Airport,메가울리 공항,MEY,VNMG,아시아태평양,Nepal,네팔,Meghauli,메가울리
Megisti Airport,카스텔로리조 아일랜드 공항,KZS,LGKJ,유럽,Greece,그리스,Megisti,메기스티
Mehamn Airport,메함 공항,MEH,ENMH,유럽,Norway,노르웨이,Mehamn,메함
Meizhou Meixian Airport,메이셴 공항,MXZ,ZGMX,아시아태평양,China,중국,Meixian,메이셴
Mejit Island Airport,메짓 공항,MJB,n/a,아시아태평양,Marshall Islands,마샬 군도,Mejit Island,메짓섬
Mekele Alula Aba Nega Airport,알룰라 아바 네가 공항,MQX,HAMK,아프리카,Ethiopia,이디오피아,Mekele,메켈레
Mekoryuk Ellis Field,메코류크 공항,MYU,PAMY,북아메리카,United States of America,미국,Mekoryuk,메코류크
Melalan Melak Airport,웨스트 쿠타이 멜라란 공항,GHS,WALE,아시아태평양,Indonesia,인도네시아,Melak,멜락
Melangguane Airport,멜랑구아니 공항,MNA,WAMN,아시아태평양,Indonesia,인도네시아,Melonguane,멜롱구아네
Melbourne Avalon Airport,아발론 공항,AVV,YMAV,아시아태평양,Australia,오스트레일리아,Melbourne,멜버른
Melbourne Essendon Fields Airport,에센돈 공항,MEB,YMEN,아시아태평양,Australia,오스트레일리아,Melbourne,멜버른
Melbourne Moorabbin Airport,무라빈 공항,MBW,YMMB,아시아태평양,Australia,오스트레일리아,Melbourne,멜버른
Melbourne Orlando(US) International Airport ,멜버른 올랜도(US) 국제공항,MLB,KMLB,북아메리카,United States of America,미국,Melbourne,멜버른
Melbourne Tullamarine Airport,멜버른 공항,MEL,YMML,아시아태평양,Australia,오스트레일리아,Melbourne,멜버른
Melilla Airport,멜리야 공항,MLN,GEML,유럽,Spain,스페인,Melilla,멜리야
Melo Cerro Largo International Airport,멜로 세로 라르고 국제공항,MLZ,SUMO,라틴아메리카,Uruguay,우루과이,Melo,멜로
Memanbetsu Airport,메만베쓰 공항,MMB,RJCM,아시아태평양,Japan,일본,Memanbetsu,메만베쓰
Memmingen Allgaeu Airport,메밍겐 공항,FMM,EDJA,유럽,Germany,독일,Memmingen,메밍겐
Memphis International Airport,멤피스 국제공항,MEM,KMEM,북아메리카,United States of America,미국,Memphis,멤피스
Mendi Airport,멘디 공항,MDU,AYMN,아시아태평양,Papua New Guinea,파푸아뉴기니,Mendi,멘디
Mendoza Francisco Gabrielli International Airport,엘 풀루메릴로 공항,MDZ,SAME,라틴아메리카,Argentina,아르헨티나,Mendoza,멘도사
Menongue Airport,메농그 공항,SPP,FNME,아프리카,Angola,앙골라,Menongue,메농그
Menorca Mahon Airport,메노르카 공항,MAH,LEMH,유럽,Spain,스페인,Menorca,메노르카
Merauke Mopah Airport,모파 공항,MKQ,WAKK,아시아태평양,Indonesia,인도네시아,Merauke,메라우케
Merced Regional Airport,머세드 지역공항,MCE,KMCE,북아메리카,United States of America,미국,Merced,머세드
Merida Alberto Carnevalli Airport,알베르토 카르네발리 공항,MRD,SVMD,라틴아메리카,Venezuela,베네수엘라,Merida,메리다
Merida Rejon Airport,마누엘 크레센시오 레혼 국제공항,MID,MMMD,라틴아메리카,Mexico,멕시코,Merida,메리다
Meridian Regional Airport,메리디언 지역공항,MEI,KMEI,북아메리카,United States of America,미국,Meridian,머리디언
Merimbula Airport,메림불라 공항,MIM,YMER,아시아태평양,Australia,오스트레일리아,Merimbula,머림불라
Merlo Valle Del Conlara Airport,발레 델 콘라라 공항,RLO,SAOS,라틴아메리카,Argentina,아르헨티나,Villa de Merlo,메를로
Merowe Airport,메로웨 공항,MWE,HSMN,아프리카,Sudan,수단,Merowe,메로웨
Mersa Matruh Airport,마르사 마트루 국제공항,MUH,HEMM,아프리카,Egypt,이집트,Mersa Matruh,마르사마트루
Meru-Kiina Airport,물리카 로지 에어포트,JJM,n/a,아프리카,Kenya,케냐,Meru National Park,메루
Mestia Queen Tamar Airport,메스티아 퀸 타마르 공항,n/a,UGMS,유럽,Georgia,조지아,Mestia,메스티아
MET - Montreal Metropolitan Airport,몬트리올/생 위베르 공항,YHU,CYHU,북아메리카,Canada,캐나다,Montreal,몬트리올
Metlakatla Sea Plane Base,메틀라카틀라 수상비행장,MTM,PAMM,북아메리카,United States of America,미국,Metlakatla,메틀라카틀라
Metz/Nancy Lorraine Airport,메스 낭시 로렌 공항,ETZ,LFJL,유럽,France,프랑스,Metz/Nancy,메스낭시
Mexicali Taboada Airport,제너럴 로돌포 산체스 타보아다 국제공항,MXL,MMML,라틴아메리카,Mexico,멕시코,Mexicali,멕시칼리
Mexico City Felipe Angeles International Airport,산타 루시아 공군 기지 번호 1,NLU,MMSM,라틴아메리카,Mexico,멕시코,Santa Lucia,산타루시아
Mexico City Juarez International Airport,멕시코 시티 국제공항,MEX,MMMX,라틴아메리카,Mexico,멕시코,Mexico City,멕시코시티
Mexico City Toluca Airport,리센시아도 아돌포 로페스 마테오스 국제공항,TLC,MMTO,라틴아메리카,Mexico,멕시코,Toluca,톨루카
Meyers Chuck SPB Airport,마이어스 척 수상 비행장,WMK,n/a,북아메리카,United States of America,미국,Meyers Chuck,마이어스척
Mfuwe Airport,음푸웨 공항,MFU,FLMF,아프리카,Zambia,잠비아,Mfuwe,음푸웨
Miami Biscayne Bay SPB Airport,마이애미 수상비행기 기지,MPB,n/a,북아메리카,United States of America,미국,Miami,마이애미
Miami International Airport,마이애미 국제공항,MIA,KMIA,북아메리카,United States of America,미국,Miami,마이애미
Miami Opa-locka Executive Airport,마이애미 오파 로카 이그제큐티브 공항,OPF,KOPF,북아메리카,United States of America,미국,Miami,마이애미
Miangas Airport,미앙가스 공항,n/a,n/a,아시아태평양,Indonesia,인도네시아,Miangas,미앙가스
Mianyang Nanjiao Airport,몐양 난자오 공항,MIG,ZUMY,아시아태평양,China,중국,Mianyang,몐양
Middle Georgia Regional Airport,미들조지아 공항,MCN,KMCN,북아메리카,United States of America,미국,Macon,메이컨
Middlemount Airport,미들마운트 공항,MMM,YMMU,아시아태평양,Australia,오스트레일리아,Middlemount,미들마운트
Midland International Airport,미들랜드 국제 항공 우주 항구,MAF,KMAF,북아메리카,United States of America,미국,Midland,미들랜드
Midrand Johannesburg Grand Central Airport,그랜드 센트럴 공항,GCJ,FAGC,아프리카,South Africa,남아프리카,Johannesburg,요하네스버그
Milan Bergamo/Orio al Serio Airport,일 카라바조 국제공항,BGY,LIME,유럽,Italy,이탈리아,Milan,밀라노
Milan Linate Airport,리나테 공항,LIN,LIML,유럽,Italy,이탈리아,Milan,밀라노
Milan Malpensa Airport,밀라노 말펜사 공항,MXP,LIMC,유럽,Italy,이탈리아,Milan,밀라노
Mildura Airport,밀두라 공항,MQL,YMIA,아시아태평양,Australia,오스트레일리아,Mildura,밀두라
Miles Airport,마일즈 공항,WLE,YMLS,아시아태평양,Australia,오스트레일리아,Miles,마일스
Miles City Municipal Airport,마일스 시티 공항,MLS,KMLS,북아메리카,United States of America,미국,Miles City,마일스시티
Mili Island Airport,밀리 공항,MIJ,n/a,아시아태평양,Marshall Islands,마샬 군도,Mili Atoll,밀리환초
Milingimbi Airport,밀링김비 공항,MGT,YMGB,아시아태평양,Australia,오스트레일리아,Milingimbi Island,밀링김비섬
Milos Airport,밀로스 아일랜드 내셔널 공항,MLO,LGML,유럽,Greece,그리스,Milos,밀로스
Milwaukee Mitchell International Airport,밀워키 미첼 국제공항,MKE,KMKE,북아메리카,United States of America,미국,Milwaukee,밀워키
Minami Daito Maridor Airport,미나미다이토 공항,MMD,ROMD,아시아태평양,Japan,일본,Minamidaito,미나미다이토
Minatitlan National Airport,미나티틀란/코아차코알코스 국제공항,MTT,MMMT,라틴아메리카,Mexico,멕시코,Minatitlan,미나티틀란
Mineralnye Vody Airport,미네랄니에 보디 공항,MRV,URMM,유럽,Russian Federation,러시아,Mineralnye Vody,미네랄니예보디
Minna Bola Ahmed Tinubu International Airport,민나 공항,MXJ,DNMN,아프리카,Nigeria,나이지리아,Minna,민나
Minneapolis St Paul International Airport,미니애폴리스 세인트폴 국제공항,MSP,KMSP,북아메리카,United States of America,미국,Minneapolis,미니애폴리스
Minocqua Noble F Lee Airport,레이크랜드 공항,ARV,n/a,북아메리카,United States of America,미국,Minocqua,미녹콰
Minot International Airport,미놋 국제공항,MOT,KMOT,북아메리카,United States of America,미국,Minot,마이넛
Minsk National Airport,민스크 국립 공항,MSQ,UMMS,유럽,Belarus,벨라루시,Minsk,민스크
Minto Airport,민토 알 라이트 공항,MNT,n/a,북아메리카,United States of America,미국,Minto,민토
Miri Airport,미리 공항,MYY,WBGR,아시아태평양,Malaysia,말레이시아,Miri,미리
Miriti Airport,미리티 파라나 공항,MIX,n/a,라틴아메리카,Colombia,콜롬비아,MiritI-Parana,미리티파라나
Mirny Airport,미르니 공항,MJZ,UERR,유럽,Russian Federation,러시아,Mirny,미르니
Misawa Airport,미사와공항,MSJ,RJSM,아시아태평양,Japan,일본,Misawa,미사와
Misima Island Airport,미시마 아일랜드 공항,MIS,AYMS,아시아태평양,Papua New Guinea,파푸아뉴기니,Misima Island,미시마섬
Missoula Montana Airport,미줄라 국제공항,MSO,KMSO,북아메리카,United States of America,미국,Missoula,미줄라
Misurata Airport,미스라타 공항,MRA,HLMS,아프리카,Libya,리비아,Misurata,미스라타
Mitchell Municipal Airport,미첼 공항,MHE,KMHE,북아메리카,United States of America,미국,Mitchell,미첼
Mitiaro Island Airport,미티아로 공항,MOI,n/a,아시아태평양,Cook Islands,쿡 군도,Mitiaro Island,미티아로섬
Mitu Airport,파비오 알베르토 레온 벤틀리 공항,MVP,SKMU,라틴아메리카,Colombia,콜롬비아,Mitu,미투
Miyake Jima Airport,미야케지마 공항,MYE,RJTQ,아시아태평양,Japan,일본,Miyakejima,미야케지마
Miyako Hirara Airport,미야코 공항,MMY,ROMY,아시아태평양,Japan,일본,Miyakojima,미야코지마
Miyazaki Airport,미야자키 공항,KMI,RJFM,아시아태평양,Japan,일본,Miyazaki,미야자키
Mkuze Airport,음쿠제 공항,MZQ,FAMU,아프리카,South Africa,남아프리카,Mkuze,음쿠제
Mo I Rana Airport,모이나라 공항,MQN,ENRA,유럽,Norway,노르웨이,Mo i Rana,모이라나
Moa Orestes Acosta Airport,오레스테스 아코스타 공항,MOA,n/a,카리브해,Cuba,쿠바,Moa,모아
Moab Canyonlands Field,캐니언랜즈 필드,CNY,KCNY,북아메리카,United States of America,미국,Moab,모압
Moala Island Airport,모알라 공항,MFJ,n/a,아시아태평양,Fiji,피지,Moala Island,모알라섬
Moanda(Gabon) Airport,모안다(가봉) 공항,MFF,FOOD,아프리카,Gabon,가봉,Moanda,모안다
Mobile International Airport,모빌 다운타운 공항,BFM,KBFM,북아메리카,United States of America,미국,Mobile,모빌
Mobile Regional Airport,모빌 공항,MOB,KMOB,북아메리카,United States of America,미국,Mobile,모빌
Mocimboa da Praia Airport,모킴보아드프라이아 공항,MZB,FQMP,아프리카,Mozambique,모잠비크,MocImboa da Praia,모심보아다프라이아
Modesto City-County Airport,모데스토 시티 카운티 공항,MOD,KMOD,북아메리카,United States of America,미국,Modesto,모데스토
Mogadishu Aden Adde International Airport,아덴 아데 국제공항,MGQ,HCMM,아프리카,Somalia,소말리아,Mogadishu,모가디슈
Mogilev Airport,모길레프 공항,MVQ,UMOO,유럽,Belarus,벨라루시,Mogilev,모길료프
Mohe Gulian Airport,모헤 굴리안 공항,OHE,ZYMH,아시아태평양,China,중국,Mohe,모허
Moheli Bandar es Salam Airport,모헬리 반다르에스에스에스슬람 공항,NWA,FMCI,아프리카,Comoros,코모로,Moheli,모헬리
Mohenjo Daro Airport,모엔조다로 공항,MJD,n/a,아시아태평양,Pakistan,파키스탄,Mohenjo Daro,모헨조다로
Mojave Air and Space Port,모하비 항공 우주 항구,MHV,KMHV,북아메리카,United States of America,미국,Mojave,모하비
Molde Aro Airport,몰데 공항,MOL,ENML,유럽,Norway,노르웨이,Molde,몰데
Molokai Airport,몰로카이 공항,MKK,PHMK,북아메리카,United States of America,미국,Hoolehua,호올레후아
Moma Airport,모마 공항,MQJ,UEMA,유럽,Russian Federation,러시아,Khonuu,호누
Mombasa Moi International Airport,모이 국제공항,MBA,HKMO,아프리카,Kenya,케냐,Mombasa,몸바사
Monaco Heliport,모나코 헬리포트,MCM,LNMC,유럽,Monaco,모나코,Fontvieille,퐁비에유
Monastir Habib Bourguiba International Airport,모나스티르 하비브 부르기바 국제공항,MIR,DTMB,아프리카,Tunisia,튀니지,Monastir,모나스티르
Monbetsu Airport,몬베쓰 공항,MBE,RJEB,아시아태평양,Japan,일본,Monbetsu,몬베쓰
Monchengladbach Airport,묀헨글라트바흐 공항,MGL,EDLN,유럽,Germany,독일,Mnchengladbach,뫼인헨글라트바흐
Monclova Venustiano Carranza International Airport,베누스티아노 카란자 국제공항,LOV,n/a,라틴아메리카,Mexico,멕시코,Monclova,몽클로바
Mong Hsat Airport,몽삿 공항,MOG,VYMS,아시아태평양,Myanmar,미얀마,Monghsat,몽삿
Mongomo Airport,프레지던트 오비앙 응게마 국제공항,GEM,FGMM,아프리카,Equatorial Guinea,적도 기니,Mengomeyen,멩고메옌
Mongu Airport,몬구 공항,MNR,FLMG,아프리카,Zambia,잠비아,Mongu,몽구
Monkey Bay Airport,몽키 베이 공항,MYZ,n/a,아프리카,Malawi,말라위,Monkey Bay,몽키베이
Monkey Mia Shark Bay Airport,샤크 베이 공항,MJK,YSHK,아시아태평양,Australia,오스트레일리아,Monkey Mia,멍키 미아
Mono Airport,모노 공항,MNY,AGGO,아시아태평양,Solomon Islands,솔로몬 제도,Mono Island,모노섬
Monroe Regional Airport,먼로 공항,MLU,KMLU,북아메리카,United States of America,미국,Monroe,먼로
Monrovia James Spriggs Payne Airport,스프릭스 페인 공항,MLW,GLMR,아프리카,Liberia,라이베리아,Monrovia,먼로비아
Monrovia Roberts International Airport,로버츠 국제공항,ROB,GLRB,아프리카,Liberia,라이베리아,Monrovia,몬로비아
Mont Joli Airport,몽졸리 공항,YYY,CYYY,북아메리카,Canada,캐나다,Mont-Joli,몽졸리
Mont Tremblant International Airport,몽트랑블랑 국제공항,YTM,CYFJ,북아메리카,Canada,캐나다,Mont-Tremblant,몽트랑블랑
Montauk Airport,몬턱 공항,MTP,KMTP,북아메리카,United States of America,미국,Montauk,몬터크
Monteagudo Airport,몬테아구도 공항,MHW,SLAG,라틴아메리카,Bolivia,볼리비아,Monteagudo,몬테아구도
Montego Bay Sangster International Airport,생스터 국제공항,MBJ,MKJS,카리브해,Jamaica,자메이카,Montego Bay,몬테고베이
Montelibano Airport,몬테리바노 공항,MTB,SKTO,라틴아메리카,Colombia,콜롬비아,Montelibano,몬테리바노
Monterey Regional Airport,몬터레이 공항,MRY,KMRY,북아메리카,United States of America,미국,Monterey,몬터레이
Monteria Los Garzones Airport,로스 가조네스 공항,MTR,SKMR,라틴아메리카,Colombia,콜롬비아,MonterIa,몬테리아
Monterrey Del Norte International Airport,델 노르테 국제공항,NTR,MMAN,라틴아메리카,Mexico,멕시코,Monterrey,몬테레이
Monterrey Escobedo International Airport,제너럴 마리아노 에스코베도 국제공항,MTY,MMMY,라틴아메리카,Mexico,멕시코,Monterrey,몬테레이
Montes Claros Airport,몬테스 클라로스/마리오 리베이루 공항,MOC,SBMK,라틴아메리카,Brazil,브라질,Montes Claros,몬치스클라루스
Montevideo Carrasco Airport,카라스코 그랄. 체사레오 L. 베리소 국제공항,MVD,SUMU,라틴아메리카,Uruguay,우루과이,Montevideo,몬테비데오
Montevideo Melilla Airport,몬테비데오 멜리야 공항,n/a,SUAA,라틴아메리카,Uruguay,우루과이,Montevideo,몬테비데오
Montgomery Regional Airport,몽고메리 지역공항,MGM,KMGM,북아메리카,United States of America,미국,Montgomery,몽고메리
Monticello Regional Airport,몬티첼로 공항,MXO,KMXO,북아메리카,United States of America,미국,Monticello,몬티첼로
Montijo (Lisbon) Air Base,몬티조(리스본) 공군기지,n/a,LPMT,유럽,Portugal,포르투갈,Lisbon,리스본
Montpellier Mediterranee Airport,몽펠리에 메디테라네 공항,MPL,LFMT,유럽,France,프랑스,Montpellier,몽펠리에
Montreal Mirabel International Airport,몬트리올 미라벨 국제공항,YMX,CYMX,북아메리카,Canada,캐나다,Montreal,몬트리올
Montreal Pierre Elliott Trudeau International Airport,몬트리올 트뤼도 국제공항,YUL,CYUL,북아메리카,Canada,캐나다,Montreal,몬트리올
Montrose Regional Airport,몬트로즈 공항,MTJ,KMTJ,북아메리카,United States of America,미국,Montrose,몬트로즈
Montserrat John A Osborne Airport,존 A. 오스본 공항,MNI,TRPG,카리브해,Montserrat,몬트세랫,Montserrat,몬세라트
Monywa Airport,모니와 공항,NYW,VYMY,아시아태평양,Myanmar,미얀마,Monywa,모니와
Moomba Airport,뭄바 공항,MOO,YOOM,아시아태평양,Australia,오스트레일리아,Moomba,뭄바
Moorea Temae Airport,무레아 공항,MOZ,NTTM,아시아태평양,French Polynesia,프랑스령 폴리네시아,Moorea,무레아
Moosonee Airport,무소니 공항,YMO,CYMO,북아메리카,Canada,캐나다,Moosonee,무소니
Mopti Airport,몹티 공항,MZI,GAMB,아프리카,Mali,말리,Mopti,몹티
Mora Siljan Airport,모라 실리안 공항,MXX,ESKM,유럽,Sweden,스웨덴,Mora,모라
Moradabad Mundha Pande Airport,모라다바드 문다 판데 공항,MZS,VIMB,아시아태평양,India,인도,Mundha Pande,문다판데
Moranbah Airport,모란바 공항,MOV,YMRB,아시아태평양,Australia,오스트레일리아,Moranbah,모란바
Moree Airport,모리 공항,MRZ,YMOR,아시아태평양,Australia,오스트레일리아,Moree,모리
Morelia Airport,제너럴 프란시스코 J. 무히카 국제공항,MLM,MMMM,라틴아메리카,Mexico,멕시코,Morelia,모렐리아
Morgantown Municipal Airport,모건타운 뮤니시펄 공항,MGW,KMGW,북아메리카,United States of America,미국,Morgantown,모건타운
Morlaix Ploujean Airport,모를레,MXN,LFRU,유럽,France,프랑스,Morlaix,모를레
Mornington Island Airport,모닝턴 아일랜드 공항,ONG,YMTI,아시아태평양,Australia,오스트레일리아,Mornington Island,모닝턴섬
Moro Airport,모로 공항,MXH,AYMR,아시아태평양,Papua New Guinea,파푸아뉴기니,Moro,모로
Morombe Airport,모롬베 공항,MXM,n/a,아프리카,Madagascar,마다가스카르,Morombe,모롬베
Moron Airport,뫼뢴 공항,MXV,n/a,아시아태평양,Mongolia,몽골,Moron,뫼뢴
Morondava Airport,모론다바 공항,MOQ,FMMV,아프리카,Madagascar,마다가스카르,Morondava,모론다바
Moroni Iconi Airport,이코니 공항,YVA,n/a,아프리카,Comoros,코모로,Moroni,모로니
Moroni Prince Said Ibrahim International Airport,프린스 사이드 이브라힘 국제공항,HAH,FMCH,아프리카,Comoros,코모로,Moroni,모로니
Morotai Island Pitu Airport,피투 공항,OTI,WAEW,아시아태평양,Indonesia,인도네시아,Morotai Island,모로타이섬
Morowali Airport,말레오 공항,MOH,WAFO,아시아태평양,Indonesia,인도네시아,Morowali,모로왈리
Morristown Airport,모리스타운 공항,MMU,KMMU,북아메리카,United States of America,미국,Morristown,모리스타운
Morrisville-Stowe State Airport,모리스빌 스토 스테이트 공항,MVL,KMVL,북아메리카,United States of America,미국,Stowe,스토
Morro de Sao Paulo Airport,모로 데 상파울루 공항,MXQ,n/a,라틴아메리카,Brazil,브라질,Morro de Sao Paulo,모루지상파울루
Moruroa Atoll Airport,무루로아 공항,UOA,n/a,아시아태평양,French Polynesia,프랑스령 폴리네시아,Moruroa,무루로아
Moruya Airport,모루야 공항,MYA,YMRY,아시아태평양,Australia,오스트레일리아,Moruya,모루야
Moscow Domodedovo Airport,도모데도보 국제공항,DME,UUDD,유럽,Russian Federation,러시아,Moscow,모스크바
Moscow Sheremetyevo Airport,셰레메티예보 국제공항,SVO,UUEE,유럽,Russian Federation,러시아,Moscow,모스크바
Moscow Vnukovo Airport,브누코보 국제공항,VKO,UUWW,유럽,Russian Federation,러시아,Moscow,모스크바
Moscow Zhukovsky International Airport,라멘스코예 공항,ZIA,UUBW,유럽,Russian Federation,러시아,Zhukovsky,주코프스키
Moser Bay Airport,모저 베이 수상비행기 기지,KMY,n/a,북아메리카,United States of America,미국,Moser Bay,모저베이
Moses Lake Grant County International Airport,그랜트 카운티 국제공항,MWH,KWMH,북아메리카,United States of America,미국,Moses Lake,모지스레이크
Moshi Airport,모시 공항,QSI,HTMS,아프리카,Tanzania,탄자니아,Moshi,모시
Mosjoen Kjaerstad Airport,모쇼엔 공항,MJF,ENMS,유럽,Norway,노르웨이,Mosjoen,모쇼엔
Mossoro Airport,주지사 딕스 셉트 로사도 공항,MVF,SBMS,라틴아메리카,Brazil,브라질,Mossoro,모소로
Mostar International Airport,모스타르 공항,OMO,LQMO,유럽,Bosnia and Herzegovina,보스니아 헤르체고비나,Mostar,모스타르
Mosul International Airport,모술 국제공항,OSM,ORBM,중동,Iraq,이라크,Mosul,모술
Mota Lava Airport,모타 라바 공항,MTV,n/a,아시아태평양,Vanuatu,바누아투,Mota Lava,모타라바
Moundou Airport,마운두 공항,MQQ,FTTD,아프리카,Chad,차드,Moundou,문두
Mount Clemens Selfridge AFB,셀프리지 공군기지,MTC,n/a,북아메리카,United States of America,미국,Mount Clemens,마운트클레먼스
Mount Fuji Shizuoka Airport,시즈오카 공항,FSZ,RJNS,아시아태평양,Japan,일본,Shizuoka,시즈오카
Mount Gambier Airport,마운트 갬비어 공항,MGB,YMTG,아시아태평양,Australia,오스트레일리아,Mount Gambier,마운트갬비어
Mount Gordon Mine Airport,마운트 고든 공항,GPD,n/a,아시아태평양,Australia,오스트레일리아,Mount Gordon Mine,마운트고든
Mount Hagen Kagamuga Airport,마운트 하겐 공항,HGU,AYMH,아시아태평양,Papua New Guinea,파푸아뉴기니,Mount Hagen,마운트하겐
Mount Hotham Airport,마운트 호담 공항,MHU,YHOT,아시아태평양,Australia,오스트레일리아,Mount Hotham,마운트호담
Mount Isa Airport,마운트 이사 공항,ISA,YBMA,아시아태평양,Australia,오스트레일리아,Mount Isa,마운트아이자
Mount Keith Airport,마운트 키스 공항,WME,YMNE,아시아태평양,Australia,오스트레일리아,Mount Keith,마운트키스
Mount Magnet Airport,마운트 마그넷 공항,MMG,YMOG,아시아태평양,Australia,오스트레일리아,Mount Magnet,마운트매그닛
Mount Pleasant RAF,마운트 플레전트 공군기지,MPN,EGYP,라틴아메리카,Falkland Islands,포클랜드 제도,Mount Pleasant,마운트플레전트
Mount Vernon Skagit Regional Airport,스카짓 지역공항,MVW,KBVS,북아메리카,United States of America,미국,Burlington-Mount Vernon,벌링턴-마운트버넌
Mountain Home Air Force Base,마운틴 홈 공군 기지,MUO,n/a,북아메리카,United States of America,미국,Mountain Home,마운틴홈
Mountain Village Airport,마운틴 빌리지 공항,MOU,PAMO,북아메리카,United States of America,미국,Mountain Village,마운틴빌리지
Moyo Airport,모요 공항,OYG,n/a,아프리카,Uganda,우간다,Moyo Town,모요
Mpacha Katima Mulilo Airport,카티마무릴로 공항,MPA,FYKM,아프리카,Namibia,나미비아,Katima Mulilo,카티마무릴로
Mpanda Airport,음판다 공항,NPY,HTMP,아프리카,Tanzania,탄자니아,Mpanda,음판다
Mthatha Airport,음타타 공항,UTT,FAUT,아프리카,South Africa,남아프리카,Umtata,음타타
Mtwara Airport,음트와라 공항,MYW,HTMT,아프리카,Tanzania,탄자니아,Mtwara,음트와라
Muan International Airport,무안 국제공항,MWX,RKJB,아시아태평양,South Korea,대한민국,Muan,무안
Muanda(DRC) Airport,무안다(DRC) 공항,MNB,n/a,아프리카,Democratic Republic of the Congo,콩고 민주공화국,Moanda,모안다
Muara Bungo Airport,무아라 분고 공항,BUU,WIJB,아시아태평양,Indonesia,인도네시아,Bungo Regency,분고
Muara Teweh Haji Muhammad Sidik Airport,무하마드 시딕 공항,HMS,WAGB,아시아태평양,Indonesia,인도네시아,Muara,무아라
Mudanjiang Hailang International Airport,무단장 공항,MDG,ZYMD,아시아태평양,China,중국,Mudanjiang,무단장
Mudgee Airport,머지 공항,DGE,YMDG,아시아태평양,Australia,오스트레일리아,Mudgee,머지
Mukah Airport,무카 공항,MKM,WBGK,아시아태평양,Malaysia,말레이시아,Mukah,무카
Mukhaizna Airport,무카이즈나 공항,UKH,OOMK,중동,Oman,오만,Mukhaizna,무카이즈나
Mukomuko Airport,무코무코 공항,MPC,WIGM,아시아태평양,Indonesia,인도네시아,Mukomuko,무코무코
Mulatupo Airport,물라투포 공항,MPP,n/a,라틴아메리카,Panama,파나마,Mulatupo,물라투포
Multan Airport,물탄 국제공항,MUX,OPMT,아시아태평양,Pakistan,파키스탄,Multan,물탄
Mulu Airport,물루 공항,MZV,WBMU,아시아태평양,Malaysia,말레이시아,Mulu,물루
Mumbai Chhatrapati Shivaji Maharaj International Airport,차트라파티 시바지 국제공항,BOM,VABB,아시아태평양,India,인도,Mumbai,뭄바이
Mumbai Juhu Airport,뭄바이 주후 공항,n/a,VAJJ,아시아태평양,India,인도,Mumbai,뭄바이
Munda Airport,문다 공항,MUA,AGGM,아시아태평양,Solomon Islands,솔로몬 제도,Munda,문다
Mundra Adani Airport,문드라 아다니 공항,MUN,VAMA,아시아태평양,India,인도,Mundra,문드라
Munich Airport,뮌헨 공항,MUC,EDDM,유럽,Germany,독일,Munich,뮌헨
Munich Augsburg Airport,아우크스부르크 공항,AGB,EDMA,유럽,Germany,독일,Augsburg,아우크스부르크
Munster Osnabruck International Airport,뮌스터 오스나브뤼크 공항,FMO,EDDG,유럽,Germany,독일,Mnster,뮌스터
Murcia Corvera International Airport,레지온 데 무르시아 국제공항,RMU,LEMI,유럽,Spain,스페인,Murcia,무르시아
Murmansk Airport,무르만스크 공항,MMK,ULMM,유럽,Russian Federation,러시아,Murmansk,무르만스크
Murray Island Airport,머레이 아일랜드 공항,MYI,YMUI,아시아태평양,Australia,오스트레일리아,Murray Island,머레이섬
Mus Airport,무슈 공항,MSR,LTCK,중동,Turkiye,터키,MuS,무슈
Muscat International Airport,무스카트 국제공항,MCT,OOMS,중동,Oman,오만,Muscat,무스카트
Muscle Shoals Northwest Alabama Regional Airport,노스웨스트 앨라배마 공항,MSL,KMSL,북아메리카,United States of America,미국,Muscle Shoals,머슬숄즈
Musiara Airport,무시아라 공항,MDR,HKSJ,아프리카,Kenya,케냐,Musiara,무시아라
Muskegon County Airport,머스키건 카운티 공항,MKG,KMKG,북아메리카,United States of America,미국,Muskegon,머스키건
Muskoka Airport,무스코카 공항,YQA,CYQA,북아메리카,Canada,캐나다,Muskoka,머스코카
Muskrat Dam Airport,머스크랫 댐 공항,MSA,CZMD,북아메리카,Canada,캐나다,Muskrat Dam,머스크랫댐
Musoma Airport,무소마 공항,MUZ,HTMU,아프리카,Tanzania,탄자니아,Musoma,무소마
Mutare Grand Reef Airport,무타레 그랜드 리프 공항,UTA,FVMU,아프리카,Zimbabwe,짐바브웨,Mutare,무타레
Muzaffarabad Airport,무자파라바드 공항,MFG,OPMF,아시아태평양,Pakistan,파키스탄,Muzaffarabad,무자파라바드
Muzaffarnagar Airport,마누엘 프라도 우가르테체 공항,MZA,n/a,아시아태평양,India,페루,Mazamari,마자마리
Muzaffarpur Airport,무자파르푸르 공항,MZU,VEMZ,아시아태평양,India,인도,Muzaffarpur,무자파르푸르
Mwanza Airport,므완자 공항,MWZ,HTMW,아프리카,Tanzania,탄자니아,Mwanza,므완자
Myeik Airport,미익 공항,MGZ,VYME,아시아태평양,Myanmar,미얀마,Myeik,메익
Myitkyina Airport,미트키나 공항,MYT,VYMK,아시아태평양,Myanmar,미얀마,Myitkyina,미치나
Mykolaiv International Airport,미콜라이우 국제공항,NLV,UKON,유럽,Ukraine,우크라이나,Mykolaiv,미콜라이우
Mykonos Manto Mavrogenous Airport,미코노스 아일랜드 국립 공항,JMK,LGMK,유럽,Greece,그리스,Mykonos,미코노스
Myrtle Beach International Airport,머틀 비치 국제공항,MYR,KMYR,북아메리카,United States of America,미국,Myrtle Beach,머틀비치
Mys-Kamenny Airport,미스 카메니 공항,YMK,n/a,유럽,Russian Federation,러시아,Mys-Kamenny,미스카메니
Mysore (Mysuru) Airport,마이소르(마이수루) 공항,MYQ,VOMY,아시아태평양,India,인도,Mysore,마이소르
Mytilini Odysseas Elytis Airport,미틸레네 국제공항,MJT,LGMT,유럽,Greece,그리스,Mytilene,미틸리니
Mzuzu Airport,음주주 공항,ZZU,FWUU,아프리카,Malawi,말라위,Mzuzu,음주주
Na San Airport,나센 공항,SQH,VVNS,아시아태평양,Vietnam,베트남,Son La,선라
Nabire Douw Aturure Airport,나비레 공항,NBX,WABI,아시아태평양,Indonesia,인도네시아,Nabire,나비레
Nacala Airport,나칼라 공항,MNC,FQNC,아프리카,Mozambique,모잠비크,Nacala,나칼라
Nadi International Airport,난디 국제공항,NAN,NFFN,아시아태평양,Fiji,피지,Nadi,난디
Nador El Aroui Airport,나도르 국제공항,NDR,GMMW,아프리카,Morocco,모로코,Nador,나도르
Nadym Airport,나딤 공항,NYM,USMM,유럽,Russian Federation,러시아,Nadym,나딤
Naga Airport,나가 공항,WNP,RPUN,아시아태평양,Philippines,필리핀,Naga,나가
Nagasaki Airport,나가사키 공항,NGS,RJFU,아시아태평양,Japan,일본,Nagasaki,나가사키
Nagoya Chubu Centrair International Airport,주부 국제공항,NGO,RJGG,아시아태평양,Japan,일본,Nagoya,나고야
Nagoya Komaki Airport,나고야 비행장,NKM,RJNA,아시아태평양,Japan,일본,Nagoya,나고야
Nagpur Dr Babasaheb Ambedkar International Airport,암베드카 국제공항,NAG,VANP,아시아태평양,India,인도,Nagpur,나그푸르
Nain Airport,나인 공항,YDP,CYDP,북아메리카,Canada,캐나다,Nain,나인
Nairobi Jomo Kenyatta International Airport,조모 케냐타 국제공항,NBO,HKJK,아프리카,Kenya,케냐,Nairobi,나이로비
Nairobi Wilson Airport,윌슨 공항,WIL,HKNW,아프리카,Kenya,케냐,Nairobi,나이로비
Najran Airport,나즈란 국내선 공항,EAM,OENG,중동,Saudi Arabia,사우디아라비아,Najran,나즈란
Nakashibetsu Airport,나카시베쓰 공항,SHB,RJCN,아시아태평양,Japan,일본,Nakashibetsu,나카시베쓰
Nakhchivan Airport,나흐치반 국제공항,NAJ,UBBN,유럽,Azerbaijan,아제르바이잔,Nakhchivan,나히체반
Nakhon Phanom Airport,나콘파놈 공항,KOP,VTUW,아시아태평양,Thailand,태국,Nakhon Phanom,나콘파놈
Nakhon Ratchasima Airport,나콘랏차시마 공항,NAK,VTUQ,아시아태평양,Thailand,태국,Nakhon Ratchasima,나콘랏차시마
Nakhon Si Thammarat Airport,나콘시탐마랏 공항,NST,VTSF,아시아태평양,Thailand,태국,Nakhon Si Thammarat,나콘시탐마랏
Nakina Airport,나키나 공항,YQN,n/a,북아메리카,Canada,캐나다,Greenstone,그린스톤
Nakuru Airport,나쿠루 공항,NUU,HKNK,아프리카,Kenya,케냐,Nakuru,나쿠루
Nalchik Airport,날치크 공항,NAL,URMN,유럽,Russian Federation,러시아,Nalchik,날치크
Namangan Airport,나망간 공항,NMA,UZFN,아시아태평양,Uzbekistan,우즈베키스탄,Namangan,나망간
Namibe Welwitschia Mirabilis Airport,웰위치아 미라빌리스 공항,MSZ,FNMO,아프리카,Angola,앙골라,Namibe,나미베
Namlea Namniwel Airport,남리 공항,NAM,n/a,아시아태평양,Indonesia,인도네시아,Namlea,남레아
Namorik Island Airport,나모릭 공항,NDK,n/a,아시아태평양,Marshall Islands,마샬 군도,Namorik Atoll,나모릭
Nampula International Airport,남풀라 공항,APL,FQNP,아프리카,Mozambique,모잠비크,Nampula,남풀라
Namrole Airport,남롤 공항,NRE,WAPG,아시아태평양,Indonesia,인도네시아,NamroleBuru,남롤레
Namsos Airport,남소스 공항,OSY,ENNM,유럽,Norway,노르웨이,Namsos,남소스
Nan Nhakon Airport,난나콘 공항,NNT,VTCN,아시아태평양,Thailand,태국,Nan,난
Nanaimo Airport,나나이모 공항,YCD,CYCD,북아메리카,Canada,캐나다,Nanaimo,나나이모
Nanaimo Harbour Water Airport,나나이모 하버 수상비행장,ZNA,n/a,북아메리카,Canada,캐나다,Nanaimo,나나이모
Nanchang Changbei International Airport,난창 창베이 국제공항,KHN,ZSCN,아시아태평양,China,중국,Nanchang,난창
Nanchang Yaohu Airport,난창 야오후 공항,YHJ,n/a,아시아태평양,China,중국,Nanchang,난창
Nanchong Gaoping Airport,난충 가오핑 공항,NAO,ZUNC,아시아태평양,China,중국,Nanchong,난충
Nanded Airport,스리 구루 고빈드 싱 지 공항,NDC,VAND,아시아태평양,India,인도,Nanded,난데드
Nanisivik Airport,나니시비크 공항,YSR,n/a,북아메리카,Canada,캐나다,Nanisivik,나니시비크
Nanjing Lukou International Airport,난징 루커우 국제공항,NKG,ZSNJ,아시아태평양,China,중국,Nanjing,난징
Nanning Wuxu International Airport,난닝 우수 국제공항,NNG,ZGNN,아시아태평양,China,중국,Nanning,난닝
Nanortalik Airport,나노르탈릭 공항,JNN,BGNN,유럽,Greenland,그린란드,Nanortalik,나노르탈릭
Nanortalik Heliport,나노르탈리크 헬리포트,QUV,n/a,유럽,Greenland,그린란드,Nanortalik,나노르탈리크
Nantes Atlantique Airport,낭트 아틀란티크 공항,NTE,LFRS,유럽,France,프랑스,Nantes,낭트
Nantong Xingdong Airport,난퉁 싱둥 공항,NTG,ZSNT,아시아태평양,China,중국,Nantong,난퉁
Nantucket Memorial Airport,낸터컷 메모리얼 공항,ACK,KACK,북아메리카,United States of America,미국,Nantucket,낸터컷
Nanwalek Airport,난왈렉 공항,KEB,n/a,북아메리카,United States of America,미국,Nanwalek,난왈렉
Nanyang Jiangying Airport,난양 장잉 공항,NNY,ZHNY,아시아태평양,China,중국,Nanyang,난양
Nanyuki Airport,난유키 공항,NYK,HKNL,아프리카,Kenya,케냐,Nanyuki,난유키
Napa County Airport,나파 카운티 공항,APC,n/a,북아메리카,United States of America,미국,Napa,나파
Napakiak Sea Plane Base,나파키악 수상비행장,WNA,PANA,북아메리카,United States of America,미국,Napakiak,나파키악
Napaskiak Sea Plane Base,나파스키악 수상비행장,PKA,PAPK,북아메리카,United States of America,미국,Napaskiak,나파스키악
Napier Hawke's Bay Airport,혹스베이 공항,NPE,NZNR,아시아태평양,New Zealand,뉴질랜드,Napier,네이피어
Naples Airport,나폴리 공항,APF,KAPF,북아메리카,United States of America,미국,Naples,나폴리
Naples Capodichino Airport,나폴리 국제공항,NAP,LIRN,유럽,Italy,이탈리아,Naples,나폴리
Napuka Island Airport,나푸카 공항,NAU,NTGN,아시아태평양,French Polynesia,프랑스령 폴리네시아,Napuka,나푸카
Naracoorte Airport,나라쿠르테 공항,NAC,n/a,아시아태평양,Australia,오스트레일리아,Naracoorte,나라쿠르테
Narathiwat Airport,나라티왓 공항,NAW,VTSC,아시아태평양,Thailand,태국,Narathiwat,나라티왓
Narrabri Airport,나라브리 공항,NAA,YNBR,아시아태평양,Australia,오스트레일리아,Narrabri,나라브리
Narrandera Airport,나란데라 공항,NRA,YNAR,아시아태평양,Australia,오스트레일리아,Narrandera,나란데라
Narsaq Heliport,나르사크 헬리포트,JNS,BGNS,유럽,Greenland,그린란드,Narsaq,나르사크
Narsaq Kujalleq Heliport,나르사크 쿠얄레크 헬리포트,QFN,BGFD,유럽,Greenland,그린란드,Narsaq Kujalleq,나르사크쿠얄레크
Narsarsuaq Airport,나르사수아크 공항,UAK,BGBW,유럽,Greenland,그린란드,Narsarsuaq,나르사수아크
Narvik Framnes Airport,나르비크 공항 프람네스,NVK,ENNK,유럽,Norway,노르웨이,Narvik,나르비크
Naryan-Mar Airport,나리안 마르 공항,NNM,ULAM,유럽,Russian Federation,러시아,Naryan-Mar,나리얀마르
Naryn Airport,나린 공항,NYN,UAFN,아시아태평양,Kyrgyzstan,키르기스스탄,Naryn,나린
Nashik Ozar Airport,오자르 공항,ISK,VAOZ,아시아태평양,India,인도,Nashik,나시크
Nashville International Airport,내슈빌 국제공항,BNA,KBNA,북아메리카,United States of America,미국,Nashville,내슈빌
Nashville John C. Tune Airport,존 C. 튠 공항,n/a,KJWN,북아메리카,United States of America,미국,Nashville,내슈빌
Nasiriyah Airport,나시리야 공항,XNH,ORTL,중동,Iraq,이라크,Nasiriyah,나시리야
Nassau Lynden Pindling International Airport,린든 핀들링 국제공항,NAS,MYNN,카리브해,Bahamas,바하마,Nassau,나소
Natal Aluizio Alves International Airport,그레이터 나탈 국제공항,NAT,SBSG,라틴아메리카,Brazil,브라질,Natal,나탈
Natashquan Airport,나타슈콴 공항,YNA,CYNA,북아메리카,Canada,캐나다,Natashquan,나타슈콴
Natchez-Adams County Airport,나체즈 애덤스 카운티 공항,HEZ,KHEZ,북아메리카,United States of America,미국,Natchez,나체즈
Natuashish Airport,나투아시시 공항,YNP,n/a,북아메리카,Canada,캐나다,Natuashish,나투아시시
Natuna Ranai Airport,라나이 공항,NTX,WIDO,아시아태평양,Indonesia,인도네시아,Natuna Islands,나투나제도
Naukiti Airport,나우카티 베이 수상비행장,NKI,n/a,북아메리카,United States of America,미국,Naukati Bay,나우카티베이
Nauru International Airport,나우루 국제공항,INU,ANYN,아시아태평양,Nauru,나우루,Nauru,나우루
Navegantes Airport,나베간테스 미니스트로 빅토르 콘데르 국제공항,NVT,SBNF,라틴아메리카,Brazil,브라질,Navegantes,나베간테스
Navi Mumbai International Airport,나비 뭄바이 국제공항,NMI,n/a,아시아태평양,India,인도,Navi Mumbai,나비뭄바이
Navoi Airport,나보이 국제공항,NVI,UZSA,아시아태평양,Uzbekistan,우즈베키스탄,Navoiy,나보이
Nawabshah Airport,나와브샤 공항,WNS,OPNH,아시아태평양,Pakistan,파키스탄,Nawabshah,나와브샤
Naxos Airport,낙소스 아일랜드 공항,JNX,LGNX,유럽,Greece,그리스,Naxos,낙소스
Nay Pyi Taw International Airport,네피도 공항,NYT,VYNT,아시아태평양,Myanmar,미얀마,Naypyidaw,네피도
N'Djamena Airport,은자메나 국제공항,NDJ,FTTJ,아프리카,Chad,차드,N'Djamena,은자메나
Ndola Simon Mwansa Kapwepwe International Airport,시몬 음완사 카프웨프웨 국제공항,NLA,FLND,아프리카,Zambia,잠비아,Ndola,은돌라
Necochea Airport,네코체아 공항,NEC,SAZO,라틴아메리카,Argentina,아르헨티나,Necochea,네코체아
Neerlerit Inaat Airport,네를레리트 이나트 공항,CNP,BGCO,유럽,Greenland,그린란드,Ittoqqortoormiit,이토코르토르미트
Negril Airport,네그릴 비행장,NEG,MKNG,카리브해,Jamaica,자메이카,Negril,네그릴
Neiva Benito Salas Airport,베니토 살라스 공항,NVA,SKNV,라틴아메리카,Colombia,콜롬비아,Neiva,네이바
Nekemte Airport,네켐테 공항,NEK,HANK,아프리카,Ethiopia,이디오피아,Nekemte,네켐테
Nelson Airport,넬슨 공항,NSN,NZNS,아시아태평양,New Zealand,뉴질랜드,Nelson,넬슨
Nelson Lagoon Airport,넬슨 라군 공항,NLG,PAOU,북아메리카,United States of America,미국,Nelson Lagoon,넬슨라군
Nema Airport,네마 공항,EMN,GQNI,아프리카,Mauritania,모리타니아,Nema,네마
Nemiscau Airport,네미스카우 공항,YNS,CYHH,북아메리카,Canada,캐나다,Nemiscau,네미스카우
Neom Bay Airport,네옴 베이 공항,NUM,OENN,중동,Saudi Arabia,사우디아라비아,NeomBay,네옴베이
Nepalganj Airport,네팔군지 공항,KEP,VNNG,아시아태평양,Nepal,네팔,Nepalgunj,네팔건지
Neryungri Chulman Airport,철만 네룽리 공항,NER,UELL,유럽,Russian Federation,러시아,Neryungri,네륜그리
Neubrandenburg Airport,노이브란덴부르크 공항,FNB,EDBN,유럽,Germany,독일,Neubrandenburg,노이브란덴부르크
Neuquen Presidente Peron International Airport,프레지덴테 페론 국제공항,NQN,SAZN,라틴아메리카,Argentina,아르헨티나,Neuquen,네우켄
Nevis Vance W Amory Airport,밴스 W. 아모리 국제공항,NEV,TKPN,카리브해,Saint Kitts and Nevis,세인트키츠네비스,Nevis,네비스
Nevsehir Kapadokya Airport,네브셰히르 카파도키아 공항,NAV,LTAZ,중동,Turkiye,터키,NevSehir,네브셰히르
New Bedford Regional Airport,뉴 베드퍼드 공항,EWB,KEWB,북아메리카,United States of America,미국,Bedford,베드퍼드
New Bern Coastal Carolina Regional Airport,코스탈 캐롤라이나 공항,EWN,KEWN,북아메리카,United States of America,미국,New Bern,뉴번
New Bight Airport,뉴 바이트 공항,TBI,MYCB,카리브해,Bahamas,바하마,New Bight,뉴바이트
New Braunfels National Airport,뉴브라운펠스 국립공항,n/a,KBAZ,북아메리카,United States of America,미국,New Braunfels,뉴브라운펠스
New Chenega Airport,체네가베이 공항,NCN,n/a,북아메리카,United States of America,미국,Chenega,체네가
New Gwadar International Airport,과다르 국제공항,GWD,OPGD,아시아태평양,Pakistan,파키스탄,Gwadar,과다르
New Koliganek Airport,콜리가넥 공항,KGK,n/a,북아메리카,United States of America,미국,Koliganek,콜리가넥
New Mentawai Airport,뉴 멘타와이 공항,RKI,WIEB,아시아태평양,Indonesia,인도네시아,Mentawai Islands,멘타와이제도
New Orleans Lakefront Airport,레이크프론트 공항,NEW,KNEW,북아메리카,United States of America,미국,Orleans,올리언스
New Orleans Louis Armstrong International Airport,루이 암스트롱 뉴올리언스 국제공항,MSY,KMSY,북아메리카,United States of America,미국,Orleans,올리언스
New Plymouth Airport,뉴 플리머스 공항,NPL,NZNP,아시아태평양,New Zealand,뉴질랜드,Plymouth,플리머스
New Stuyahok Airport,뉴 스투야혹 공항,KNW,PANW,북아메리카,United States of America,미국,Stuyahok,스투야혹
New Yogyakarta International Airport,족자카르타 국제공항,YIA,WAHI,아시아태평양,Indonesia,인도네시아,Yogyakarta,족자카르타
New York John F Kennedy International Airport,존 F. 케네디 국제공항,JFK,KJFK,북아메리카,United States of America,미국,New York,뉴욕
New York LaGuardia Airport,라과디아 공항,LGA,KLGA,북아메리카,United States of America,미국,New York,뉴욕
New York Newark Liberty International Airport,뉴어크 리버티 국제공항,EWR,KEWR,북아메리카,United States of America,미국,Newark,뉴어크
New York Stewart International Airport,스튜어트 국제공항,SWF,KSWF,북아메리카,United States of America,미국,New York,뉴욕
Newcastle Airport (South Africa),뉴캐슬(South Africa) 공항,NCS,FANC,아프리카,South Africa,남아프리카,Newcastle,뉴캐슬
Newcastle International Airport,뉴캐슬 공항,NCL,EGNT,유럽,United Kingdom,영국,Newcastle,뉴캐슬
Newcastle Williamtown Airport,뉴캐슬 공항,NTL,YWLM,아시아태평양,Australia,오스트레일리아,Newcastle,뉴캐슬
Newman Airport,뉴먼 공항,ZNE,YNWN,아시아태평양,Australia,오스트레일리아,Newman,뉴먼
Newport Municipal Airport,뉴포트 공항,ONP,KONP,북아메리카,United States of America,미국,Newport,뉴포트
Newport News Williamsburg International Airport,뉴포트뉴스/윌리엄스버그 국제공항,PHF,KPHF,북아메리카,United States of America,미국,Newport,뉴포트뉴스
Newport State Airport,뉴포트 스테이트 공항,NPT,KUUU,북아메리카,United States of America,미국,Newport,뉴포트
Newtok Airport,뉴톡 공항,WWT,PAEW,북아메리카,United States of America,미국,Newtok,뉴톡
Ngala Airport,응갈라 비행장,NGL,n/a,아프리카,South Africa,남아프리카,Ngala,응갈라
Ngaoundere Airport,라반 공항,NGE,OIBV,아프리카,Cameroon,이란,Lavan Island,응가운데레
Ngari Gunsa Airport,응가리쿤샤 공항,NGQ,n/a,아시아태평양,China,중국,Shiquanhe,스취안허
Ngloram Airport,응글로람 공항,CPF,WARC,아시아태평양,Indonesia,인도네시아,Cepu,체푸
Nha Trang Cam Ranh Airport,깜라인 국제공항,CXR,VVCR,아시아태평양,Vietnam,베트남,NhaTrang,나트랑
Niagara Falls International Airport,나이아가라 폭포 국제공항,IAG,KIAG,북아메리카,United States of America,미국,Niagara Falls,나이아가라폭포
Niamey Diori Hamani International Airport,디오리 하마니 국제공항,NIM,DRRN,아프리카,Niger,니제르,Niamey,니아메
Niamtougou International Airport,니암터우구 국제공항,LRL,DXNG,아프리카,Togo,토고,Niamtougou,니암터우구
Niau Airport,니아우 공항,NIU,NTKN,아시아태평양,French Polynesia,프랑스령 폴리네시아,Niau,니아우
Nice Cote d'Azur Airport,니스 코트다쥐르 공항,NCE,LFMN,유럽,France,프랑스,Nice,니스
Nifty,니프티 공항,NIF,n/a,아시아태평양,Australia,오스트레일리아,Nifty Copper Mine,니프티
Nightmute Airport,나이트뮤트 공항,NME,n/a,북아메리카,United States of America,미국,Nightmute,나이트뮤트
Niigata Airport,니가타 공항,KIJ,RJSN,아시아태평양,Japan,일본,Niigata,니가타
Nikolai Airport,니콜라이 공항,NIB,PAFS,북아메리카,United States of America,미국,Nikolai,니콜라이
Nikolayevsk-on-Amur Airport,니콜라예프스크 온 아무르 공항,NLI,UHNN,유럽,Russian Federation,러시아,Nikolayevsk-on-Amur,니콜라예프스크온아무르
Nikolski Air Force Station,니콜스키 공군 비행장,IKO,PAKO,북아메리카,United States of America,미국,Nikolski,니콜스키
Nikunau Airport,니쿠나우 공항,NIG,NGNU,아시아태평양,Kiribati,키리바시,Nikunau,니쿠나우
Nimes Grande Provence Mediterranee Airport,님알레스 카마르그 세벤느 공항,FNI,LFTW,유럽,France,프랑스,NImes,님
Ningbo Lishe International Airport,닝보 리서 국제공항,NGB,ZSNB,아시아태평양,China,중국,Ningbo,닝보
Ninglang Luguhu Airport,닝랑 루구후 공항,NLH,n/a,아시아태평양,China,중국,Ninglang,닝랑
Nis Konstantin Veliki Airport,니시 콘스탄티누스 대왕 공항,INI,LYNI,유럽,Serbia,세르비아,Nis,니시
Niue Island Hanan Airport,니우에 국제공항,IUE,NIUE,아시아태평양,Niue,니우에,Niue Island,니우에
Nizhneangarsk Airport,니즈네안가르스크 공항,NZG,UIUN,유럽,Russian Federation,러시아,Nizhneangarsk,니즈네안가르스크
Nizhnekamsk Begishevo Airport,베기셰보 공항,NBC,UWKE,유럽,Russian Federation,러시아,Nizhnekamsk,니즈네캄스크
Nizhnevartovsk Airport,니즈네바르토프스크 공항,NJC,USNN,유럽,Russian Federation,러시아,Nizhnevartovsk,니즈네바르토프스크
Nizhny Novgorod International Airport,니즈니 노브고로드 국제공항,GOJ,UWGG,유럽,Russian Federation,러시아,Nizhny Novgorod,니즈니노브고로드
Njombe Airport,은좀베 공항,JOM,n/a,아프리카,Tanzania,탄자니아,Njombe,좀베
Nkayi Yokangassi Airport,요캉가시 공항,NKY,FCBY,아프리카,Republic of the Congo,콩고,Nkayi,은카이
Nkolo Fuma Airport,은콜로 푸마 공항,NKL,n/a,아프리카,Democratic Republic of the Congo,콩고 민주공화국,Kolo,콜로
Noatak Airport,노아탁 공항,WTK,PAWN,북아메리카,United States of America,미국,Noatak,노아탁
Nogales International Airport,노갈레스 국제공항,NOG,MMNG,라틴아메리카,Mexico,멕시코,Nogales,노갈레스
Nogliki Airport,노글리키 공항,NGK,n/a,유럽,Russian Federation,러시아,Nogliki,노글리키
Nome Airport,놈 공항,OME,PAOM,북아메리카,United States of America,미국,Nome,놈
Nondalton Airport,논달튼 공항,NNL,n/a,북아메리카,United States of America,미국,Nondalton,논달튼
Nong Khang Airport,농캉 공항,n/a,n/a,아시아태평양,Laos,라오스,Nong Khang,농캉
Nonouti Airport,노노우티 공항,NON,NGTO,아시아태평양,Kiribati,키리바시,Nonouti,노노우티
Norderney Airport,노르데니 비행장,NRD,EDWY,유럽,Germany,독일,Norderney,노르데니
Norfolk International Airport,노퍽 국제공항,ORF,KORF,북아메리카,United States of America,미국,Norfolk,노퍽
Norfolk Island Airport,노퍽 아일랜드 공항,NLK,YSNF,아시아태평양,Norfolk Island,노퍽섬(오스트레일리아),Norfolk Island,노퍽섬
Norilsk Alykel Airport,알리켈 공항,NSK,UOOO,유럽,Russian Federation,러시아,Norilsk,노릴스크
Norman B Saunders International Airport,사우스 케이커스 공항,XSC,MBSC,카리브해,Turks and Caicos Islands,터크스케이커스 제도,South Caicos,사우스케이커스
Norman Wells Airport,노먼 웰스 공항,YVQ,CYVQ,북아메리카,Canada,캐나다,Norman Wells,노먼웰스
Normanton Airport,노먼턴 공항,NTN,YNTN,아시아태평양,Australia,오스트레일리아,Normanton,노먼턴
Norrkoping Airport,노르셰핑 공항,NRK,ESSP,유럽,Sweden,스웨덴,Norrkping,노르셰핑
Norsup Airport,노르섭 공항,NUS,NVSP,아시아태평양,Vanuatu,바누아투,Norsup,노르섭
North Battleford Airport,노스배틀포드 공항,YQW,CYQW,북아메리카,Canada,캐나다,North Battleford,노스배틀퍼드
North Bay/Jack Garland Airport,노스 베이/잭 갈랜드 공항,YYB,CYYB,북아메리카,Canada,캐나다,North Bay,노스베이
North Central West Virginia Airport,노스 센트럴 웨스트 버지니아 공항,CKB,KCKB,북아메리카,United States of America,미국,Clarksburg,클락스버그
North Dakota Bowman County Airport,노스다코타 보먼 카운티 공항,BPP,KBPP,북아메리카,United States,미국,Bowman,보먼
North Eleuthera International Airport,노스 엘레우테라 공항,ELH,MYEH,카리브해,Bahamas,바하마,North Eleuthera,노스엘류세라
North Perry Airport,노스 페리 공항,HWO,KHWO,북아메리카,United States of America,미국,Hollywood,할리우드
North Platte Regional Airport,노스플랫 지역공항,LBF,KLBF,북아메리카,United States of America,미국,North Platte,노스플랫
North Ronaldsay Airport,노스 로날드세이 공항,NRL,EGEN,유럽,United Kingdom,영국,North Ronaldsay,노스로널드세이
North Spirit Lake Airport,노스 스피릿 레이크 공항,YNO,n/a,북아메리카,Canada,캐나다,North Spirit Lake,노스스피릿레이크
Northeast Wyoming Regional Airport,질레트 캠벨 카운티 공항,GCC,KGCC,북아메리카,United States of America,미국,Gillette,질레트
Northern Colorado Regional Airport,포트콜린스 러브랜드 공항,FNL,KFNL,북아메리카,United States of America,미국,Fort Collins,포트콜린스
Northern Peninsula Airport,노던 페닌슐라 공항,ABM,YNPE,아시아태평양,Australia,오스트레일리아,Northern Peninsula,노던페닌슐라
Northway Airport,노스웨이 공항,ORT,PAOR,북아메리카,United States of America,미국,Northway,노스웨이
Norway House Airport,노르웨이 하우스 공항,YNE,CYNE,북아메리카,Canada,캐나다,Norway House,노르웨이하우스
Norwich International Airport,노리치 국제공항,NWI,EGSH,유럽,United Kingdom,영국,Norwich,노리치
Norwood Memorial Airport,노우드 메모리얼 공항,OWD,KOWD,북아메리카,United States of America,미국,Norwood,노우드
Nosara Beach Airport,노사라 공항,NOB,MRNS,라틴아메리카,Costa Rica,코스타리카,Nosara,노사라
Noshahr Airport,노샤르 공항,NSH,OINN,중동,Iran,이란,Nowshahr,노샤르
Nosy Be Fascene Airport,파신 공항,NOS,FMNN,아프리카,Madagascar,마다가스카르,Nosy Be,노시베
Notodden Airport,노토덴 공항,NTB,ENNO,유럽,Norway,노르웨이,Notodden,노토덴
Nouadhibou Airport,누아디부 국제공항,NDB,GQPP,아프리카,Mauritania,모리타니아,Nouadhibou,누아디부
Nouakchott-Oumtounsy International Airport,누악쇼트 움툰시 국제공항,NKC,GQNN,아프리카,Mauritania,모리타니아,Nouakchott,누악쇼트
Noumea Magenta Airport,누메아 마젠타 공항,GEA,NWWM,아시아태평양,New Caledonia,뉴칼레도니아,Noumea,누메아
Noumea Tontouta Airport,라 톤투타 국제공항,NOU,NWWW,아시아태평양,New Caledonia,뉴칼레도니아,Noumea,누메아
Novi Sad Airport,노비사드 공항,n/a,LYNS,유럽,Serbia,세르비아,Novi Sad,노비사드
Novokuznetsk Spichenkovo Airport,스피첸코보 공항,NOZ,UNWW,유럽,Russian Federation,러시아,Novokuznetsk,노보쿠즈네츠크
Novosibirsk Belokurikha Airport,노보시비르스크 벨로쿠리카 공항,n/a,UNIB,유럽,Russian Federation,러시아,Belokurikha,벨로쿠리하
Novosibirsk Tolmachevo Airport,톨마체보 공항,OVB,UNNT,유럽,Russian Federation,러시아,Novosibirsk,노보시비르스크
Novy Urengoy Airport,노비 우렝고이 공항,NUX,USMU,유럽,Russian Federation,러시아,Novy Urengoy,노비우렝고이
Noyabrsk Airport,노야브르스크 공항,NOJ,USRO,유럽,Russian Federation,러시아,Noyabrsk,노야브르스크
Nueva Gerona Rafael Cabrera Airport,라파엘 카브레라 무스텔리에 공항,GER,MUNG,카리브해,Cuba,쿠바,Nueva Gerona,누에바헤로나
Nuevo Laredo Quetzalcoatl International Airport,케찰코아틀 국제공항,NLD,MMNL,라틴아메리카,Mexico,멕시코,Nuevo Laredo,누에보라레도
Nuiqsut Airport,누이크수트 공항,NUI,PAQT,북아메리카,United States of America,미국,Nuiqsut,누이크수트
Nuku Hiva Airport,누쿠 히바 공항,NHV,NTMD,아시아태평양,French Polynesia,프랑스령 폴리네시아,Nuku Hiva,누쿠히바
Nuku'alofa Fua'Amotu International Airport,푸아모투 국제공항,TBU,NFTF,아시아태평양,Tonga,통가,Nukualofa,누쿠알로파
Nukus Airport,누쿠스 공항,NCU,UZNN,아시아태평양,Uzbekistan,우즈베키스탄,Nukus,누쿠스
"Nukutavake, Tuamoto Island Nukutavake Airport",누쿠타바케 공항,NUK,NTGW,아시아태평양,French Polynesia,프랑스령 폴리네시아,Nukutavake,누쿠타바케
Nulato Airport,눌라토 공항,NUL,PANU,북아메리카,United States of America,미국,Nulato,눌라토
Nunapitchuk Airport,누나피추크 공항,NUP,n/a,북아메리카,United States of America,미국,Nunapitchuk,누나피추크
Nunukan Airport,누누칸 공항,NNX,n/a,아시아태평양,Indonesia,인도네시아,Nunukan,누누칸
Nuqui Reyes Murillo Airport,레예스 무리요 공항,NQU,SKNQ,라틴아메리카,Colombia,콜롬비아,NuquI,누키
Nuremberg Albrecht Durer Airport,뉘른베르크 공항,NUE,EDDN,유럽,Germany,독일,Nuremberg,뉘른베르크
Nuugaatsiaq Heliport,누가시아크 헬리포트,JUU,n/a,유럽,Greenland,그린란드,Nuugaatsiaq,누가시아크
Nuuk Airport,누크 공항,GOH,BGGH,유럽,Greenland,그린란드,Nuuk,누크
Nuussuaq Heliport,누수아크 헬리포트,NSQ,BGNU,유럽,Greenland,그린란드,Nuussuaq,누수아크
Nyagan Airport,냐간 공항,NYA,USHN,유럽,Russian Federation,러시아,Nyagan,냐간
Nyala Airport,니얄라 공항,UYL,HSNN,아프리카,Sudan,수단,Nyala,니얄라
Nyaung-u Airport,낭우 공항,NYU,VYBG,아시아태평양,Myanmar,미얀마,Bagan/Nyaung,냐웅우
Nyingchi Mainling Airport,닝치 마인링 공항,LZY,ZUNZ,아시아태평양,China,중국,Nyingchi,닝치
Nyurba Airport,뉘르바 공항,NYR,UENN,유럽,Russian Federation,러시아,Nyurba,뉘르바
Oakland San Francisco Bay Airport,오클랜드 국제공항,OAK,KOAK,북아메리카,United States of America,미국,Oakland,오클랜드
Oaxaca Xoxocotlan Airport,소소코틀란 국제공항,OAX,MMOX,라틴아메리카,Mexico,멕시코,Oaxaca,오아하카
Oban Airport,오반 공항,OBN,EGEO,유럽,United Kingdom,영국,Oban,오번
Oberpfaffenhofen Airport,오베르파펜호펜 공항,OBF,EDMO,유럽,Germany,독일,Oberpfaffenhofen,오버파펜호펜
Obihiro Airport,도카치 오비히로 공항,OBO,RJCB,아시아태평양,Japan,일본,Obihiro,오비히로
Obo Airport,오보 공항,OBX,n/a,아시아태평양,Papua New Guinea,파푸아뉴기니,Obo,오보
Obong Victor Attah International Airport,빅터 아타 국제공항,QUO,DNAI,아프리카,Nigeria,나이지리아,Uyo,우요
Ocala International Airport,오칼라 국제공항,OCF,KOCF,북아메리카,United States of America,미국,Ocala,오칼라
Ocean Falls,오션 폴스 수상 비행장,ZOF,n/a,북아메리카,Canada,캐나다,Ocean Falls,오션폴스
Ocean Reef Club Airport,오션 리프 클럽 공항,OCA,n/a,북아메리카,United States of America,미국,Key Largo,키라르고
Oceanside Municipal Airport,오션사이드 시립공항,OCN,KOKB,북아메리카,United States,미국,Oceanside,오션사이드
Odate Noshiro Airport,오다테 노시로 공항,ONJ,RJSR,아시아태평양,Japan,일본,Odate,오다테
Odense Hans Christian Andersen Airport,한스 크리스티안 안데르센 공항,ODE,EKOD,유럽,Denmark,덴마크,Odense,오덴세
Odessa International Airport,오데사 국제공항,ODS,UKOO,유럽,Ukraine,우크라이나,Odesa,오데사
Odienne Airport,오디엔네 공항,KEO,DIOD,아프리카,Cote d'Ivoire,코트디부아르,Odienne,오디엔네
Oecusse Airport,오에쿠세 공항,OEC,WPOC,아시아태평양,Timor-Leste,동티모르,Oecussi,오에쿠세
Ofu Island Airport,오푸 공항,OFU,n/a,아시아태평양,American Samoa,아메리칸 사모아,Ofu Island,오푸섬
Ogden Regional Airport,오그덴 힝클리 공항,OGD,KOGD,북아메리카,United States of America,미국,Ogden,오그던
Ogdensburg International Airport,오그덴스버그 국제공항,OGS,KOGS,북아메리카,United States of America,미국,Ogdensburg,오그덴스버그
Ogobsucum Airport,우스투푸 오고브수쿰 공항,OGM,n/a,라틴아메리카,Panama,파나마,Ustupo,우스투포
Ogoki Airport,오고키 유초 공항,YOG,CYKP,북아메리카,Canada,캐나다,Ogoki,오고키
Ohrid Airport,"오흐리드 ""성 바오로 사도"" 공항",OHD,LWOH,유럽,North Macedonia,북마케도니아,Ohrid,오흐리드
Oita Airport,오이타 공항,OIT,RJFO,아시아태평양,Japan,일본,Oita,오이타
Okayama Airport,오카야마 공항,OKJ,RJOB,아시아태평양,Japan,일본,Okayama,오카야마
Okha Novostroyka Airport,오카 공항,OHH,UHSH,유럽,Russian Federation,러시아,Okha,오하
Okhotsk Airport,오호츠크 공항,OHO,UHOO,유럽,Russian Federation,러시아,Okhotsk,오호츠크
Oki Island Airport,오키 공항,OKI,RJNO,아시아태평양,Japan,일본,Oki Island,오키섬
Okinawa Naha Airport,나하 공항,OKA,ROAH,아시아태평양,Japan,일본,Okinawa,오키나와
Okinoerabu Airport,오키노에라부 공항,OKE,RJKB,아시아태평양,Japan,일본,Okinoerabujima,오키노에라부섬
Oklahoma Clinton Regional Airport,클린턴 공항,CLK,KCLK,북아메리카,United States of America,미국,Clinton,클린턴
Oksibil Gunung Bintang Airport,구눙 빈탕 공항,OKL,WAJO,아시아태평양,Indonesia,인도네시아,Oksibil,옥시빌
Okushiri Airport,오쿠시리 공항,OIR,RJEO,아시아태평양,Japan,일본,Okushiri,오쿠시리
Ol Seki Airport,올 세키 공항,OSJ,HKOY,아프리카,Kenya,케냐,Ol Seki,올세키
Olare Orok Airport,올라레 오로크 공항,OLG,n/a,아프리카,Kenya,케냐,Olare Orok,올라레오로크
Olbia Costa Smeralda Airport,올비아 코스타 스메랄다 공항,OLB,LIEO,유럽,Italy,이탈리아,Olbia,올비아
Old Crow Airport,올드 크로우 공항,YOC,CYOC,북아메리카,Canada,캐나다,Old Crow,올드크로우
Olekminsk Airport,올료민스크 공항,OLZ,UEMO,유럽,Russian Federation,러시아,Olyokminsk,올료크민스크
Olenek Airport,올레뇽 공항,ONK,n/a,유럽,Russian Federation,러시아,Olenyok,올레뇨크
Olga Bay Sea Plane Base,올가 베이 수상비행장,KOY,n/a,북아메리카,United States of America,미국,Olga Bay,올가베이
Olive Branch Airport,올리브 브랜치 공항,OLV,KOLV,북아메리카,United States of America,미국,Olive Branch,올리브브랜치
Olkiombo Airport,올키옴보 활주로,OLX,HKOL,아프리카,Kenya,케냐,MaraIntrepid,마라인트레피드
Ollombo Airport,오요 올롬보 공항,OLL,n/a,아프리카,Republic of the Congo,콩고,Oyo,오요
Olpoi North West Santo Airport,올포이 공항,OLJ,NVSZ,아시아태평양,Vanuatu,바누아투,Olpoi,올포이
Olsztyn-Mazury Airport,올슈틴 마주리 공항,SZY,EPSY,유럽,Poland,폴란드,Szczytno,슈치트노
Olympic Dam Airport,올림픽 댐 공항,OLP,YOLD,아시아태평양,Australia,오스트레일리아,Olympic Dam,올림픽댐
Omaha Eppley International Airport,에플리 비행장,OMA,KOMA,북아메리카,United States of America,미국,Omaha,오마하
Omaha Offutt Airport,오펏 공군기지,OFF,n/a,북아메리카,United States of America,미국,Omaha,오마하
Ometepe La Paloma Airport,오메테페 라 팔로마 공항,OMT,MNLP,라틴아메리카,Nicaragua,니카라과,Ometepe,오메테페
Omsk Tsentralny Airport,옴스크 첸트랄니 공항,OMS,UNOO,유럽,Russian Federation,러시아,Omsk,옴스크
Ondjiva Airport,온지바 페레이라 공항,VPE,FNGI,아프리카,Angola,앙골라,Ondjiva,온지바
Oneill Municipal,오닐 뮤니시펄 공항,ONL,n/a,북아메리카,United States of America,미국,O'Neill,오닐
Ononge Airport,오농게 공항,ONB,n/a,아시아태평양,Papua New Guinea,파푸아뉴기니,Ononge,오농게
Onotoa Airport,오토아 공항,OOT,NGON,아시아태평양,Kiribati,키리바시,Onotoa,오토아
Onslow Airport,온슬로 공항,ONS,YOLW,아시아태평양,Australia,오스트레일리아,Onslow,온슬로
Ontario International Airport,온타리오 국제공항,ONT,KONT,북아메리카,United States of America,미국,Ontario,온타리오
Oradea Airport,오라데아 국제공항,OMR,LROD,유럽,Romania,루마니아,Oradea,오라데아
Oral Ak Zhol Airport,오랄 악 졸 공항,URA,UARR,아시아태평양,Kazakhstan,카자흐스탄,Uralsk,우랄스크
Oran Ahmed Ben Bella Airport,오란 에스 세니아 공항,ORN,DAOO,아프리카,Algeria,알제리,Oran,오랑
Oran Airport,오란 공항,ORA,SASO,라틴아메리카,Argentina,아르헨티나,Oran,오랑
Orange Regional Airport,오렌지 공항,OAG,YORG,아시아태평양,Australia,오스트레일리아,Orange,오렌지
Orange Walk Airport,오렌지 워크 공항,ORZ,n/a,라틴아메리카,Belize,벨리즈,OrangeWalk,오렌지워크
Oravakal Kurnool International Airport,쿠르놀 공항,KJB,n/a,아시아태평양,India,인도,Orvakal,오르바칼
Ordos Ejin Horo Airport,오르도스 에진 호로 공항,DSN,ZBDS,아시아태평양,China,중국,Ordos,오르도스
Ordu Giresun Airport,오르두 기레순 공항,OGU,LTCB,중동,Turkiye,터키,Ordu Giresun,오르두 기레순
Orebro Bofors Airport,외레브로 공항,ORB,ESOE,유럽,Sweden,스웨덴,Orebro,외레브로
Orenburg Tsentralny Airport,오렌부르크 첸트랄니 공항,REN,UWOO,유럽,Russian Federation,러시아,Orenburg,오렌부르크
Orland Airport,외를란트 공항,OLA,ENOL,유럽,Norway,노르웨이,orland,오를란
Orlando Executive Airport,올랜도 이그제큐티브 공항,ORL,KORL,북아메리카,United States of America,미국,Orlando,올랜도
Orlando International Airport,올랜도 국제공항,MCO,KMCO,북아메리카,United States of America,미국,Orlando,올랜도
Orlando Sanford International Airport,올랜도 샌포드 국제공항,SFB,KSFB,북아메리카,United States of America,미국,Orlando,올랜도
Ormoc Airport,오르모크 공항,OMC,n/a,아시아태평양,Philippines,필리핀,Ormoc,오르모크
Ornskoldsvik Airport,외른셸스비크 공항,OER,ESNO,유럽,Sweden,스웨덴,Ornskoldsvik,외른셸스비크
Oro Negro Airport,오로 네그로 공항,CBS,n/a,라틴아메리카,Venezuela,베네수엘라,Cabimas,카비마스
Orsk Airport,오르스크 공항,OSW,UWOR,유럽,Russian Federation,러시아,Orsk,오르스크
Orsta-Volda Hovden Airport,호프덴 공항,HOV,ENOV,유럽,Norway,노르웨이,orsta-Volda,외르스타볼다
Oruro Juan Mendoza Airport,후안 멘도사 공항,ORU,SLOR,라틴아메리카,Bolivia,볼리비아,Oruro,오루로
Oryol Yuzhny Airport,오룔 유즈니 공항,OEL,UUOR,유럽,Russian Federation,러시아,Oryol,오룔
Osaka Itami Airport,오사카 국제공항,ITM,RJOO,아시아태평양,Japan,일본,Osaka,오사카
Osaka Kansai International Airport,간사이 국제공항,KIX,RJBB,아시아태평양,Japan,일본,Osaka,오사카
Osaka Kobe Airport,고베 공항,UKB,RJBE,아시아태평양,Japan,일본,Osaka,고베
Osaka Yao Airport,오사카 야오 공항,n/a,RJOY,아시아태평양,Japan,일본,Osaka,오사카
Osborne Mine Airport,오스본 광산 공항,OSO,YOSB,아시아태평양,Australia,오스트레일리아,Osborne Mine,오스본마인
Oscoda Wurtsmith Airport,오스코다 워트스미스 공항,OSC,KOSC,북아메리카,United States of America,미국,Oscoda,오스코다
Osh Airport,오쉬 공항,OSS,UCFO,아시아태평양,Kyrgyzstan,키르기스스탄,Osh,오쉬
Oshima Airport,오시마 공항,OIM,RJTO,아시아태평양,Japan,일본,oshima,오시마
Oshkosh Wittman Regional Airport,위트먼 공항,OSH,KOSH,북아메리카,United States of America,미국,Oshkosh,오시코시
Osijek Airport,오시예크 공항,OSI,LDOS,유럽,Croatia,크로아티아,Osijek,오시예크
Oskarshamn Airport,오스카르스함 공항,OSK,ESMO,유럽,Sweden,스웨덴,Oskarshamn,오스카르스함
Oslo Moss Rygge Airport,모스 공항,RYG,ENRY,유럽,Norway,노르웨이,Rygge,뤼게
Oslo Sandefjord Airport,TORP 산데피오르드 공항,TRF,ENTO,유럽,Norway,노르웨이,Oslo,오슬로
Osmanabad Airport,오스마나바드 공항,OMN,VAOS,아시아태평양,India,인도,Osmanabad,오스마나바드
Osorno Canal Bajo Airport,오소로노 공항,ZOS,SCJO,라틴아메리카,Chile,칠레,Osorno,오소르노
Ossora Airport,오소라 공항,n/a,UHPD,유럽,Russian Federation,러시아,Ossora,오소라
Ostafyevo Airport,오스타피예보 국제공항,OSF,UUMO,유럽,Russian Federation,러시아,Moscow-Podolsk,모스크바-포돌스크
Ostend-Bruges International Airport,오스스텐드 브뤼헤 국제공항,OST,EBOS,유럽,Belgium,벨기에,Ostend-Bruges,오스텐드-브뤼헤
Ostrava Leos Janacek Airport,오스트라바 레오슈 야나첵 공항,OSR,LKMT,유럽,Czech Republic,체코,Ostrava,오스트라바
Ottawa International Airport,오타와 국제공항,YOW,CYOW,북아메리카,Canada,캐나다,Ottawa,오타와
Otto Vor Airport,오토 보르 공항,OTO,n/a,북아메리카,United States of America,미국,Otto,오토
Ouagadougou Airport,와가두구 공항,OUA,DFFD,아프리카,Burkina Faso,부르키나 파소,Ouagadougou,와가두구
Ouango-Fitini Airport,우앙고 피티니 공항,OFI,n/a,아프리카,Cote d'Ivoire,코트디부아르,Ouango Fitini,우앙고피티니
Ouargla Ain Beida Airport,아인 베이다 공항,OGX,DAUU,아프리카,Algeria,알제리,Ouargla,우아르글라
Ouarzazate Airport,와르자자테 공항,OZZ,GMMZ,아프리카,Morocco,모로코,Ouarzazate,와르자자트
Oudomxay Airport,우돔사이 공항,ODY,n/a,아시아태평양,Laos,라오스,Muang Xay,무앙사이
Oujda Angads Airport,앙가드 공항,OUD,GMFO,아프리카,Morocco,모로코,Oujda,우즈다
Oulu Airport,오울루 공항,OUL,EFOU,유럽,Finland,핀란드,Oulu,오울루
Out Skerries Airport,아웃스케리스 공항,OUK,n/a,유럽,United Kingdom,영국,Out Skerries,아웃스케리스
Ouvea Airport,우베아 공항,UVE,NWWV,아시아태평양,New Caledonia,뉴칼레도니아,Ouvea,우베아
Ouzinkie Sea Plane Base,우징키 수상비행장,KOZ,n/a,북아메리카,United States of America,미국,Ouzinkie,우징키
Owensboro-Daviess County Regional Airport,오웬스보로 데이비스 카운티 공항,OWB,KOWB,북아메리카,United States of America,미국,Owensboro,오언즈버러
Owerri Sam Mbakwe Airport,삼음바크웨 공항,QOW,DNIM,아프리카,Nigeria,나이지리아,Owerri,오웨리
Oxford House Airport,옥스퍼드 하우스 공항,YOH,CYOH,북아메리카,Canada,캐나다,Oxford House,옥스퍼드하우스
Oyem Airport,오옘 공항,OYE,FOGO,아프리카,Gabon,가봉,Oyem,오옘
Ozamiz City Labo Airport,라보 공항,OZC,RPMO,아시아태평양,Philippines,필리핀,Ozamiz,오사미스
Ozernaya Airport,오제르나야 공항,n/a,UHPG,유럽,Russian Federation,러시아,Ozernaya,오제르나야
Paamiut Airport,파미우트 공항,JFR,BGPT,유럽,Greenland,그린란드,Paamiut,파미우트
Padang Minangkabau International Airport,미낭카바우 국제공항,PDG,WIPT,아시아태평양,Indonesia,인도네시아,Padang,파당
Paderborn/Lippstadt Airport,파더본 립슈타트 공항,PAD,EDLP,유럽,Germany,독일,Paderborn,파더보른
Pagadian Airport,파가디안 공항,PAG,RPMP,아시아태평양,Philippines,필리핀,Pagadian,파가디안
Page Airport,페이지 공항,PGA,KPGA,북아메리카,United States of America,미국,Page,페이지
Pago Pago Tafuna International Airport,파고파고 국제공항,PPG,NSTU,아시아태평양,American Samoa,아메리칸 사모아,Pago Pago,파고파고
Pai Airport,빠이 공항,PYY,n/a,아시아태평양,Thailand,태국,Pai,빠이
Painter Creek Airport,페인터 크릭 공항,PCE,n/a,북아메리카,United States of America,미국,Painter Creek,페인터크리크
Paipa Juan Jose Rondon Airport,후안 호세 론돈 공항,RON,SKPA,라틴아메리카,Colombia,콜롬비아,Paipa,파이파
Pajala Kalla International Airport,파잘라 공항,PJA,ESUP,유럽,Sweden,스웨덴,Pajala,파얄라
Pakokku Airport,파코쿠 공항,PKK,VYPU,아시아태평양,Myanmar,미얀마,Pakokku,파코쿠
Pakse Airport,빡쎄 국제공항,PKZ,VLPS,아시아태평양,Laos,라오스,Pakse,팍세
Pakuashipi Airport,생 오귀스탱 공항,YIF,CYIF,북아메리카,Canada,캐나다,Saint-Augustin,생 오귀스탱
Pakuba Airport,파쿠바 비행장,PAF,HUPA,아프리카,Uganda,우간다,Pakuba,파쿠바
Pakyong Sikkim Airport,박용 공항,PYG,VEPY,아시아태평양,India,인도,Gangtok,강토크
Palana Airport,팔라나 공항,n/a,UHPL,유럽,Russian Federation,러시아,Palana,팔라나
Palanan Isabella Airport,팔라난 이사벨라 공항,n/a,RPLN,아시아태평양,Philippines,필리핀,Palanan,팔라난
Palanga International Airport,팔랑가 국제공항,PLQ,EYPA,유럽,Lithuania,리투아니아,Palanga,팔랑가
Palangkaraya Tjilik Riwut Airport,질리크 리우트 공항,PKY,WAGG,아시아태평양,Indonesia,인도네시아,Palangkaraya,팔랑카라야
Palau International Airport,로만 트메투츨 국제공항,ROR,PTRO,아시아태평양,Palau,팔라우,Koror,코로르
Palavi Palaviya Airport,팔라비 팔라비야 공군기지,n/a,VCCP,아시아태평양,Sri Lanka,스리랑카,Palavi Palaviya,팔라비팔라비야
Palembang Mahmud Badaruddin II Airport,술탄 마흐무드 바다루딘 II 국제공항,PLM,WIPP,아시아태평양,Indonesia,인도네시아,Palembang,팔렘방
Palenque International Airport,팔렝케 국제공항,PQM,MMPQ,라틴아메리카,Mexico,멕시코,Palenque,팔렝케
Palermo Falcone Borsellino Airport,팔코네 보르셀리노 공항,PMO,LICJ,유럽,Italy,이탈리아,Palermo,팔레르모
Palm Beach International Airport,팜 비치 국제공항,PBI,KPBI,북아메리카,United States of America,미국,West Palm Beach,웨스트팜비치
Palm Island Airport,팜 아일랜드 공항,PMK,YPAM,아시아태평양,Australia,오스트레일리아,Palm Island,팜 섬
Palm Springs International Airport,팜스프링스 국제공항,PSP,KPSP,북아메리카,United States of America,미국,Palm Springs,팜스프링스
Palma de Mallorca Airport,팔마 데 마요르카 공항,PMI,LEPA,유럽,Spain,스페인,Palma de Mallorca,팔마데마요르카
Palma de Mallorca Son Bonet Airport,팔마 데 마요르카 손 보네트 공항,QRS,LESB,유럽,Spain,스페인,Palma de Mallorca,팔마데마요르카
Palma(Mozambique) Airport ,팔마(모잠비크) 공항,LMZ,n/a,아프리카,Mozambique,모잠비크,Palma,팔마
Palmar Palmur'Sur Airport,팔마르 수르 공항,PMZ,MRPM,라틴아메리카,Costa Rica,코스타리카,Palmar Sur,팔마르수르
Palmas Airport,팔마스 브리가데이로 리시아스 로드리게스 공항,PMW,SBPJ,라틴아메리카,Brazil,브라질,Palmas,파우마스
Palmdale Regional Airport,팜데일 지역공항,PMD,KPMD,북아메리카,United States,미국,Palmdale,팜데일
Palmerola International Airport,소토 카노 공군기지,XPL,MHPR,라틴아메리카,Honduras,온두라스,Tegucigalpa,테구시갈파
Palmerston North Airport,파머스톤 노스 공항,PMR,NZPM,아시아태평양,New Zealand,뉴질랜드,Palmerston North,파머스턴노스
Palo Alto Airport,팔로 알토 공항,PAO,KPAO,북아메리카,United States of America,미국,Palo Alto,팔로알토
Palopo Bua Lagaligo Airport,팔로포 라갈리고 공항,LLO,n/a,아시아태평양,Indonesia,인도네시아,Palopo,팔로포
Palu Mutiara Airport,무티아라 공항,PLW,WAML,아시아태평양,Indonesia,인도네시아,Palu,팔루
Pamplona Airport,팜플로나 공항,PNA,LEPP,유럽,Spain,스페인,Pamplona,팜플로나
Panama City Albrook International Airport,알브룩 국제공항,PAC,MPMG,라틴아메리카,Panama,파나마,Panama City,파나마시티
Panama City Northwest Florida Beaches International Airport,노스웨스트 플로리다 비치 국제공항,ECP,KECP,북아메리카,United States of America,미국,Panama City,파나마시티
Panama City Pacific International Airport,파나마 파시피코 국제공항,BLB,MPPA,라틴아메리카,Panama,파나마,Panama Pacifico,파나마파시피코
Panama City Tocumen International Airport,토쿠멘 국제공항,PTY,MPTO,라틴아메리카,Panama,파나마,Panama City,파나마시티
Panama City Tyndall Airport,틴달 공군기지,PAM,n/a,북아메리카,United States of America,미국,Panama City,파나마시티
Pangandaran Nusawiru Airport,찌줄랑 누사위루 공항,CJN,WICN,아시아태평양,Indonesia,인도네시아,Cijulang,치줄랑
Pangborn Memorial Airport,팽본 메모리얼 공항,EAT,KEAT,북아메리카,United States of America,미국,Wenatchee,위냇치
Pangkal Pinang Depati Amir Airport,데파티 아미르 공항,PGK,WIPK,아시아태평양,Indonesia,인도네시아,Pangkalpinang,팡칼피낭
Pangkalanbuun Airport,이스칸다르 공항,PKN,WAGI,아시아태평양,Indonesia,인도네시아,Pangkalanbun,팡칼란분
Pangkor Airport,팡코르 공항,PKG,n/a,아시아태평양,Malaysia,말레이시아,Pangkor Island,팡코르 섬
Pangnirtung Airport,팡니르퉁 공항,YXP,CYXP,북아메리카,Canada,캐나다,Pangnirtung,팡니르퉁
Panjgur Airport,판즈구르 공항,PJG,n/a,아시아태평양,Pakistan,파키스탄,Panjgur,판즈구르
Pantelleria Airport,판텔레리아 공항,PNL,LICG,유럽,Italy,이탈리아,Pantelleria,판텔레리아
Pantnagar Airport,판트나가르 공항,PGH,VIPT,아시아태평양,India,인도,Pantnagar,판트나가르
Panzhihua Bao'anying Airport,판즈화 바오안잉 공항,PZI,ZUZH,아시아태평양,China,중국,Panzhihua,판즈화
Papa Stour Airport,파파 스투르 활주로,PSV,n/a,유럽,United Kingdom,영국,Papa Stour,파파스투어
Papa Westray Airport,파파 웨스트레이 공항,PPW,EGEP,유럽,United Kingdom,영국,Papa Westray,파파웨스트레이
Papeete Faa'a Airport,파아 국제공항,PPT,NTAA,아시아태평양,French Polynesia,프랑스령 폴리네시아,Tahiti,타히티
Paphos International Airport,파 포스 국제공항,PFO,LCPH,유럽,Cyprus,키프러스,Paphos,파포스
Paraburdoo Airport,파라버두 공항,PBO,YPBO,아시아태평양,Australia,오스트레일리아,Paraburdoo,파라버두
Paraguana Josefa Camejo Airport,호세파 카메호 국제공항,LSP,n/a,라틴아메리카,Venezuela,베네수엘라,Punto Fijo,뿐또피호
Parakou Airport,파라커우 공항,PKO,n/a,아프리카,Benin,베냉,Parakou,파라쿠
Paramaribo Zanderij International Airport,요한 아돌프 펭겔 국제공항,PBM,SMJP,라틴아메리카,Suriname,수리남,Paramaribo,파라마리보
Paramaribo Zorg en Hoop Airport,조르그 앙 후프 공항,ORG,SMZO,라틴아메리카,Suriname,수리남,Paramaribo,파라마리보
Parana General Justo Jose de Urquiza Airport,제너럴 후스토 호세 데 우르키사 공항,PRA,SAAP,라틴아메리카,Argentina,아르헨티나,Parana,파라나
Paranagua Santos Dumont Airport,산토스 두몽 공항,PNG,SSPG,라틴아메리카,Brazil,브라질,Paranagua,파라나구아
Paranavai Edu Chaves Airport,파라나바이 에두 샤베스 공항,PVI,SSPI,라틴아메리카,Brazil,브라질,Paranavai,파라나바이
Paraparaumu Kapiti Coast Airport,카피티 코스트 공항,PPQ,NZPP,아시아태평양,New Zealand,뉴질랜드,Paraparaumu Beach,파라파라우무 비치
Parasi Airport,파라시 공항,PRS,AGGP,아시아태평양,Solomon Islands,솔로몬 제도,Parasi,파라시
Pardubice Airport,파르두비체 공항,PED,LKPD,유럽,Czech Republic,체코,Pardubice,파르두비체
Parintins Julio Belem Airport,줄리오 벨렘 공항,PIN,SWPI,라틴아메리카,Brazil,브라질,Parintins,파린칭스
Paris Beauvais-Tille Airport,보베 틸레 공항,BVA,LFOB,유럽,France,프랑스,Beauvais,보베
Paris Charles de Gaulle Airport,샤를 드골 공항,CDG,LFPG,유럽,France,프랑스,Paris,파리
Paris Le Bourget Airport,파리 르 부르제 공항,LBG,LFPB,유럽,France,프랑스,Paris,파리
Paris Orly Airport,오를리 공항,ORY,LFPO,유럽,France,프랑스,Paris,파리
Paris Pontoise-Cormeilles Airport,퐁투아즈 코르메이유 비행장,POX,LFPT,유럽,France,프랑스,Paris,파리
Paris Vatry Airport,샬롱 배트리 공항,XCR,LFOK,유럽,France,프랑스,Vatry,바트리
Parkersburg Mid-Ohio Valley Regional Airport,미드 오하이오 밸리 공항,PKB,KPKB,북아메리카,United States of America,미국,Parkersburg,파커즈버그
Parkes Airport,파크스 공항,PKE,YPKS,아시아태평양,Australia,오스트레일리아,Parkes,파크스
Parma Airport,파르마 공항,PMF,LIMP,유럽,Italy,이탈리아,Parma,파르마
Parnaiba Joao Silva Filho Airport,파르나이바 프레페이토 박사 주앙 실바 필류 국제공항,PHB,SBPB,라틴아메리카,Brazil,브라질,Parnaiba,파르나이바
Parnu Airport,페르누 공항,EPU,EEPU,유럽,Estonia,에스토니아,PArnu,패르누
Paro Airport,파로 국제공항,PBH,VQPR,아시아태평양,Bhutan,부탄,Paro,파로
Paros Kampos Airport,파로스 내셔널 공항,PAS,LGPA,유럽,Greece,그리스,Paros,파로스
Parsabad Airport,파르사바드 모간 공항,PFQ,OITP,중동,Iran,이란,Parsabad,파르사바드
Pasco Tri-Cities Airport,트라이 시티 공항,PSC,KPSC,북아메리카,United States of America,미국,Pasco,패스코
Pasighat Airport,파시가트 공항,IXT,VEPG,아시아태평양,India,인도,Pasighat,파시가트
Pasir Pengaraian Airport,투안쿠 탐부사이 공항,PPR,WIDE,아시아태평양,Indonesia,인도네시아,Pasir Pangaraian,파시르팡아라이안
Pasni Airport,파스니 공항,PSI,OPPI,아시아태평양,Pakistan,파키스탄,Pasni,파스니
Passo Fundo Lauro Kurtz Airport,라우로 쿠르츠 공항,PFB,SBPF,라틴아메리카,Brazil,브라질,Passo Fundo,파수푼두
Pasto Antonio Narino Airport,안토니오 나리뇨 공항,PSO,SKPS,라틴아메리카,Colombia,콜롬비아,Pasto,파스토
Pathankot Airport,파탄코트 공항,IXP,VIPK,아시아태평양,India,인도,Pathankot,파탄코트
Pathein Airport,파테인 공항,BSX,VYPN,아시아태평양,Myanmar,미얀마,Pathein,파테인
Patna Airport,록 나약 자야프라카시 공항,PAT,VEPT,아시아태평양,India,인도,Patna,파트나
Pato Branco Juvenal Loureiro Cardoso Airport,쥬베날 루레이로 카르도소 공항,PTO,SSPB,라틴아메리카,Brazil,브라질,Pato Branco,파투브랑쿠
Patos Brigadeiro Firmino Ayres Airport,파토스 공항,JPO,SNTS,라틴아메리카,Brazil,브라질,Patos,파투스
Patos de Minas Airport,파토스 데 미나스 공항,POJ,n/a,라틴아메리카,Brazil,브라질,Patos de Minas,파투스데미나스
Patrai Araxos Airport,아락소스 공항,GPA,LGRX,유럽,Greece,그리스,Patras,파트라스
Patrocinio Airport,파트로시니오 공항,n/a,SNPJ,라틴아메리카,Brazil,브라질,Patrocinio,파트로시니우
Pau Pyrenees Airport,포 피레네 공항,PUF,LFBP,유럽,France,프랑스,Pau,포
Paulatuk Airport,노라 알리카치알루크 루벤 공항,YPC,n/a,북아메리카,Canada,캐나다,Paulatuk,폴라투크
Paulo Afonso Airport,파울루 아폰소 공항,PAV,SBUF,라틴아메리카,Brazil,브라질,Paulo Afonso,파울루아폰소
Pavlodar Airport,파블로다르 공항,PWQ,UASP,아시아태평양,Kazakhstan,카자흐스탄,Pavlodar,파블로다르
Payerne Airport,페이에른 공항,VIP,LSMP,유럽,Switzerland,스위스,Payerne,파예른
Pays d'Ancenis Airport,안세니스 공항,n/a,LFFI,유럽,France,프랑스,Ancenis,안세니스
Peace River Airport,피스 리버 공항,YPE,CYPE,북아메리카,Canada,캐나다,Peace River,피스리버
Peawanuk Airport,피와넉 공항,YPO,n/a,북아메리카,Canada,캐나다,Peawanuck,피와넉
Pecs Pogany Airport,페치스 포가니 공항,PEV,LHPP,유럽,Hungary,헝가리,Pecs Pogany,페치포가니
Pedasi Airport,페다시 공항,PDM,n/a,라틴아메리카,Panama,파나마,Pedasi,페다시
Pedro Bay Airport,페드로 베이 공항,PDB,n/a,북아메리카,United States of America,미국,Pedro Bay,페드로베이
Pedro Juan Caballero Airport,아우구스토 로베르토 푸스터 국제공항,PJC,SGPJ,라틴아메리카,Paraguay,파라과이,Pedro Juan Caballero,페드로후안카바예로
Pekanbaru Sultan Syarif Kasim II Airport,술탄 샤리프 카심 2세 국제공항,PKU,WIBB,아시아태평양,Indonesia,인도네시아,Pekanbaru,페칸바루
Pelican Sea Plane Base,펠리컨 수상비행장,PEC,n/a,북아메리카,United States of America,미국,Pelican,펠리컨
Pellston Regional Airport,펠스턴 리저널 공항,PLN,KPLN,북아메리카,United States of America,미국,Pellston,펠스턴
Pelly Bay Townsite Airport,쿠가룩 공항,YBB,CYBB,북아메리카,Canada,캐나다,Kugaaruk,쿠가룩
Pelotas Federal Airport,주앙 시몽에스 로페스 네투 국제공항,PET,SBPK,라틴아메리카,Brazil,브라질,Pelotas,펠로타스
Pemba Airport,펨바 공항,POL,FQPB,아프리카,Mozambique,모잠비크,Pemba,펨바
Pemba Wawi Airport,펨바 공항,PMA,HTPE,아프리카,Tanzania,탄자니아,Pemba Island,펨바섬
Pembrey West Wales Airport,펨브리 웨스트 웨일즈 공항,n/a,EGFP,유럽,United Kingdom,영국,Pembrey,펨브리
Penang International Airport,페낭 국제공항,PEN,WMKP,아시아태평양,Malaysia,말레이시아,Penang,페낭
Pendleton Eastern Oregon Regional Airport,이스턴 오리건 공항,PDT,KPDT,북아메리카,United States of America,미국,Pendleton,펜들턴
Penghu Airport,마공 공항,MZG,RCQC,아시아태평양,Taiwan,대만,Magong,마궁
Pensacola Forrest Sherman Airport,해군항공기지 펜사콜라,NPA,n/a,북아메리카,United States of America,미국,Pensacola,펜서콜라
Pensacola International Airport,펜사콜라 국제공항,PNS,KPNS,북아메리카,United States of America,미국,Pensacola,펜서콜라
Penticton Regional Airport,펜틱턴 공항,YYF,CYYF,북아메리카,Canada,캐나다,Penticton,펜틱턴
Penza Ternovka Airport,펜자 공항,PEZ,UWPP,유럽,Russian Federation,러시아,Penza,펜자
Peoria General Wayne A. Downing International Airport,제너럴 웨인 A. 다우닝 피오리아 국제공항,PIA,KPIA,북아메리카,United States of America,미국,Peoria,피오리아
Pereira Matecana International Airport,마테카냐 국제공항,PEI,SKPE,라틴아메리카,Colombia,콜롬비아,Pereira,페레이라
Perigueux Bassillac Airport,베리괴바시악 공항,PGX,LFBX,유럽,France,프랑스,Perigueux,페리괴
Perito Moreno Airport,페리토 모레노 공항,PMQ,SAWP,라틴아메리카,Argentina,아르헨티나,Perito Moreno,페리토모레노
Perm Bolshoye Savino Airport,페름 국제공항,PEE,USPP,유럽,Russian Federation,러시아,Perm,페름
Perot Field Fort Worth Alliance Airport,포트워스 얼라이언스 공항,AFW,KAFW,북아메리카,United States of America,미국,Fort Worth,포트워스
Perpignan Rivesaltes Airport,페르피냥 리브잘트 공항,PGF,LFMP,유럽,France,프랑스,Perpignan,페르피냥
Perth Airport,퍼스 공항,PER,YPPH,아시아태평양,Australia,오스트레일리아,Perth,퍼스
Perth Jandakot Airport,잔다콧 공항,JAD,YPJT,아시아태평양,Australia,오스트레일리아,Perth,퍼스
Perugia San Francesco d'Assisi Airport,움브리아 국제공항,PEG,LIRZ,유럽,Italy,이탈리아,Perugia,페루자
Pescara Abruzzo Airport,아브루초 공항,PSR,LIBP,유럽,Italy,이탈리아,Pescara,페스카라
Peshawar Bacha Khan International Airport,바차 칸 국제공항,PEW,OPPS,아시아태평양,Pakistan,파키스탄,Peshawar,페샤와르
Peter Zuze Air Force Base,피터 주즈 공군기지,n/a,n/a,아프리카,Zambia,잠비아,Ndola,은돌라
Peterborough Airport,피터버러 공항,YPQ,CYPQ,북아메리카,Canada,캐나다,Peterborough,피터버러
Petersburg James A Johnson Airport,피터스버그 제임스 A. 존슨 공항,PSG,PAPG,북아메리카,United States of America,미국,Petersburg,피터즈버그
Petrolina Senador Nilo Coelho Airport,세나도르 닐로 코엘료 공항,PNZ,SBPL,라틴아메리카,Brazil,브라질,Petrolina,페트롤리나
Petropavl Airport,페트로파블 공항,PPK,UACP,아시아태평양,Kazakhstan,카자흐스탄,Petropavlovsk,페트로파블롭스크
Petropavlovsk-Kamchatsky Airport,페트로파블로프스크 캄차츠키 공항,PKC,UHPP,유럽,Russian Federation,러시아,Petropavlovsk-Kamchatsky,페트로파블롭스크캄차츠키
Petrozavodsk Airport,페트로자보츠크 공항,PES,ULPB,유럽,Russian Federation,러시아,Petrozavodsk,페트로자보드스크
Pevek Airport,페벡 공항,PWE,UHMP,유럽,Russian Federation,러시아,Pevek,페베크
Phalaborwa Airport,헨드릭 반 에크 공항,PHW,n/a,아프리카,South Africa,남아프리카,Phalaborwa,팔라보르와
Phaplu Airport,파플루 공항,PPL,VNPL,아시아태평양,Nepal,네팔,Phaphlu,파플루
Phetchabun Airport,펫차분 공항,PHY,VTPB,아시아태평양,Thailand,태국,Phetchabun,펫차분
Philadelphia International Airport,필라델피아 국제공항,PHL,KPHL,북아메리카,United States of America,미국,Philadelphia,필라델피아
Phinda Zulu Inyala Airfield,줄루 인얄라 공항,PZL,n/a,아프리카,South Africa,남아프리카,Phinda,핀다
Phitsanulok Airport,핏사눌록 공항,PHS,VTPP,아시아태평양,Thailand,태국,Phitsanulok,핏사눌록
Phnom Penh International Airport,프놈펜 국제공항,PNH,VDPP,아시아태평양,Cambodia,캄보디아,Phnom Penh,프놈펜
Phnom Penh Techo Takhmao International Airport,프놈펜 테초 타크마오 국제공항,KTI,VDTI,아시아태평양,Cambodia,캄보디아,Phnom Penh,프놈펜
Phoenix Deer Valley Airport,피닉스 디어 밸리 공항,DVT,n/a,북아메리카,United States of America,미국,Phoenix,피닉스
Phoenix Goodyear Airport,피닉스 굿이어 공항,GYR,KGYR,북아메리카,United States of America,미국,Goodyear,굿이어
Phoenix Mesa Gateway Airport,피닉스메사 게이트웨이 공항,AZA,KIWA,북아메리카,United States of America,미국,Phoenix,피닉스
Phoenix Sky Harbor International Airport,피닉스 스카이 하버 국제공항,PHX,KPHX,북아메리카,United States of America,미국,Phoenix,피닉스
Phosphate Hill The Monument Airport,모뉴먼트 공항,PHQ,YTMO,아시아태평양,Australia,오스트레일리아,Phosphate Hill,포스페이트힐
Phrae Airport,프래 공항,PRH,VTCP,아시아태평양,Thailand,태국,Phrae,프래
Phu Quoc International Airport,푸꾸옥 국제공항,PQC,VVPQ,아시아태평양,Vietnam,베트남,Phu Quoc Island,푸꾸옥
Phuket International Airport,푸켓 국제공항,HKT,VTSP,아시아태평양,Thailand,태국,Phuket,푸껫
Pickle Lake Airport,피클 레이크 공항,YPL,CYPL,북아메리카,Canada,캐나다,Pickle Lake,피클레이크
Pico Airport,피코 공항,PIX,LPPI,유럽,Portugal,포르투갈,Pico Island,피쿠섬
Piedmont Triad International Airport,피드몬트 트라이어드 국제공항,GSO,KGSO,북아메리카,United States of America,미국,Greensboro,그린즈버러
Piedras Negras Airport,피에드라스 네그라스 국제공항,PDS,MMPG,라틴아메리카,Mexico,멕시코,Piedras Negras,피에드라스네그라스
Pierre Regional Airport,피에르 공항,PIR,KPIR,북아메리카,United States of America,미국,Pierre,피어
Piestany Airport,피에슈하니 공항,PZY,LZPP,유럽,Slovakia,슬로바키아,Piestany,피에슈차니
Pietermaritzburg Airport,피터마리츠버그 공항,PZB,FAPM,아프리카,South Africa,남아프리카,Pietermaritzburg,피터마리츠버그
Pikangikum Airport,피캉기쿰 공항,YPM,CYPM,북아메리카,Canada,캐나다,Pikangikum,피캉기쿰
Pike County Airport,파이크 카운티 공항,PVL,KPBX,북아메리카,United States of America,미국,Pikeville,파이크빌
Pilanesberg International Airport,필라네스버그 국제공항,NTY,FAPN,아프리카,South Africa,남아프리카,Sun City,선시티
Pilot Point Ugashik Bay Airport,우가시크 공항,UGS,n/a,북아메리카,United States of America,미국,Ugashik,우가시크
Pilot Station Airport,파일럿 스테이션 공항,PQS,n/a,북아메리카,United States of America,미국,Pilot Station,파일럿스테이션
Pingtung Airport,핑둥남공항,PIF,n/a,아시아태평양,Taiwan,대만,Pingtung,핑둥
Pisa Galileo Galilei Airport,피사 국제공항,PSA,LIRP,유럽,Italy,이탈리아,Pisa,피사
Pisco Renan Elias Olivera Airport,카피탄 FAP 레난 엘리아스 올리베라 공항,PIO,SPSO,라틴아메리카,Peru,페루,Pisco,피스코
Pitalito Contador Airport,콘타도르 공항,PTX,SKPI,라틴아메리카,Colombia,콜롬비아,Pitalito,피탈리토
Pithoragarh Airport,피토라가르 공항,NNS,VIPG,아시아태평양,India,인도,Pithoragarh,피토라가르
Pitt-Greenville Airport,피트 그린빌 공항,PGV,KPGV,북아메리카,United States of America,미국,Greenville,그린빌
Pittsburgh International Airport,피츠버그 국제공항,PIT,KPIT,북아메리카,United States of America,미국,Pittsburgh,피츠버그
Pittsburgh-Allegheny County Airport,앨러게니 카운티 공항,AGC,KAGC,북아메리카,United States of America,미국,Pittsburgh,피츠버그
Pittsfield Municipal Airport,피츠필드 공항,PSF,KPSF,북아메리카,United States of America,미국,Pittsfield,피츠필드
Pituffik Airport,피투픽 우주 기지,THU,BGTL,유럽,Greenland,그린란드,Pituffik,피투픽
Piura Airport,카피탄 FAP 길레르모 콘i 이베리코 공항,PIU,SPUR,라틴아메리카,Peru,페루,Piura,피우라
Placencia Airport,플라센시아 공항,PLJ,MZPL,라틴아메리카,Belize,벨리즈,Placencia,플라센시아
Planalto Serrano Regional Airport,플라나우투 세라누 지역공항,EEA,n/a,라틴아메리카,Brazil,브라질,Correia Pinto,코레이아핀투
Plastun Airport,플라툰 공항,TLY,UHWP,유럽,Russian Federation,러시아,Plastun,플라스툰
Platinum Airport,플래티넘 공항,PTU,PAPM,북아메리카,United States of America,미국,Platinum,플래티넘
Plattsburgh International Airport,플래츠버그 국제공항,PBG,KPBG,북아메리카,United States of America,미국,Plattsburgh,플래츠버그
Playon Chico Airport,플라욘 치코 공항,PYC,n/a,라틴아메리카,Panama,파나마,PlayonChico,플라욘치코
Pleiku Airport,플레이쿠 공항,PXU,VVPK,아시아태평양,Vietnam,베트남,Pleiku,플레이쿠
Plettenberg Bay Airport,플레텐버그 베이 공항,PBZ,FAPG,아프리카,South Africa,남아프리카,Plettenberg Bay,플레텐버그베이
Plovdiv Krumovo Airport,플로브디프 공항,PDV,LBPD,유럽,Bulgaria,불가리아,Plovdiv,플로브디프
Plymouth City Airport,플리머스 시티 공항,PLH,EGHD,유럽,United Kingdom,영국,Plymouth,플리머스
Plymouth Municipal Airport,플리머스 공항,PYM,KPYM,북아메리카,United States of America,미국,Plymouth,플리머스
Pocatello Regional Airport,포커텔로 공항,PIH,KPIH,북아메리카,United States of America,미국,Pocatello,포커텔로
Podgorica Golubovci Airport,포드고리차 공항,TGD,LYPG,유럽,Montenegro,몬테네그로,Podgorica,포드고리차
Podkamennaya Tungus Airport,포드카멘나야 퉁구스카 공항,TGP,n/a,유럽,Russian Federation,러시아,Bor,보르
Podor Airport,포도르 공항,POD,n/a,아프리카,Senegal,세네갈,Podor,포도르
Pohang Gyeongju Airport,포항공항,KPO,RKTH,아시아태평양,South Korea,대한민국,Pohang,포항
Pohnpei International Airport,폰페이 국제공항,PNI,PTPN,아시아태평양,Micronesia,미크로네시아연방,Pohnpei,폰페이
Point Baker Sea Plane Base,포인트 베이커 수상비행장,KPB,PFKP,북아메리카,United States of America,미국,Point Baker,포인트베이커
Point Hope Airport,포인트 호프 공항,PHO,PAPO,북아메리카,United States of America,미국,Point Hope,포인트호프
Point Lay Dew Station Airport,포인트 레이 LRRS 공항,PIZ,PPIZ,북아메리카,United States of America,미국,Point Lay,포인트레이
Pointe Noire Airport,푸앵트 누아르 공항,PNR,FCPP,아프리카,Republic of the Congo,콩고,PointeNoire,푸앵트누아르
Points North Landing Airport,포인트 노스 랜딩 공항,YNL,CYNL,북아메리카,Canada,캐나다,Points North Landing,포인츠노스랜딩
Poitiers Biard Airport,푸아티에 비아르 공항,PIS,LFBI,유럽,France,프랑스,Poitiers,푸아티에
Pokhara Airport,포카라 공항,PKR,VNPK,아시아태평양,Nepal,네팔,Pokhara,포카라
Pokhara International Airport,포카라 국제공항,PHH,VNPR,아시아태평양,Nepal,네팔,Pokhara,포카라
Polokwane Airport,폴로콰네 국제공항,PTG,FAPP,아프리카,South Africa,남아프리카,Polokwane,폴로콰네
Poltava Airport,폴타바 공항,PLV,n/a,유럽,Ukraine,우크라이나,Poltava,폴타바
Polyarny Airport,폴리아르니 공항,PYJ,UERP,유럽,Russian Federation,러시아,Polyarny,폴랴르니
Ponce Mercedita Airport,메르세디타 공항,PSE,TJPS,북아메리카,Puerto Rico,푸에르토리코,Ponce,폰세
Pond Inlet Airport,폰드 인렛 공항,YIO,CYIO,북아메리카,Canada,캐나다,Pond Inlet,폰드인렛
Ponta Grossa Airport,콩트. 안토니오 아밀턴 베랄도 공항,PGZ,SSZW,라틴아메리카,Brazil,브라질,Ponta Grossa,폰타그로사
Ponta Pora International Airport,폰타 포랑 국제공항,PMG,SBPP,라틴아메리카,Brazil,브라질,Ponta Pora,폰타포랑
Pontiac Oakland County International Airport,오클랜드 카운티 국제공항,PTK,KPTK,북아메리카,United States of America,미국,Pontiac,폰티액
Pontianak Supadio Airport,수파디오 공항,PNK,WIOO,아시아태평양,Indonesia,인도네시아,Pontianak,폰티아낙
Popayan Guillermo Leon Valencia Airport,기예르모 레온 발렌시아 공항,PPN,SKPP,라틴아메리카,Colombia,콜롬비아,Popayan,포파얀
Poplar Hill Airport,포플러 힐 공항,YHP,n/a,북아메리카,Canada,캐나다,Poplar Hill,포플러힐
Popondetta Girua Airport,지루아 공항,PNP,AYGR,아시아태평양,Papua New Guinea,파푸아뉴기니,Popondetta,포폰데타
Poprad-Tatry Airport,포프라드 타트리 공항,TAT,LZTT,유럽,Slovakia,슬로바키아,Poprad,포프라트
Poptun Airport,폽툰 공항,PON,MGPP,라틴아메리카,Guatemala,페루,Poptun,폽툰
Porbandar Airport,포르반다르 공항,PBD,VAPR,아시아태평양,India,인도,Porbandar,포르반다르
Pori Airport,포리 공항,POR,EFPO,유럽,Finland,핀란드,Pori,포리
Porlamar Del Caribe Gen S Marino Airport,산티아고 마리뇨 카리브해 국제공항,PMV,SVMG,라틴아메리카,Venezuela,베네수엘라,Porlamar,포를라마르
Port Alsworth Airport,포트 알스워스 공항,PTA,n/a,북아메리카,United States of America,미국,Port Alsworth,포트알스워스
Port Angeles William R Fairchild International Airport,윌리엄 R. 페어차일드 국제공항,CLM,KCLM,북아메리카,United States of America,미국,Port Angeles,포트앤젤레스
Port Au Prince Toussaint Louverture Airport,투생 루베르튀르 국제공항,PAP,MTPP,카리브해,Haiti,아이티,Port-au-Prince,포르토프랭스
Port Augusta Airport,포트 오거스타 공항,PUG,YPAG,아시아태평양,Australia,오스트레일리아,Port Augusta,포트오거스타
Port Bailey Sea Plane Base,포트 베일리 수상비행장,KPY,n/a,북아메리카,United States of America,미국,Port Bailey,포트베일리
Port Blair Veer Savarkar International Airport,비어 사바르카르 국제공항,IXZ,VOPB,아시아태평양,India,인도,Port Blair,포트블레어
Port Clarence Airport,포트 클래런스 해안 경비대 기지,KPC,n/a,북아메리카,United States of America,미국,Port Clarence,포트클래런스
Port Graham Airport,포트 그레이엄 공항,PGM,n/a,북아메리카,United States of America,미국,Port Graham,포트그레이엄
Port Harcourt International Airport,포트하커트 국제공항,PHC,DNPO,아프리카,Nigeria,나이지리아,Port Harcourt,포트하코트
Port Hardy Airport,포트 하디 공항,YZT,CYZT,북아메리카,Canada,캐나다,Port Hardy,포트하디
Port Hedland International Airport,포트헤드랜드 국제공항,PHE,YPPD,아시아태평양,Australia,오스트레일리아,Port Hedland,포트헤들랜드
Port Heiden Airport,포트 하이덴 공항,PTH,PAPH,북아메리카,United States of America,미국,Port Heiden,포트하이든
Port Hope Simpson Airport,포트 호프 심슨 공항,YHA,n/a,북아메리카,Canada,캐나다,Port Hope,포트호프심슨
Port Lincoln Airport,포트 링컨 공항,PLO,YPLC,아시아태평양,Australia,오스트레일리아,Port Lincoln,포트린컨
Port Lions Sea Plane Base,포트 라이언스 수상비행장,ORI,n/a,북아메리카,United States of America,미국,Port Lions,포트라이언스
Port Macquarie Airport,포트 맥쿼리 공항,PQQ,YPMQ,아시아태평양,Australia,오스트레일리아,Port Macquarie,포트맥쿼리
Port McNeil Airport,포트 맥닐 공항,YMP,n/a,북아메리카,Canada,캐나다,Port McNeill,포트맥닐
Port Menier Airport,포트 메니에 공항,YPN,CYPN,북아메리카,Canada,캐나다,Port-Menier,포르므니에
Port Moller Airport,포트 몰러 공항,PML,n/a,북아메리카,United States of America,미국,Cold Bay,콜드베이
Port Moresby Jacksons International Airport,잭슨스 국제공항,POM,AYPY,아시아태평양,Papua New Guinea,파푸아뉴기니,Port Moresby,포트모르즈비
Port Of Spain Piarco Airport,피아코 국제공항,POS,TTPP,카리브해,Trinidad and Tobago,트리니다드토바고,Port of Spain,포트오브스페인
Port Protection Airport,항구 보호 수상 비행장,PPV,n/a,북아메리카,United States of America,미국,Port Protection,포트프로텍션
Port Said Airport,포트 사이드 공항,PSD,HEPS,아프리카,Egypt,이집트,Port Said,포트사이드
Port Sudan Airport,포트 수단 신국제공항,PZU,HSPN,아프리카,Sudan,수단,Port Sudan,포트수단
Port Vila Airport,바우어필드 국제공항,VLI,NVVV,아시아태평양,Vanuatu,바누아투,Port Vila,포트빌라
Port Williams Sea Plane Base,포트 윌리엄스 수상비행장,KPR,n/a,북아메리카,United States of America,미국,Port Williams,포트윌리엄스
Portage la Prairie Southport Airport,포티지 라 프레리/사우스포트 공항,YPG,CYPG,북아메리카,Canada,캐나다,Portage la Prairie,포티지라프레리
Portage Municipal Airport,포티지 시립공항,n/a,n/a,북아메리카,United States,미국,Portage,포티지
Port-de-Paix Airport,포르드페 공항,PAX,n/a,카리브해,Haiti,아이티,Port-de-Paix,포르드페
Portimao Airport,포르티망 공항,PRM,LPPM,유럽,Portugal,포르투갈,Portimao,포르티망
Portland International Airport,포틀랜드 국제공항,PDX,KPDX,북아메리카,United States of America,미국,Portland,포틀랜드
Portland International Jetport,포틀랜드 국제공항제트포트,PWM,KPWM,북아메리카,United States of America,미국,Portland,포틀랜드
Portland Victoria Airport,포틀랜드 공항,PTJ,YPOD,아시아태평양,Australia,오스트레일리아,Portland,포틀랜드
Porto Alegre do Norte Airport,포르투알레그리두노르트 공항,n/a,SSYF,라틴아메리카,Brazil,브라질,Porto Alegre do Norte,포르투알레그리두노르트
Porto Alegre Salgado Filho Airport,살가도 필류 국제공항,POA,SBPA,라틴아메리카,Brazil,브라질,Porto Alegre,포르투알레그리
Porto Francisco Sa Carneiro Airport,프란시스코 데 사 카르네이루 공항,OPO,LPPR,유럽,Portugal,포르투갈,Porto,포르투
Porto Murtinho Airport,포르투 무르티뉴 공항,n/a,SSPM,라틴아메리카,Brazil,브라질,Porto Murtinho,포르투무르티뉴
Porto Santo Airport,포르토 산투 공항,PXO,LPPS,유럽,Portugal,포르투갈,Porto Santo Island,포르투산투
Porto Seguro Airport,포르토 세구로 공항,BPS,SBPS,라틴아메리카,Brazil,브라질,Porto Seguro,포르투세구루
Porto Velho Airport,고베르나도르 호르헤 테세이라 데 올리베이라 국제공항,PVH,SBPV,라틴아메리카,Brazil,브라질,Porto Velho,포르투벨류
Portoroz Airport,포르토로지 공항,POW,LJPZ,유럽,Slovenia,슬로베니아,Portoroz,포르토로지
Portoviejo Airport,레알레스 타마린도스 공항,PVO,n/a,라틴아메리카,Ecuador,에콰도르,Portoviejo,포르토비에호
Portsmouth Pease International Airport,피스 포츠머스 국제공항,PSM,KPSM,북아메리카,United States of America,미국,Portsmouth,포츠머스
Posadas Airport,리베르타도르 제네랄 호세 데 산 마르틴 공항,PSS,SARP,라틴아메리카,Argentina,아르헨티나,Posadas,포사다스
Poso Kasiguncu Airport,카시군쿠 공항,PSJ,WAFP,아시아태평양,Indonesia,인도네시아,Poso,포소
Postville Airport,포스트빌 공항,YSO,n/a,북아메리카,Canada,캐나다,Postville,포스트빌
Potosi Captain Nicolas Rojas Airport,캡틴 니콜라스 로하스 공항,POI,SLPO,라틴아메리카,Bolivia,볼리비아,Potosi,포토시
Pouso Alegre Airport,포우소 알레그레 공항,PPY,n/a,라틴아메리카,Brazil,브라질,Pouso Alegre,포우주알레그리
Povungnituk Puvirnituq Airport,푸비르니투크 공항,YPX,CYPX,북아메리카,Canada,캐나다,Puvirnituq,푸비르니투크
Powell River Airport,파월 리버 공항,YPW,CYPW,북아메리카,Canada,캐나다,Powell River,파월리버
Poza Rica Tajin Airport,엘 타진 내셔널 공항,PAZ,MMPA,라틴아메리카,Mexico,멕시코,Poza Rica,포사리카
Poznan Lawica Airport,포즈난 와비차 공항,POZ,EPPO,유럽,Poland,폴란드,Poznan,포즈난
Prague Aero Vodochody Airport,보도초디 공항,VOD,LKVO,유럽,Czech Republic,체코,Prague,프라하
Prague Airport,프라하 공항,PRG,LKPR,유럽,Czech Republic,체코,Prague,프라하
Praia Nelson Mandela International Airport,넬슨 만델라 국제공항,RAI,GVNP,아프리카,Cabo Verde,카보베르데,Praia,프라이아
Praslin Island Airport,프랄린 아일랜드 공항,PRI,FSPP,아프리카,Seychelles,세이셸,Praslin Island,프랄린섬
Prempeh I International Airport,프렘페 1세 국제공항,KMS,DGSI,아프리카,Ghana,가나,Kumasi,쿠마시
Preobrazheniye Airport,프레오브라제니예 공항,RZH,n/a,유럽,Russian Federation,러시아,Preobrazheniye,프레오브라제니예
Prerov Airport,프르제로프 공항,PRV,n/a,유럽,Czech Republic,체코,Prerov,프르제로프
Prescott Regional Airport,어니스트 에이 러브 필드,PRC,KPRC,북아메리카,United States of America,미국,Prescott,프레스콧
Presidente Prudente State Airport,프레지덴테 프루뎅테 공항,PPB,SBDN,라틴아메리카,Brazil,브라질,Presidente Prudente,프레지덴치프루덴치
Presque Isle International Airport,프레스크 아일 노던 메인 공항,PQI,KPQI,북아메리카,United States of America,미국,Presque Isle,프레스크아일
Preveza/Lefkada Aktion Airport,악티온 국립 공항,PVK,LGPZ,유럽,Greece,그리스,Preveza-Lefkada,프레베자-레프카다
Prijedor Urije Airport,프리예도르 우리제 공항,n/a,LQPD,유럽,Bosnia and Herzegovina,보스니아 헤르체고비나,Prijedor Urije,프리예도르
Prince Albert Airport,프린스 알버트,YPA,CYPA,북아메리카,Canada,캐나다,Prince Albert,프린스앨버트
Prince George Airport,프린스 조지 공항,YXS,CYXS,북아메리카,Canada,캐나다,Prince George,프린스조지
Prince M. Buthelezi,울룬디 공항,ULD,n/a,아프리카,South Africa,남아프리카,Ulundi,울룬디
Prince Rupert Airport,프린스 루퍼트 공항,YPR,CYPR,북아메리카,Canada,캐나다,Prince Rupert,프린스루퍼트
Principe Airport,프린시페 공항,PCP,FPPR,아프리카,Sao Tome and Principe,상투메프린시페,Principe Island,프린시페섬
Pristina International Airport,프리슈티나 국제공항아뎀 자샤리,PRN,BKPR,유럽,Kosovo,세르비아,Pristina,프리슈티나
Prominent Hill Airport,저명한 힐 공항,PXH,YPMH,아시아태평양,Australia,오스트레일리아,Prominent Hill,프로미넌트힐
Proserpine Whitsunday Coast Airport,휘트선데이 코스트 공항,PPP,YBPN,아시아태평양,Australia,오스트레일리아,Proserpine,프로서파인
Providencia El Embrujo Airport,엘 엠브루호 공항,PVA,SKPV,라틴아메리카,Colombia,콜롬비아,Providencia Island,프로비덴시아
Provideniya Airport,프로비데니야 베이 공항,PVS,UHMD,유럽,Russian Federation,러시아,Provideniya,프로비데니야
Provincetown Municipal Airport,프로빈스타운 공항,PVC,KPVC,북아메리카,United States of America,미국,Provincetown,프로빈스타운
Provo Municipal Airport,프로보 공항,PVU,KPVU,북아메리카,United States of America,미국,Provo,프로보
Pskov Airport,프스코프 공항,PKV,ULOO,유럽,Russian Federation,러시아,Pskov,프스코프
Pucallpa Airport,카피탄 롤덴 공항,PCL,SPCL,라틴아메리카,Peru,페루,Pucallpa,푸칼파
Pucon Airport,푸콘 공항,ZPC,n/a,라틴아메리카,Chile,칠레,Pucon,푸콘
Puducherry Airport,푸두체리 공항,PNY,VOPC,아시아태평양,India,인도,Pondicherry,푸두체리
Puebla Hermanos Serdan Airport,에르마노스 세르단 국제공항,PBC,MMPB,라틴아메리카,Mexico,멕시코,Puebla,푸에블라
Pueblo Airport,푸에블로 메모리얼 공항,PUB,KPUB,북아메리카,United States of America,미국,Pueblo,푸에블로
Pu'er Simao Airport,푸얼시마오 공항,SYM,ZPSM,아시아태평양,China,중국,Simao,푸얼
Puerto Asis Tres de Mayo Airport,트레즈 데 마요 공항,PUU,SKAS,라틴아메리카,Colombia,콜롬비아,Puerto Asis,푸에르토아시스
Puerto Ayacucho Airport,카시케 아라마레 공항,PYH,SVPA,라틴아메리카,Venezuela,베네수엘라,Puerto Ayacucho,푸에르토 아야쿠초
Puerto Barrios Airport,푸에르토 바리오스 공항,PBR,MGPB,라틴아메리카,Guatemala,과테말라,Puerto Barrios,푸에르토바리오스
Puerto Cabello General Bartolome Salom Airport,바르톨로메 살롬 공항,PBL,n/a,라틴아메리카,Venezuela,베네수엘라,Puerto Cabello,푸에르토카베요
Puerto Cabezas Bilwi Airport,푸에르토 카베사스 공항,PUZ,MNPC,라틴아메리카,Nicaragua,니카라과,Puerto Cabezas,푸에르토카베사스
Puerto Carreno Airport,게르만 올라노 공항,PCR,SKPC,라틴아메리카,Colombia,콜롬비아,Puerto Carreno,푸에르토카레뇨
Puerto Deseado Airport,푸에르토 데세아도 공항,PUD,SAWD,라틴아메리카,Argentina,아르헨티나,Puerto Deseado,푸에르토데세아도
Puerto Escondido Airport,푸에르토 에스콘디도 국제공항,PXM,MMPS,라틴아메리카,Mexico,멕시코,Puerto Escondido,푸에르토에스콘디도
Puerto Inirida Obando Airport,오반도 공항,PDA,SKPD,라틴아메리카,Colombia,콜롬비아,Puerto Inirida,푸에르토이니리다
Puerto Jimenez Airport,푸에르토 히메네스 공항,PJM,MRPJ,라틴아메리카,Costa Rica,코스타리카,Puerto Jimenez,푸에르토히메네스
Puerto Leguizamo Airport,카우카야 공항,LQM,SKLG,라틴아메리카,Colombia,콜롬비아,Puerto Leguizamo,푸에르토 레기사모
Puerto Lempira Airport,푸에르토 렘피라 공항,PEU,MHPL,라틴아메리카,Honduras,온두라스,Puerto Lempira,푸에르토렘피라
Puerto Madryn El Tehuelche Airport,엘 테우엘체 공항,PMY,SAVY,라틴아메리카,Argentina,아르헨티나,Puerto Madryn,푸에르토마드린
Puerto Maldonado Padre Aldamiz International Airport,파드레 알다미즈 국제공항,PEM,SPTU,라틴아메리카,Peru,페루,Puerto Maldonado,푸에르토말도나도
Puerto Montt El Tepual Airport,엘 테푸알 공항,PMC,SCTE,라틴아메리카,Chile,칠레,Puerto Montt,푸에르토몬트
Puerto Natales Teniente Julio Gallardo Airport,테니엔테 훌리오 가야르도 공항,PNT,SCNT,라틴아메리카,Chile,칠레,Puerto Natales,푸에르토나탈레스
Puerto Ordaz Airport,마누엘 카를로스 피아르 과야나 공항,PZO,SVPR,라틴아메리카,Venezuela,베네수엘라,Puerto Ordaz,푸에르토오르다스
Puerto Penasco Airport,푸에르토 페냐스코 국제공항,PPE,MMPE,라틴아메리카,Mexico,멕시코,Puerto Penasco,푸에르토페냐스코
Puerto Plata Gregorio Luperon International Airport,그레고리오 루페론 국제공항,POP,MDPP,카리브해,Dominican Republic,도미니카공화국,PuertoPlata,푸에르토플라타
Puerto Princesa Airport,푸에르토 프린세사 국제공항,PPS,RPVP,아시아태평양,Philippines,필리핀,Puerto Princesa,푸에르토프린세사
Puerto San Jose Airport,푸에르토 산호세 공항,GSJ,MGSJ,라틴아메리카,Guatemala,과테말라,Puerto San Jose,푸에르토산호세
Puerto Suarez Airport,푸에르토 수아레스 국제공항,PSZ,SLPS,라틴아메리카,Bolivia,볼리비아,Puerto Suarez,푸에르토수아레스
Puerto Vallarta Ordaz Airport,리센시아도 구스타보 디아스 오르다스 국제공항,PVR,MMPR,라틴아메리카,Mexico,멕시코,Puerto Vallarta,푸에르토바야르타
Puka Puka Airport,푸카푸카 공항,PKP,NTGP,아시아태평양,French Polynesia,프랑스령 폴리네시아,PukaPuka,푸카푸카
Pukaki Airport,푸카키 공항,TWZ,NZUK,아시아태평양,New Zealand,뉴질랜드,Twizel,트와이즐
Pukapuka Island Airport,푸카푸카 섬 비행장,PZK,n/a,아시아태평양,Cook Islands,쿡 군도,Pukapuka Island,푸카푸카섬
Pukarua Tuamoto Island Airport,푸카루아 공항,PUK,NTGQ,아시아태평양,French Polynesia,프랑스령 폴리네시아,Pukarua,푸카루아
Pula Airport,풀라 공항,PUY,LDPL,유럽,Croatia,크로아티아,Pula,풀라
Pulau Panjang Airport,판장섬 공항,PPJ,WIIG,아시아태평양,Indonesia,인도네시아,Panjang Island,판장 섬
Pullman Moscow Regional Airport,풀만 모스크바 공항,PUW,KPUW,북아메리카,United States of America,미국,Pullman,풀먼
Pune Lohegaon Airport,푸네 공항,PNQ,VAPO,아시아태평양,India,인도,Pune,푸네
Punta Arenas Presidente Carlos Ibanez Airport,프레지덴테 카를로스 이바녜스 델 캄포 국제공항,PUQ,SCCI,라틴아메리카,Chile,칠레,Punta Arenas,뿐따아레나스
Punta Cana International Airport,푼타카나 국제공항,PUJ,MDPC,카리브해,Dominican Republic,도미니카공화국,Punta Cana,푼타카나
Punta del Este Airport,푼타 델 에스테 공항,PDP,SUPE,라틴아메리카,Uruguay,우루과이,Punta del Este,푼타델에스테
Punta Gorda Charlotte County Airport,푼타고르다 샬럿카운티 공항,PGD,KPGD,북아메리카,United States of America,미국,Punta Gorda,푼타고르다
Punta Gorda(Belize) Airport,푼타 고르다(벨리즈) 공항,PND,MZPG,라틴아메리카,Belize,벨리즈,Punta Gorda,푼따고르다
Punta Islita Airport,푼타 이슬리타 공항,PBP,n/a,라틴아메리카,Costa Rica,코스타리카,Islita,이슬리타
Purbalingga General Soedirman Airport,제너럴 수디르만 공항,PWL,WAHP,아시아태평양,Indonesia,인도네시아,Purwokerto,푸르워케르토
Purdue University Airport,퍼듀 대학교 공항,LAF,KLAF,북아메리카,United States of America,미국,Lafayette,라피엣
Purnea Airport,푸르니아 공항,PXN,n/a,아시아태평양,India,인도,Purnea,푸르니아
Putao Airport,푸타오 공항,PBU,VYPT,아시아태평양,Myanmar,미얀마,Putao,푸타오
Puttaparthi Sri Sathya Sai Airport,스리 사티아 사이 공항,PUT,VOPN,아시아태평양,India,인도,Puttaparthi,푸타파르티
Putussibau Airport,팡수마 공항,PSU,WIOP,아시아태평양,Indonesia,인도네시아,Putussibau,푸투시바우
Pyongyang Sunan International Airport,평양 순안국제공항,FNJ,ZKPY,아시아태평양,North Korea,조선민주주의인민공화국,Pyongyang,평양
Qaanaaq Airport,카나아크 공항,NAQ,BGQQ,유럽,Greenland,그린란드,Qaanaaq,카나크
Qaarsut Airport,카라수트 공항,JQA,BGUQ,유럽,Greenland,그린란드,Qaarsut,카르수트
Qalah-ye Now Airport,칼라이나우 공항,LQN,OAQN,아시아태평양,Afghanistan,아프가니스탄,Qala i Naw,칼라이나우
Qamdo Bamda Airport,창두방다 공항,BPX,ZUBD,아시아태평양,China,중국,Qamdo,창두
Qaqortoq Heliport,카코르토크 헬리포트,JJU,BGJH,유럽,Greenland,그린란드,Qaqortoq,카코르토크
Qarn Alam Airport,칸 알람 공항,RNM,OOGB,중동,Oman,오만,Qarn Alam,카른 알람
Qasigiannguit Airport,카시지안구이트 공항,JCH,BGCH,유럽,Greenland,그린란드,Qasigiannguit,카시지안구이트
Qassim Prince Nayef bin Abdulaziz International Airport,프린스 나예프 빈 압둘아지즈 공항,ELQ,OEGS,중동,Saudi Arabia,사우디아라비아,Buraidah,부라이다
Qassimiut Heliport,카시미우트 헬리포트,QJH,n/a,유럽,Greenland,그린란드,Qassimiut,카시미우트
Qeqertaq Heliport,케케르타크 헬리포트,PQT,BGQE,유럽,Greenland,그린란드,Qeqertaq,케케르타크
Qeqertarsuaq Airport,케케르타르수아크 공항,JGO,BGGN,유럽,Greenland,그린란드,Qeqertarsuaq,케케르타르수아크
Qianjiang Wulingshan Airport,첸장 우링산 공항,JIQ,ZUQJ,아시아태평양,China,중국,Qianjiang,첸장
Qiemo Yudu Airport,치에모 공항,IQM,ZWCM,아시아태평양,China,중국,Qiemo,치에모
Qimei Airport,치메이 공항,CMJ,RCCM,아시아태평양,Taiwan,대만,Qimei,치메이
Qingdao Jiaodong International Airport,칭다오 자오둥 국제공항,TAO,ZSQD,아시아태평양,China,중국,Qingdao,칭다오
Qingyang Xifeng Airport,칭양 공항,IQN,ZLQY,아시아태평양,China,중국,Qingyang,칭양
Qinhuangdao Beidaihe Airport,친황다오 베이다이허 공항,BPE,ZBDH,아시아태평양,China,중국,Qinhuangdao,친황다오
Qinhuangdao Shanhaiguan Airport,친황다오 산하이관 공항,SHP,ZBSH,아시아태평양,China,중국,Qinhuangdao,친황다오
Qionghai Bo'ao International Airport,칭하이 보아오 공항,BAR,ZJQH,아시아태평양,China,중국,Qionghai,칭하이
Qiqihar Sanjiazi Airport,치치하얼 산지아지 공항,NDG,ZYQQ,아시아태평양,China,중국,Qiqihar,치치하얼
Qitai Jiangbulake Airport,치타이 장부레이크 공항,JBK,n/a,아시아태평양,China,중국,Qitai,치타이
Quad Cities International Airport,쿼드 시티 국제공항,MLI,KMLI,북아메리카,United States of America,미국,Moline,몰린
Quadra Island April Point SPB,에이프릴 포인트 수상비행장,YQJ,n/a,북아메리카,Canada,캐나다,Quadra Island,쿼드라아일랜드
Qualicum Beach Airport,퀄리쿰 비치 공항,XQU,n/a,북아메리카,Canada,캐나다,Qualicum Beach,퀄리컴비치
Quanzhou Jinjiang International Airport,취안저우 진장 국제공항,JJN,ZSQZ,아시아태평양,China,중국,Jinjiang,진장
Quaqtaq Airport,콰크타크 공항,YQC,CYHA,북아메리카,Canada,캐나다,Quaqtaq,콰크타크
Quebec City Jean Lesage International Airport,퀘벡 시티 장 르사주 국제공항,YQB,CYQB,북아메리카,Canada,캐나다,Quebec City,퀘벡
Queenstown Airport,퀸스타운 공항,ZQN,NZQN,아시아태평양,New Zealand,뉴질랜드,Queenstown,퀸스타운
Quelimane Airport,퀼리마네 공항,UEL,FQQL,아프리카,Mozambique,모잠비크,Quelimane,켈리마느
Quepos Airport,케포스 라 마나과 공항,XQP,MRQP,라틴아메리카,Costa Rica,코스타리카,Quepos,케포스
Queretaro Intercontinental Airport,케레타로 인터컨티넨털 공항,QRO,MMQT,라틴아메리카,Mexico,멕시코,Queretaro,케레타로
Quesnel Airport,퀘넬 공항,YQZ,CYQZ,북아메리카,Canada,캐나다,Quesnel,퀘넬
Quetta Airport,퀘타 국제공항,UET,OPQT,아시아태평양,Pakistan,파키스탄,Quetta,퀘타
Quetzaltenango Airport,케찰테낭고 공항,AAZ,MGQZ,라틴아메리카,Guatemala,과테말라,Quetzaltenango,케찰테낭고
Qui Nhon Phu Cat Airport,푸캇 공항,UIH,VVPC,아시아태평양,Vietnam,베트남,Qui Nhon,퀴논
Quibdo El Carano Airport,엘 카라뇨 공항,UIB,SKUI,라틴아메리카,Colombia,콜롬비아,Quibdo,키브도
Quilpie Airport,퀼파이 공항,ULP,YQLP,아시아태평양,Australia,오스트레일리아,Quilpie,퀼파이
Quimper Bretagne Airport,캉페르코르누아이유 공항,UIP,LFRQ,유럽,France,프랑스,Quimper,캥페르
Quincy Regional Airport,퀸시 지역 공항,UIN,KUIN,북아메리카,United States of America,미국,Quincy,퀸시
Quinhagak Kwinhagak Airport,킨하각 공항,KWN,PAQH,북아메리카,United States of America,미국,Quinhagak,퀸하각
Quito Mariscal Sucre International Airport,마리스칼 수크레 국제공항,UIO,SEQM,라틴아메리카,Ecuador,에콰도르,Quito,키토
Quixada Airport,퀴사다 공항,QXD,n/a,라틴아메리카,Brazil,브라질,Quixada,키샤다
Quzhou Airport,취저우 공항,JUZ,ZSJU,아시아태평양,China,중국,Quzhou,취저우
Rabat Sale International Airport,라바트 살레 공항,RBA,GMME,아프리카,Morocco,모로코,Rabat,라바트
Rabaul Tokua Airport,라바울 공항,RAB,AYTK,아시아태평양,Papua New Guinea,파푸아뉴기니,Rabaul,라바울
Rabigh Airport,라빅 공항,n/a,OERB,중동,Saudi Arabia,사우디아라비아,Rabigh,라빅
Rach Gia Airport,락쟈 공항,VKG,VVRG,아시아태평양,Vietnam,베트남,Rachgia,락자
Radom-Sadkow Airport,라돔 공항,RDO,EPRA,유럽,Poland,폴란드,Radom,라돔
Rae Lakes Airport,라에 레이크스 공항,YRA,CYRA,북아메리카,Canada,캐나다,Gameti,가메티
Raebareli Airport,라에바렐리 공항,n/a,VIRB,아시아태평양,India,인도,Raebareli,라에바렐리
Rafha Airport,라파 국내선 공항,RAH,OERF,중동,Saudi Arabia,사우디아라비아,Rafha,라파
Rafsanjan Airport,라프산잔 공항,RJN,OIKR,중동,Iran,이란,Rafsanjan,라프산잔
Raha Sugimanuru Airport,스기마누루 공항,RAQ,WAWR,아시아태평양,Indonesia,인도네시아,Raha,라하
Rahim Yar Khan Airport,셰이크 자예드 국제공항,RYK,OPRK,아시아태평양,Pakistan,파키스탄,Rahim Yar Khan,라힘야르칸
Raiatea Airport,라이아테아 공항,RFP,NTTR,아시아태평양,French Polynesia,프랑스령 폴리네시아,Raiatea,라이아테아
Raigarh Airport,라이가르 공항,n/a,VARH,아시아태평양,India,인도,Raigarh,라이가르
Rainbow Lake Airport,레인보우 레이크 공항,YOP,n/a,북아메리카,Canada,캐나다,Rainbow Lake,레인보우레이크
Raipur Swami Vivekananda Airport,스와미 비베카난다 공항,RPR,VARP,아시아태평양,India,인도,Raipur,라이푸르
Rairua Raivavae Airport,라이바바에 공항,RVV,NTAV,아시아태평양,French Polynesia,프랑스령 폴리네시아,Raivavae,라이바바에
Raja Ampat Marinda Airport,마린다 공항,RJM,n/a,아시아태평양,Indonesia,인도네시아,Waisai,와이사이라자암파트
Rajahmundry Airport,라자문드리 공항,RJA,VORY,아시아태평양,India,인도,Rajahmundry,라자문드리
Rajbiraj Airport,라즈비라즈 공항,RJB,VNRB,아시아태평양,Nepal,네팔,Rajbiraj,라즈비라즈
Rajkot Civil Airport,라지코트 공항,RAJ,VARK,아시아태평양,India,인도,Rajkot,라지코트
Rajkot International Airport,라지코트 국제공항,HSR,VAHS,아시아태평양,India,인도,Rajkot,라지코트
Rajshahi Airport,샤 마크둠 공항,RJH,VGRJ,아시아태평양,Bangladesh,방글라데시,Rajshahi,라지샤히
Raleigh-Durham International Airport,롤리 더럼 국제공항,RDU,KRDU,북아메리카,United States of America,미국,Raleigh,롤리
Ramata Airport,라마타 공항,RBV,AGRM,아시아태평양,Solomon Islands,솔로몬 제도,Ramata Island,라마타
Ramechhap Airport,라메i프 공항,RHP,VNRC,아시아태평양,Nepal,네팔,Ramechhap,라메차프
Ramingining Airport,라밍기닝 공항,RAM,YRNG,아시아태평양,Australia,오스트레일리아,Ramingining,라밍기닝
Rampart Airport,램파트 공항,RMP,n/a,북아메리카,United States of America,미국,Rampart,램파트
Ramsar Airport,람사르 국제공항,RZR,OINR,중동,Iran,이란,Ramsar,람사르
Ramstein Air Base,람슈타인 공군기지,RMS,ETAR,유럽,Germany,독일,Ramstein,람슈타인
Ranchi Birsa Munda Airport,비르사 문다 공항,IXR,VERC,아시아태평양,India,인도,Ranchi,란치
Range Regional Airport,레인지 공항,HIB,KHIB,북아메리카,United States of America,미국,Hibbing,히빙
Rangiroa Airport,랑기로아 공항,RGI,NTTG,아시아태평양,French Polynesia,프랑스령 폴리네시아,Rangiroa,랑기로아
Rankin Inlet Sherbrooke Airport,랜킨 인렛 공항,YRT,CYRT,북아메리카,Canada,캐나다,Rankin Inlet,랜킨인렛
Ranong Airport,라농 공항,UNN,VTSR,아시아태평양,Thailand,태국,Ranong,라농
Rapid City Ellsworth AFB Airport,엘즈워스 공군기지,RCA,n/a,북아메리카,United States of America,미국,Rapid City,래피드시티
Rapid City Regional Airport,래피드 시티 공항,RAP,KRAP,북아메리카,United States of America,미국,Rapid City,래피드시티
Rara Talcha Airport,라라 탈차 공항,TAL,VNTL,아시아태평양,Nepal,네팔,Rara Talcha,라라탈차
Raroia Airport,라로이아 공항,RRR,NTKO,아시아태평양,French Polynesia,프랑스령 폴리네시아,Raroia,라로이아
Rarotonga Airport,라로통가 국제공항,RAR,NCRG,아시아태평양,Cook Islands,쿡 군도,Rarotonga Island,라로통가
Ras al Khaimah Al Hamra SPB Airport,알 함라 수상비행기 기지,RHR,n/a,중동,United Arab Emirates,아랍에미레이트,AlHamra,알함라
Ras Al Khaimah International Airport,라스알카이마 국제공항,RKT,OMRK,중동,United Arab Emirates,아랍에미레이트,Ras alKhaimah,라스알카이마
Ras Sidr Airport,라스 시드르 공항,n/a,n/a,아프리카,Egypt,이집트,Ras Sidr,라스시드르
Rasht Airport,라슈트 공항,RAS,OIGG,중동,Iran,이란,Rasht,라슈트
Ratnagiri Airport,라트나기리 공항,RTC,VARG,아시아태평양,India,인도,Ratnagiri,라트나기리
Ravensthorpe Airport,레이븐스소프 공항,RVT,YNRV,아시아태평양,Australia,오스트레일리아,Ravensthorpe,레이븐스소프
Raxaul Airport,락사울 공항,n/a,VERL,아시아태평양,India,인도,Raxaul,락사울
Reading Regional Airport,레딩 지역공항,RDG,n/a,북아메리카,United States of America,미국,Reading,레딩
"Reao, Tuamoto Island Reao Airport",레아오 공항,REA,NTGE,아시아태평양,French Polynesia,프랑스령 폴리네시아,Reao,레아오
Recife Guararapes International Airport,헤시피/과라라페스 질베르토 프레이레 국제공항,REC,SBRF,라틴아메리카,Brazil,브라질,Recife,레시피
Reconquista Daniel Jurkic Airport,레콩키스타 공항,RCQ,SATR,라틴아메리카,Argentina,아르헨티나,Reconquista,레콩키스타
Red Deer Regional Airport,레드 디어 공항,YQF,CYQF,북아메리카,Canada,캐나다,Red Deer,레드디어
Red Devil Airport,레드 데빌 공항,RDV,n/a,북아메리카,United States of America,미국,Red Devil,레드데빌
Red Lake Airport,레드 레이크 공항,YRL,CYRL,북아메리카,Canada,캐나다,Red Lake,레드레이크
Red Sea International Airport,홍해 국제공항,RSI,OERS,중동,Saudi Arabia,사우디아라비아,Red Sea,레드시
Red Sucker Lake Airport,레드 서커 레이크 공항,YRS,CYRS,북아메리카,Canada,캐나다,Red Sucker Lake,레드석커레이크
Redang LTS Pulau Redang Airport,르당 공항,RDN,WMPR,아시아태평양,Malaysia,말레이시아,Redang Island,르당섬
Redcliffe Airport,레드클리프 공항,RCL,n/a,아시아태평양,Vanuatu,바누아투,Redcliffe,레드클리프
Redding Regional Airport,레딩 공항,RDD,KRDD,북아메리카,United States of America,미국,Redding,레딩
Redmond Municipal Airport,로버츠 필드,RDM,KRDM,북아메리카,United States of America,미국,Redmond,레드먼드
Reggio di Calabria Tito Menniti Airport,레지오 디 칼라브리아 공항,REG,LICR,유럽,Italy,이탈리아,Reggio di Calabria,레조디칼라브리아
Regina International Airport,레지나 국제공항,YQR,CYQR,북아메리카,Canada,캐나다,Regina,리자이나
Region of Waterloo International Airport,워털루 국제공항지역,YKF,CYKF,북아메리카,Canada,캐나다,Waterloo,워털루
Reims Airport,랭스 공항,RHE,LFQA,유럽,France,프랑스,Reims,랭스
Relais de la Reine Airport,를레 드 라 렌느 공항,RLR,n/a,아프리카,Madagascar,마다가스카르,Isalo,이살로
Remada Air Base,레마다 공군기지,n/a,DTTD,아프리카,Tunisia,튀니지,Remada,레마다
Rengat Japura Airport,자푸라 공항,RGT,n/a,아시아태평양,Indonesia,인도네시아,Rengat,릉갓
Renmark Airport,렌마크 공항,RMK,YREN,아시아태평양,Australia,오스트레일리아,Renmark,렌마크
Rennell Airport,레넬 공항,RNL,AGGR,아시아태평양,Solomon Islands,솔로몬 제도,Rennell Island,레넬섬
Rennes Bretagne Airport,렌 생 쟈크 공항,RNS,LFRN,유럽,France,프랑스,Rennes,렌
Reno-Tahoe International Airport,리노 타호 국제공항,RNO,KRNO,북아메리카,United States of America,미국,Reno,리노
Repulse Bay Airport,리펄스 베이 공항,YUT,CYUT,북아메리카,Canada,캐나다,Repulse Bay,리펄스베이
Resende Airport,레센데 공항,REZ,SDRS,라틴아메리카,Brazil,브라질,Resende,헤센지
Resistencia Airport,레지스텐시아 국제공항,RES,SARE,라틴아메리카,Argentina,아르헨티나,Resistencia,레시스텐시아
Resolute Airport,레졸루트 베이 공항,YRB,CYRB,북아메리카,Canada,캐나다,Resolute,레졸루트
Retalhuleu Airport,레탈룰레우 공항,RER,MGRT,라틴아메리카,Guatemala,과테말라,Retalhuleu,레탈룰레우
Reus Airport,레우스 공항,REU,LERS,유럽,Spain,스페인,Reus,레우스
Rewa Airport,레와 공항,REW,n/a,아시아태평양,India,인도,Rewa,레와
Reykjavik Domestic Airport,레이캬비크 공항,RKV,BINV,유럽,Iceland,아이슬란드,Reykjavik,레이캬비크
Reykjavik Keflavik International Airport,케플라비크 국제공항,KEF,BIKF,유럽,Iceland,아이슬란드,Reykjavik,레이캬비크
Reynosa General Lucio Blanco Airport,제너럴 루시오 블랑코 국제공항,REX,MMRX,라틴아메리카,Mexico,멕시코,Reynosa,레이노사
Rhinelander Oneida County Airport,라인랜더 오네이다 카운티 공항,RHI,KRHI,북아메리카,United States of America,미국,Rhinelander,라인랜더
Rhode Island T F Green International Airport,시어도어 프랜시스 그린 스테이트 공항,PVD,KPVD,북아메리카,United States of America,미국,Providence,프로비던스
Rhodes Diagoras Airport,로도스 국제공항,RHO,LGRP,유럽,Greece,그리스,Rhodes,로도스
Ribeirao Preto Leite Lopes Airport,레이테 로페스 공항,RAO,SBRP,라틴아메리카,Brazil,브라질,Ribeirao Preto,리베이랑프레투
Riberalta Airport,리베랄타 공항,RIB,SLRI,라틴아메리카,Bolivia,볼리비아,Riberalta,리베랄타
Richards Bay Airport,리o드 베이 공항,RCB,FARB,아프리카,South Africa,남아프리카,Richards Bay,리처즈베이
Richmond Airport,리치몬드 공항,RCM,YRMD,아시아태평양,Australia,오스트레일리아,Richmond,리치먼드
Richmond International Airport,리치몬드 국제공항,RIC,KRIC,북아메리카,United States of America,미국,Richmond,리치먼드
Rick Husband Amarillo International Airport,릭 허드슨 애머릴로 국제공항,AMA,KAMA,북아메리카,United States of America,미국,Amarillo,애머릴로
Rigolet Airport,리골레트 공항,YRG,n/a,북아메리카,Canada,캐나다,Rigolet,리고렛
Rijeka Airport,리예카 공항,RJK,LDRI,유럽,Croatia,크로아티아,Rijeka,리예카
Rimatara Airport,리마타라 공항,RMT,NTAM,아시아태평양,French Polynesia,프랑스령 폴리네시아,Rimatara,리마타라
Rimini Federico Fellini Airport,페데리코 펠리니 국제공항,RMI,LIPR,유럽,Italy,이탈리아,Rimini,리미니
Rio Branco Placido de Castro Airport,플라시도 데 카스트로 국제공항,RBR,SBRB,라틴아메리카,Brazil,브라질,Rio Branco,리우브랑쿠
Rio Cuarto Airport,라스 이구에라스 공항,RCU,SAOC,라틴아메리카,Argentina,아르헨티나,RIo Cuarto,리오콰르토
Rio de Janeiro Galeao International Airport,리우데자네이루 갈레앙 국제공항,GIG,SBGL,라틴아메리카,Brazil,브라질,Rio de Janeiro,리우데자네이루
Rio de Janeiro Jacarepagua Airport,자카레파구아 공항,RRJ,SBJR,라틴아메리카,Brazil,브라질,Barra da Tijuca,바라다티주카
Rio de Janeiro Santos Dumont Airport,산토스 두몽 공항,SDU,SBRJ,라틴아메리카,Brazil,브라질,Rio de Janeiro,리우데자네이루
Rio Gallegos International Airport,필로토 시빌 노르베르토 페르난데스 국제공항,RGL,SAWG,라틴아메리카,Argentina,아르헨티나,Rio Gallegos,리우가예고스
Rio Grande Airport,헤르메스 키하다 국제공항,RGA,SAWE,라틴아메리카,Argentina,아르헨티나,RIo Grande,리오그란데
Rio Grande Gustavo Cramer Airport,리오그란데 공항,RIG,n/a,라틴아메리카,Brazil,브라질,Rio Grande,리오그란데
Rio Hato Scarlett Martinez Airport,스칼렛 마르티네즈 국제공항,RIH,MPRH,라틴아메리카,Panama,파나마,Rio Hato,리오아토
Rio Hondo Airport,테르마스 데 리오 혼도 공항,RHD,SANR,라틴아메리카,Argentina,아르헨티나,Termas de Rio Hondo,테르마스데리오혼도
Rio Mayo Airport,리오 마요 공항,ROY,n/a,라틴아메리카,Argentina,아르헨티나,RIo Mayo,리오마요
Rio Turbio Airport,리오 투르비오 공항,RYO,SAWT,라틴아메리카,Argentina,아르헨티나,RIo Turbio,리오투르비오
Rio Verde Airport,제너럴 레이테 데 카스트로 공항,RVD,SWLC,라틴아메리카,Brazil,브라질,Rio Verde,리오베르데
Riohacha Almirante Padilla Airport,알미란테 파딜라 공항,RCH,SKRH,라틴아메리카,Colombia,콜롬비아,Riohacha,리오아차
Rioja Juan Simons Vela Airport,후안 시몬스 벨라 공항,RIJ,SPJA,라틴아메리카,Peru,페루,Rioja,리오하
Rishiri Airport,리시리 공항,RIS,RJER,아시아태평양,Japan,일본,Rishiri,리시리
Rivas Costa Esmeralda Airport,코스타 에스메랄다 공항,ECI,MNCE,라틴아메리카,Nicaragua,니카라과,Rivas,리바스
Rivera International Airport,리베라 국제공항,RVY,n/a,라틴아메리카,Uruguay,우루과이,Rivera,리베라
Riverton Regional Airport,센트럴 와이오밍 공항,RIW,KRIW,북아메리카,United States of America,미국,Riverton,리버턴
Rivne International Airport,리브네 국제공항,RWN,UKLR,유럽,Ukraine,우크라이나,Rivne,리브네
RIX Riga Airport,리가 국제공항,RIX,EVRA,유럽,Latvia,라트비아,Riga,리가
Riyadh King Khalid International Airport,킹 칼리드 국제공항,RUH,OERK,중동,Saudi Arabia,사우디아라비아,Riyadh,리야드
Riyan Airport,리옌 공항,RIY,OYRN,중동,Yemen,예멘,Mukalla,무칼라
Rize Artvin Airport,리제 아르빈 공항,RZV,LTFO,중동,Turkiye,터키,Rize Province,리제
Rizhao Shanzihe Airport,르자오 산쯔허 공항,RIZ,n/a,아시아태평양,China,중국,Rizhao,르자오
Roanoke-Blacksburg Regional Airport,로어노크 블랙스버그 지역공항,ROA,KROA,북아메리카,United States of America,미국,Roanoke,로어노크
Roatan Juan Manuel Galvez International Airport,후안 마누엘 갈베스 국제공항,RTB,MHRO,라틴아메리카,Honduras,온두라스,Roatan,로아탄
Robert Curtis Memorial Airport,누르빅 공항,ORV,PFNO,북아메리카,United States of America,미국,Noorvik,누르빅
Roberval Airport,로베르발 공항,YRJ,n/a,북아메리카,Canada,캐나다,Roberval,로베르발
Robins AFB Airport,로빈스 공군기지,WRB,KWRB,북아메리카,United States of America,미국,Warner Robins,워너로빈스
Robinson Crusoe Airfield,로빈슨 크루소 비행장,n/a,SCIR,라틴아메리카,Chile,칠레,Robinson Crusoe Island,로빈슨 크루소 섬
Roche Harbor Airport,로슈 하버 수상 비행장,RCE,n/a,북아메리카,United States of America,미국,Roche Harbor,로슈하버
Rochester International Airport,로체스터 국제공항,RST,KRST,북아메리카,United States of America,미국,Rochester,로체스터
Rock Sound South Eleuthera Airport,록사운드 국제공항,RSD,MYER,카리브해,Bahamas,바하마,Rock Sound,록사운드
Rock Springs Southwest Wyoming Regional Airport,록 스프링스 스위트워터 카운티 공항,RKS,KRKS,북아메리카,United States of America,미국,Rock Springs,록스프링스
Rockhampton Airport,록햄프턴 공항,ROK,YBRK,아시아태평양,Australia,오스트레일리아,Rockhampton,록햄프턴
Rockland Knox County Regional Airport,녹스 카운티 공항,RKD,KRKD,북아메리카,United States of America,미국,Rockland,락랜드
Rocky Mountain Metropolitan Airport,록키 마운틴 메트로폴리탄 공항,BJC,KBJC,북아메리카,United States of America,미국,Denver,덴버
Rodez Marcillac Airport,로데즈 마르실락 공항,RDZ,LFCR,유럽,France,프랑스,Rodez,로데즈
Rodrigues Island Airport,플레인 코레일 공항,RRG,FIMR,아프리카,Mauritius,모리셔스,Rodrigues Island,로드리게스섬
Roervik Ryumsjoen Airport,뢰르비크 공항,RVK,ENRM,유럽,Norway,노르웨이,Rorvik,뢰르비크
Rogue Valley International-Medford Airport,로그 밸리 국제-메드퍼드 공항,MFR,KMFR,북아메리카,United States of America,미국,Medford,메드퍼드
Roi Et Airport,로이엣 공항,ROI,VTUV,아시아태평양,Thailand,태국,Roi Et,로이엣
Roma Airport,로마 공항,RMA,YROM,아시아태평양,Australia,오스트레일리아,Roma,로마
Rome Ciampino Airport,참피노 G. B. 파스틴 국제공항,CIA,LIRA,유럽,Italy,이탈리아,Rome,로마
Rome Fiumicino Airport,레오나르도 다빈치 피우미치노 공항,FCO,LIRF,유럽,Italy,이탈리아,Rome,로마
Rondonopolis Airport,혼도노폴리스 공항,ROO,SBRD,라틴아메리카,Brazil,브라질,Rondonopolis,혼도노폴리스
Rongelap Airport,롱겔랩 공항,RNP,n/a,아시아태평양,Marshall Islands,마샬 군도,Rongelap Atoll,롱겔랩
Ronneby Kallinge Airport,론네비 공항,RNB,ESDF,유럽,Sweden,스웨덴,Ronneby,론네뷔
Roros Airport,뢰로스 공항,RRS,ENRO,유럽,Norway,노르웨이,Roros,뢰로스
Rosario Islas Malvinas Airport,로사리오 이슬라스 말비나스 국제공항,ROS,SAAR,라틴아메리카,Argentina,아르헨티나,Rosario,로사리오
Rosh Pina Airport,로쉬 피나 공항,RPN,LLIB,중동,Israel,이스라엘,Rosh Pinna,로슈피나
Rosita Airport,로지타 공항,RFS,n/a,라틴아메리카,Nicaragua,니카라과,Rosita,로시타
Rost Airport,뢰스트 공항,RET,ENRS,유럽,Norway,노르웨이,Rost,뢰스트
Rostock Laage Airport,로스토크 라게 공항,RLG,ETNL,유럽,Germany,독일,Rostock,로스토크
Rostov Platov Airport,플라토프 국제공항,ROV,URRP,유럽,Russian Federation,러시아,Rostov,로스토프나도누
Roswell International Air Center,로스웰 국제 항공 센터,ROW,KROW,북아메리카,United States of America,미국,Roswell,로즈웰
Rota Airport,로타 국제공항,ROP,PGRO,아시아태평양,Northern Mariana Islands,북마리아제도,Rota,로타
Rote David C Saudale Airport,데이비드 콘스탄틴 소데일 공항,RTI,n/a,아시아태평양,Indonesia,인도네시아,Namodale,나모달레
Rotorua Airport,로토루아 공항,ROT,NZRO,아시아태평양,New Zealand,뉴질랜드,Rotorua,로토루아
Rotterdam The Hague Airport,로테르담 헤이그 공항,RTM,EHRD,유럽,Netherlands,네덜란드,Rotterdam,로테르담
Rotuma Island Airport,로투마 공항,RTA,NFNR,아시아태평양,Fiji,피지,Rotuma Island,로투마섬
Rouen Vallee de Seine Airport,루앙 공항,URO,n/a,유럽,France,프랑스,Rouen,루앙
Round Lake Airport,라운드 레이크 공항,ZRJ,n/a,북아메리카,Canada,캐나다,Round Lake,라운드레이크
Rourkela Airport,루르켈라 공항,RRK,VERK,아시아태평양,India,인도,Rourkela,루르켈라
Rouyn-Noranda Airport,루인 노란다 공항,YUY,CYUY,북아메리카,Canada,캐나다,Rouyn-Noranda,루인노란다
Rovaniemi Airport,로바니에미 공항,RVN,EFRO,유럽,Finland,핀란드,Rovaniemi,로바니에미
Roxas City Airport,로하스 공항,RXS,RPVR,아시아태평양,Philippines,필리핀,Roxas,로하스
Ruby Airport,루비 공항,RBY,PARY,북아메리카,United States of America,미국,Ruby,루비
Rukum Salle Airport,루쿰 살레 공항,n/a,VNSL,아시아태평양,Nepal,네팔,Rukum Salle,루쿰살레
Rukumkot Airport,차우르자하리 공항,RUK,n/a,아시아태평양,Nepal,네팔,Rukumkot,루쿰코트
Rumbek Airport,룸벡 공항,RBX,HSMK,아프리카,South Sudan,수단,Rumbek,룸벡
Rumjatar Airport,룸자타르 공항,RUM,n/a,아시아태평양,Nepal,네팔,Rumjatar,룸자타르
Rundu Airport,룬두 공항,NDU,FYRU,아프리카,Namibia,나미비아,Rundu,룬두
Ruoqiang Loulan Airport,뤄치앙 루란 공항,RQA,n/a,아시아태평양,China,중국,Ruoqiang,뤄창
Rupsi Airport,루시 공항,RUP,VERU,아시아태평양,India,인도,Rupsi,룹시
Rurrenabaque Airport,루레나바케 공항,RBQ,SLRQ,라틴아메리카,Bolivia,볼리비아,Rurrenabaque,루레나바케
Rurutu Airport,루루투 공항,RUR,NTAR,아시아태평양,French Polynesia,프랑스령 폴리네시아,Rurutu,루루투
Russian Mission Russian Sea Plane Base,러시안 미션 수상비행장,RSH,PARS,북아메리카,United States of America,미국,Russian Mission,러시안미션
Ruteng Airport,프란스 살레 레가 공항,RTG,WATG,아시아태평양,Indonesia,인도네시아,Ruteng,루텡
Rutland Southern Vermont Regional Airport,러틀랜드 서던 버몬트 지역 공항,RUT,KRUT,북아메리카,United States of America,미국,Rutland,러틀랜드
Rzeszow Jasionka Airport,제슈프 야시온카 공항,RZE,EPRZ,유럽,Poland,폴란드,Rzeszow,제슈프
Saarbruecken Airport,자르브뤼켄 공항,SCN,EDDR,유럽,Germany,독일,Saarbruecken,자르브뤼켄
Saarloq Heliport,사를로크 헬리포트,QOQ,n/a,유럽,Greenland,그린란드,Saarloq,사를로크
Saattut Heliport,사투트 헬리포트,SAE,BGST,유럽,Greenland,그린란드,Saattut,사투트
Saba Juancho E Yrausquin Airport,후안초 E. 이라우스퀸 공항,SAB,TNCS,유럽,Netherlands,네덜란드령 카리브,Saba,사바
Sabadell Airport,사바델 공항,n/a,LELL,유럽,Spain,스페인,Sabadell,사바델
Sabang Maimun Saleh Airport,마이문 살레 공항,SBG,n/a,아시아태평양,Indonesia,인도네시아,Sabang,사방
Sabetta International Airport,사베타 국제공항,SBT,USDA,유럽,Russian Federation,러시아,Sabetta,사베타
Sabzevar Airport,사브제바르 공항,AFZ,OIMS,중동,Iran,이란,Sabzevar,사브제바르
Sachigo Lake Airport,사치고 호수 공항,ZPB,CZPB,북아메리카,Canada,캐나다,Sachigo Lake,사치고레이크
Sachs Harbour Airport,삭스 하버 공항,YSY,n/a,북아메리카,Canada,캐나다,Sachs Harbour,삭스하버
Sacramento International Airport,새크라멘토 국제공항,SMF,KSMF,북아메리카,United States of America,미국,Sacramento,새크라멘토
Sacramento Mather Airport,새크라멘토 매더 공항,MHR,KMHR,북아메리카,United States of America,미국,Sacramento,새크라멘토
Sado Airport,사도공항,SDS,RJSD,아시아태평양,Japan,일본,Sado,사도
Saga Airport,사가공항,HSG,RJFS,아시아태평양,Japan,일본,Saga,사가
Saguenay-Bagotville Airport,캐나다 군사 기지 Bagotville,YBG,CYBG,북아메리카,Canada,캐나다,Saguenay-Bagotville,사그네 바고빌
Sahand Airport,사한드 공항,ACP,OITM,중동,Iran,이란,Sahand,사한드
Saharanpur Airport,사하란푸르 공항,n/a,VISP,아시아태평양,India,인도,Saharanpur,사하란푸르
Sahnewal Airport,사네왈 공항,LUH,VILD,아시아태평양,India,인도,Ludhiana,루디아나
Saibai Island Airport,사이바이 아일랜드 공항,SBR,YSII,아시아태평양,Australia,오스트레일리아,Saibai Island,사이바이섬
Saidpur Airport,사이드푸르 공항,SPD,VGSD,아시아태평양,Bangladesh,방글라데시,Saidpur,사이드푸르
Saidu Sharif Airport,사이두 샤리프 공항,SDT,OPSS,아시아태평양,Pakistan,파키스탄,Saidu Sharif,사이두샤리프
Saifai Airport,사이피 공항,n/a,n/a,아시아태평양,India,인도,Saifai,사이파이
Saint Anthony Airport,세인트 안토니 공항,YAY,CYAY,북아메리카,Canada,캐나다,St. Anthony,세인트 안토니
Saint Barthelemy Airport,구스타프 3세 공항,SBH,TFFJ,카리브해,Saint Barthelemy,생바르텔레미섬(프란스령),StBarthelemy,생바르텔레미
Saint Brieuc Armor Airport,생브리외,SBK,LFRT,유럽,France,프랑스,Saint-Brieuc,생브리외
Saint Croix Henry E Rohlsen Airport,헨리 E. 롤슨 공항,STX,TISX,카리브해,Virgin Islands (US),버진 아일랜드,Saint Croix,세인트크로이
Saint Etienne Boutheon Airport,생테티엔 부테옹 공항,EBU,LFMH,유럽,France,프랑스,Saint-Etienne,생테티엔
Saint Eustatius F D Roosevelt Airport,FD 루즈벨트 공항,EUX,TNCE,유럽,Netherlands,네덜란드,St Eustatius,세인트유스타티우스
Saint George Airport,세인트 조지 공항,SGO,YSGE,아시아태평양,Australia,오스트레일리아,St George,세인트 조지
Saint George Island Airport,세인트 조지 공항,STG,PAPB,북아메리카,United States of America,미국,St. George,세인트 조지
Saint Helena Airport,세인트 헬레나 공항,HLE,FHSH,아프리카,Saint Helena,세인트헬레나,Jamestown,제임스타운
Saint John Airport,세인트 존 공항,YSJ,CYSJ,북아메리카,Canada,캐나다,Saint John,세인트 존
Saint Kitts Robert L Bradshaw Airport,로버트 L. 브래드쇼 국제공항,SKB,TKPK,카리브해,Saint Kitts and Nevis,세인트키츠네비스,Saint Kitts,세인트키츠
Saint Lucia George F. L. Charles Airport,조지 F. L. 찰스 공항,SLU,TLPC,카리브해,Saint Lucia,세인트루시아,St Lucia,세인트루시아
Saint Lucia Hewanorra Airport,헤와노라 국제공항,UVF,TLPL,카리브해,Saint Lucia,세인트루시아,StLucia,세인트루시아
Saint Martin Esperance Airport,레스페랑스 공항,SFG,TFFG,카리브해,Saint Martin,세인트마틴(프랑스령),StMartin,세인트마틴
Saint Mary's Airport,세인트 메리스 공항,KSM,PASM,북아메리카,United States of America,미국,St. Mary's,세인트 메리스
Saint Michael Airport,세인트 마이클 공항,SMK,PAMK,북아메리카,United States of America,미국,St. Michael,세인트 마이클
Saint Paul Island Airport,세인트폴 아일랜드 공항,SNP,PASN,북아메리카,United States of America,미국,St. Paul Island,세인트폴섬
Saint Petersburg Pulkovo Airport,풀코보 공항,LED,ULLI,유럽,Russian Federation,러시아,Saint Petersburg,상트페테르부르크
Saint Pierre Airport,생피에르 공항,FSP,LFVP,북아메리카,Saint Pierre and Miquelon,생피에르 앤드 미클롱,Saint-Pierre,생피에르
Saint Therese Point Airport,세인트 테레사 포인트 공항,YST,n/a,북아메리카,Canada,캐나다,St. Theresa Point,세인트 테레사 포인트
Saint Thomas Cyril E King Airport,시릴 E. 킹 공항,STT,TIST,카리브해,Virgin Islands (US),버진 아일랜드,St. Thomas Island,세인트토머스섬
Saint Tropez La Mole Airport,라 몰 생트로페 공항,LTT,LFTZ,유럽,France,프랑스,Saint-Tropez,생트로페
Saint Vincent Argyle International Airport,아가일 국제공항,SVD,TVSA,카리브해,Saint Vincent and the Grenadines,세인트빈센트그레나딘,Saint Vincent,세인트빈센트
Sainte Marie Airport,생트 마리 공항,SMS,FMMS,아프리카,Madagascar,마다가스카르,Sainte-Marie,생트마리
Saint-Louis Ousmane Masseck Ndiaye International Airport,세인트 루이스 공항,XLS,GOSS,아프리카,Senegal,세네갈,Saint-Louis,생루이
Saint-Nazaire Montoir Airport,생나제르 몽트와 공항,SNR,LFRZ,유럽,France,프랑스,Saint-Nazaire,생나제르
Saint-Pierre Pierrefonds Airport,피에르퐁 공항,ZSE,FMEP,아프리카,Reunion,리유니온,Saint-Pierre,생피에르
Saipan International Airport,사이판 국제공항,SPN,PGSN,아시아태평양,Northern Mariana Islands,북마리아나 제도,Saipan,사이판
Sakkyryr Airport,사키리르 공항,SUK,n/a,유럽,Russian Federation,러시아,Sakkyryr,사키리르
Sakon Nakhon Airport,사콘나콘 공항,SNO,VTUI,아시아태평양,Thailand,태국,Sakon Nakhon,사콘나콘
Sal Amilcar Cabral International Airport,아밀카르 카브랄 국제공항,SID,GVAC,아프리카,Cabo Verde,카보베르데,Sal,살
Salalah International Airport,살랄라 국제공항,SLL,OOSA,중동,Oman,오만,Salalah,살랄라
Salamanca Matacan Airport,살라망카 공항,SLM,LESA,유럽,Spain,스페인,Salamanca,살라망카
Salekhard Airport,살레하르트 공항,SLY,USDD,유럽,Russian Federation,러시아,Salekhard,살레하르트
Salem Airport,세일럼 공항,SXV,VOSM,아시아태평양,India,인도,Salem,세일럼
Salem Municipal Airport,맥네리 필드,SLE,KSLE,북아메리카,United States of America,미국,Salem,세일럼
Salen-Trysil Scandinavian Mountains Airport,스칸디나비아 산맥 공항,SCR,ESKS,유럽,Sweden,스웨덴,Salen,살렌
Salerno Amalfi Coast and Cilento Airport,살레르노 코스타 다말피 공항,QSR,LIRI,유럽,Italy,이탈리아,Salerno,살레르노
Salina Regional Airport,살리나 공항,SLN,KSLN,북아메리카,United States of America,미국,Salina,살리나
Salinas General Ulpiano Paez Airport,제너럴 울피아노 파에즈 공항,SNC,SESA,라틴아메리카,Ecuador,에콰도르,Salinas,살리나스
Salinas(Brazil) Airport,살리나스(브라질) 공항,IAL,SNSS,라틴아메리카,Brazil,브라질,Salinas,살리나스
Salisbury-Ocean City Wicomico Regional Airport,솔즈베리 오션시티 위코미코 공항,SBY,KSBY,북아메리카,United States of America,미국,Salisbury,솔즈베리
Salluit Airport,살루이트 공항,YZG,CYZG,북아메리카,Canada,캐나다,Salluit,살루이트
Salmon Airport,레미 카운티 공항,SMN,KSMN,북아메리카,United States of America,미국,Salmon,새먼
Salt Lake City International Airport,솔트레이크시티 국제공항,SLC,KSLC,북아메리카,United States of America,미국,SaltLake City,솔트레이크시티
Salta Martin Miguel de Guemes Airport,마르틴 미겔 데 구에메스 국제공항,SLA,SASA,라틴아메리카,Argentina,아르헨티나,Salta,살타
Saltillo Airport,플랜 드 과달루페 국제공항,SLW,MMIO,라틴아메리카,Mexico,멕시코,Saltillo,살티요
Salto Airport,누에바 헤스페리데스 국제공항,STY,n/a,라틴아메리카,Uruguay,우루과이,Salto,살토
Salto del Guaira Airport,살토 델 과이라 공항,n/a,SGGR,라틴아메리카,Paraguay,파라과이,Salto del Guaira,살토 델 과이라
Salvador Luis E Magalhaes Airport,데푸타도 루이스 에두아르도 마갈량이스 국제공항,SSA,SBSV,라틴아메리카,Brazil,브라질,Salvador,살바도르
Salzburg Wolfgang Amadeus Mozart Airport,잘츠부르크 공항,SZG,LOWS,유럽,Austria,오스트리아,Salzburg,잘츠부르크
Sam Neua Nathong Airport,나통 공항,NEU,n/a,아시아태평양,Laos,라오스,Xam Neua,삼느아
Samana Arroyo Barril Airport,사마나 아로요 바릴 공항,SNX,MDAB,카리브해,Dominican Republic,도미니카공화국,Samana,사마나
Samana Juan Bosch El Catey Airport,사마나 엘 카테이 국제공항,AZS,MDCY,카리브해,Dominican Republic,도미니카공화국,El Catey,엘카테이
Samara Kurumoch Airport,쿠루모치 국제공항,KUF,UWWW,유럽,Russian Federation,러시아,Samara,사마라
Samarkand Airport,사마르칸트 국제공항,SKD,UZSS,아시아태평양,Uzbekistan,우즈베키스탄,Samarkand,사마르칸트
Sambava Airport,삼바바 공항,SVB,FMNS,아프리카,Madagascar,마다가스카르,Sambava,삼바바
Sambu Airport,삼부 공항,SAX,n/a,라틴아메리카,Panama,파나마,Sambu,삼부
Samburu Airport,삼부루 공항,UAS,HKSB,아프리카,Kenya,케냐,Samburu,삼부루
Samos Aristarchos of Samos Airport,"사모스 국제공항""사모스의 아리스타르코스""",SMI,LGSM,유럽,Greece,그리스,Samos,사모스
Sampit Airport,에이치아산공항,SMQ,WAGS,아시아태평양,Indonesia,인도네시아,Sampit,삼핏
Samsun Carsamba Airport,챨삼바 공항,SZF,LTFH,중동,Turkiye,터키,Samsun,삼순
San Andres Gustavo Rojas Pinilla International Airport,구스타보 로하스 피닐라 국제공항,ADZ,SKSP,라틴아메리카,Colombia,콜롬비아,San Andres Island,산안드레스
San Andros Airport,샌 안드로스 공항,SAQ,MYAN,카리브해,Bahamas,바하마,San Andros,샌안드로스
San Angelo Regional Airport,샌앤젤로 지역공항,SJT,KSJT,북아메리카,United States of America,미국,San Angelo,샌앤젤로
San Antonio De Los Banos Airport,샌안토니오 데 로스바뇨스 공항,n/a,MUSA,카리브해,Cuba,쿠바,San Antonio de los Banos,산안토니오 데 로스 바뇨스
San Antonio del Tachira Airport,후안 비센테 고메스 국제공항,SVZ,SVSA,라틴아메리카,Venezuela,베네수엘라,San Antonio del Tachira,산안토니오델타치라
San Antonio International Airport,샌 안토니오 국제공항,SAT,KSAT,북아메리카,United States of America,미국,San Antonio,샌안토니오
San Bernardino International Airport,샌버나디노 국제공항,SBD,KSBD,북아메리카,United States of America,미국,San Bernardino,샌버나디노
San Bernardo de Mompox Airport,산 베르나르도 데 몸폭스 공항,SKMP,MMP,라틴아메리카,Colombia,콜롬비아,San Bernardo de Mompox,몸폭스
San Borja Capitan G Q Guardia Airport,게르만 키로가 과르디아 공항,SRJ,n/a,라틴아메리카,Bolivia,볼리비아,San Borja,산보르하
San Carlos de Bariloche Airport,산 카를로스 데 바릴로체 공항,BRC,SAZS,라틴아메리카,Argentina,아르헨티나,San Carlos de Bariloche,바릴로체
San Carlos(Nicaragua) Airport,산 카를로스(니카라과) 공항,NCR,n/a,라틴아메리카,Nicaragua,니카라과,San Carlos,산카를로스
San Carlos(Venezuela) Airport,산 카를로스(베네수엘라) 공항,n/a,SVCJ,라틴아메리카,Venezuela,베네수엘라,San Carlos,산카를로스
San Cristobal Airport,산 크리스토발 공항,SCY,SEST,라틴아메리카,Ecuador,에콰도르,San Cristobal Island,산크리스토발섬
San Cristobal Paramillo Airport,파라미요 공항,SCI,SVPM,라틴아메리카,Venezuela,베네수엘라,San Cristobal,산크리스토발
San Diego International Airport,샌디에이고 국제공항,SAN,KSAN,북아메리카,United States of America,미국,San Diego,샌디에이고
San Diego McClellan-Palomar Airport,매클렐런 팔로마 공항,CLD,KCRQ,북아메리카,United States of America,미국,Carlsbad,칼즈배드
San Felix Macagua Airport,마카과 공항,SFX,n/a,라틴아메리카,Venezuela,베네수엘라,San Felix,산펠릭스
San Fernando de Apure Las Flecheras Airport,라스 플레체라스 공항,SFD,SVSR,라틴아메리카,Venezuela,베네수엘라,San Fernando,산페르난도
San Fernando(Argentina) Airport ,산 페르난도(아르헨티나) 공항,FDO,SADF,라틴아메리카,Argentina,아르헨티나,San Fernando,산페르난도
San Fernando(Philippines) Airport ,산 페르난도(필리핀) 공항,SFE,RPUS,아시아태평양,Philippines,필리핀,San Fernando,산페르난도
San Francisco International Airport,샌프란시스코 국제공항,SFO,KSFO,북아메리카,United States of America,미국,San Francisco,샌프란시스코
San Gil Los Pozos Airport,산길 로스 포소스 공항,n/a,SKSG,라틴아메리카,Colombia,콜롬비아,San Gil,산길
San Ignacio de Velasco Airport,카피탄 애비뉴 후안 코차마니디스 공항,SNG,SLSI,라틴아메리카,Bolivia,볼리비아,San Ignacio,산이그나시오
San Ignacio Matthew Spain Airport,산 이그나시오 타운 활주로,CYD,n/a,라틴아메리카,Belize,벨리즈,SanIgnacio,산이그나시오
San Isidro de El General Airport,산 이시드로 데 엘 제네랄 공항,IPZ,n/a,라틴아메리카,Costa Rica,코스타리카,San Isidro de El General,산이시드로
San Jose de Chiquitos Airport,산호세 데 치키토스 공항,SJS,SLJE,라틴아메리카,Bolivia,볼리비아,San Jose de Chiquitos,산호세 데 치키토스
San Jose Del Gua Airport,호르헤 엔리케 곤잘레스 토레스 공항,SJE,SKSJ,라틴아메리카,Colombia,콜롬비아,San Jose del Guaviare,산호세델과비아레
San Jose Island Airport,산호세 공항,SIC,n/a,라틴아메리카,Panama,파나마,San Jose Island,산호세섬
San Jose Juan Santamaria International Airport,후안 산타마리아 국제공항,SJO,MROC,라틴아메리카,Costa Rica,코스타리카,San Jose,산호세
San Jose Los Cabos International Airport,관타나모 로스 카노스 공항,SJD,MMSD,라틴아메리카,Mexico,멕시코,Guantanamo,관타나모
San Jose Mindoro Airport,산호세 공항,SJI,RPUH,아시아태평양,Philippines,필리핀,San Jose,산호세
San Jose Mineta International Airport,산호세 국제공항,SJC,KSJC,북아메리카,United States of America,미국,San Jose,산호세
San Jose Tobias Bolanos International Airport,토비아스 볼라뇨스 국제공항,SYQ,MRPV,라틴아메리카,Costa Rica,코스타리카,San Jose,산호세
San Juan Airport,산후안 공항,UAQ,SANU,라틴아메리카,Argentina,아르헨티나,San Juan,산후안
San Juan Airport,산후안 공항,SJU,TJSJ,북아메리카,Puerto Rico,푸에르토리코,San Juan,산후안
San Juan de la Maguana Airport,산후안데라마구아나 공항,SJM,MDSJ,카리브해,Dominican Republic,도미니카공화국,San Juan de la Maguana,산후안데라마구아나
San Julian Airport,카피탄 호세 다니엘 바스케스 공항,ULA,SAWJ,라틴아메리카,Argentina,아르헨티나,San Julian,산훌리안
San Luis Airport,세자르 라울 오헤다 공항준장,LUQ,SAOU,라틴아메리카,Argentina,아르헨티나,San Luis,산루이스
San Luis Obispo County Regional Airport,산 루이스 오비스포 카운티 지역공항,SBP,KSBP,북아메리카,United States of America,미국,San Luis Obispo,산루이스오비스포
San Luis Potosi Airport,폰치아노 아리아가 국제공항,SLP,MMSP,라틴아메리카,Mexico,멕시코,San Luis Potosi,산루이스포토시
San Luis Valley Regional Airport,샌루이스밸리 공항,ALS,KALS,북아메리카,United States of America,미국,Alamosa,앨러모사
San Marcos Airport,산마르코스 공항,n/a,MGSM,라틴아메리카,Guatemala,과테말라,San Marcos,산마르코스
San Marcos Regional Airport,산마르코스 지역공항,n/a,KHYI,북아메리카,United States,미국,San Marcos,산마르코스
San Martin De Los Andes Chapelco Airport,아비아도르 카를로스 캄포스 에어포트,CPC,SAZY,라틴아메리카,Argentina,아르헨티나,San MartIn de los Andes,산마르틴데로스안데스
San Miguel de Allende Airport,산 미구엘 아옌데 공항,n/a,n/a,라틴아메리카,Mexico,멕시코,San Miguel de Allende,산미겔데아옌데
San Pedro Sula Airport,산페드로술라 공항,SAP,MHLM,라틴아메리카,Honduras,온두라스,San Pedro Sula,산페드로술라
San Pedro(Belize) Airport,산 페드로(벨리즈) 공항,SPR,n/a,라틴아메리카,Belize,벨리즈,San Pedro,산페드로
San Pedro(Cote d'Ivoire) Airport,산 페드로(코트디부아르) 공항,SPY,DISP,아프리카,Cote d'Ivoire,코트디부아르,San-Pedro,산페드로
San Pedro(Nicaragua) Airport,산 페드로(니카라과) 공항,BZA,MNBZ,라틴아메리카,Nicaragua,니카라과,Bonanza,보난자
San Rafael Airport,산 라파엘 공항,AFA,SAMR,라틴아메리카,Argentina,아르헨티나,San Rafael,산라파엘
San Salvador Cockburn Airport,산살바도르 공항,ZSA,MYSM,카리브해,Bahamas,바하마,San Salvador Island,산살바도르섬
San Salvador Ilopango Airport,산살바도르 일로팡고 공항,ILS,MSSS,라틴아메리카,El Salvador,엘살바드로,San Salvador,산살바도르
San Salvador Monsenor Oscar Arnulfo Romero International Airport,몬세뇨르 오스카르 아르눌포 로메로 국제공항,SAL,MSLP,라틴아메리카,El Salvador,엘살바드로,San Salvador,산살바도르
San Sebastian Airport,산 세바스티안 공항,EAS,LESO,유럽,Spain,스페인,San Sebastian,산세바스티안
San Vicente Airport,산 비센테 공항,SWL,RPSV,아시아태평양,Philippines,필리핀,San Vicente,산비센테
San Vicente del Caguan Airport,에두아르도 팔라 솔라노 공항,SVI,SKSV,라틴아메리카,Colombia,콜롬비아,San Vicente,산비센테
Sana'a International Airport,사나 국제공항,SAH,OYSN,중동,Yemen,예멘,Sanaa,사나
Sanana Emalamo Airport,사나나 공항,SQN,WAES,아시아태평양,Indonesia,인도네시아,Sanana Island,사나나섬
Sanandaj Airport,사난다즈 공항,SDG,OICS,중동,Iran,이란,Sanandaj,사난다지
Sand Island Henderson Field Airport,헨더슨 필드,MDY,n/a,아시아태평양,United States Minor Outlying Islands,미국령군소제도,Sand Island,샌드아일랜드
Sand Point Municipal Airport,샌드 포인트 공항,SDP,PASD,북아메리카,United States of America,미국,Sand Point,샌드포인트
Sandakan Airport,산다칸 공항,SDK,WBKS,아시아태평양,Malaysia,말레이시아,Sandakan,산다칸
Sandane Airport,산다네 공항,SDN,ENSD,유럽,Norway,노르웨이,Sandane,산다네
Sanday Airport,산데이 공항,NDY,EGES,유럽,United Kingdom,영국,Sanday,산데이
Sandnessjoen Stokka Airport,스토카 공항,SSJ,ENST,유럽,Norway,노르웨이,Sandnessjoen,산네셰엔
Sandspit Airport,샌드스핏 공항,YZP,CYZP,북아메리카,Canada,캐나다,Sandspit,샌드스핏
Sandy Lake Airport,샌디 레이크 공항,ZSJ,CZSJ,북아메리카,Canada,캐나다,Sandy Lake,샌디 레이크
Sandy River Airport,샌디 리버 공항,n/a,n/a,북아메리카,United States,미국,Sandy River ,샌디리버
Sanfebagar Airport,산페바가르 공항,FEB,VNSR,아시아태평양,Nepal,네팔,Sanfebagar,산페바가르
Sangapi Airport,상가피 공항,SGK,n/a,아시아태평양,Papua New Guinea,파푸아뉴기니,Sangapi,상가피
Sangar Airport,상가르 공항,n/a,UEMG,유럽,Russian Federation,러시아,Sangar,상가르
Sanggu Buntok Airport,상구 분톡 공항,NGG,WAGM,아시아태평양,Indonesia,인도네시아,Sanggu Buntok,상구 분톡
Sangia Nibandera Airport,산지아 니반데라 공항,KXB,WAWP,아시아태평양,Indonesia,인도네시아,Kolaka,콜라카
Sangley Point Air Base,생레이 포인트 공군기지,SGL,RPLS,아시아태평양,Philippines,필리핀,Manila,마닐라
Sanikiluaq Airport,사니킬루아크 공항,YSK,CYSK,북아메리카,Canada,캐나다,Sanikiluaq,사니킬루아크
Sanliurfa Guney Anadolu Projesi Airport,산리우르파 GAP 공항,GNY,LTCS,중동,Turkiye,터키,Sanliurfa,산리우르파
Sanming Shaxian Airport,싼밍 샤셴 공항,SQJ,ZSSM,아시아태평양,China,중국,Sanming,싼밍
Sansha Yongxing Airport,산사 용싱 공항,XYI,ZJYX,아시아태평양,China,중국,Sansha,산샤
Santa Ana Island Airport,산타아나 공항,NNB,AGGT,아시아태평양,Solomon Islands,솔로몬 제도,Santa Ana Island,산타아나섬
Santa Barbara Airport,산타바바라 공항,SBA,KSBA,북아메리카,United States of America,미국,Santa Barbara,산타바버라
Santa Clara Abel Santamaria Airport,아벨 산타마리아 공항,SNU,MUSC,카리브해,Cuba,쿠바,Santa Clara,산타클라라
Santa Cruz de La Palma Airport,라 팔마 공항,SPC,GCLA,유럽,Spain,스페인,La Palma,라팔마
Santa Cruz Do Sul Airport,산타크루스두술 공항,CSU,SSSC,라틴아메리카,Brazil,브라질,Santa Cruz do Sul,산타크루스두술
Santa Cruz El Trompillo Airport,엘 트롬필로 공항,SRZ,SLET,라틴아메리카,Bolivia,볼리비아,Santa Cruz,산타크루스
Santa Cruz Island Airport,산타크루즈/그라시오사 베이/루오바 공항,SCZ,AGGL,아시아태평양,Solomon Islands,솔로몬 제도,Santa Cruz Islands,산타크루즈 제도
Santa Cruz Viru Viru International Airport,비루비루 국제공항,VVI,SLVR,라틴아메리카,Bolivia,볼리비아,Santa Cruz,산타크루즈
Santa Elena Airport,산타 엘레나 데 우아이렌 공항,SNV,n/a,라틴아메리카,Venezuela,베네수엘라,Santa Elena de Uairen,산타 엘레나 데 우아이렌
Santa Fe Regional Airport,산타페 공항,SAF,KSAF,북아메리카,United States of America,미국,Santa Fe,산타페
Santa Fe Sauce Viejo Airport,사우세 비에호 공항,SFN,SAAV,라틴아메리카,Argentina,아르헨티나,SantaFe,산타페
Santa Isabel do Rio Negro Tapuruquara Airport,타푸루콰라 공항,IRZ,SWTP,라틴아메리카,Brazil,브라질,Santa Isabel do Rio Negro,산타이자벨두리우네그루
Santa Maria Public Airport,산타 마리아 퍼블릭 공항,SMX,KSMX,북아메리카,United States of America,미국,Santa Maria,산타 마리아
Santa Maria(Azores) Airport,산타 마리아(아조레스) 공항,SMA,LPAZ,유럽,Portugal,포르투갈,Santa Maria,산타 마리아
Santa Maria(Brazil) Airport ,산타 마리아(브라질) 공항,RIA,SBSM,라틴아메리카,Brazil,브라질,Santa Maria,산타 마리아
Santa Marta Simon Bolivar International Airport,시몬 볼리바르 국제공항,SMR,SKSM,라틴아메리카,Colombia,콜롬비아,Santa Marta,산타마르타
Santa Monica Municipal Airport,산타모니카 시립 공항,SMO,KSMO,북아메리카,United States of America,미국,Santa Monica,산타모니카
Santa Rosa Regional Airport,산타 로사 국제공항,ETR,SERO,라틴아메리카,Ecuador,에콰도르,Santa Rosa,산타로사
Santa Rosa(Argentina) Airport,산타 로사(아르헨티나) 공항,RSA,SAZR,라틴아메리카,Argentina,아르헨티나,Santa Rosa,산타로사
Santa Rosa(Brazil) Airport ,산타로사(브라질) 공항,SRA,SSZR,라틴아메리카,Brazil,브라질,Santa Rosa,산타 로사
Santander Airport,산탄데르 공항,SDR,LEXJ,유럽,Spain,스페인,Santander,산탄데르
Santarem Maestro Wilson Fonseca Airport,산타렘 마에스트로 윌슨 폰세카 공항,STM,SBSN,라틴아메리카,Brazil,브라질,Santarem,산타렘
Santiago Cibao International Airport,시바오 국제공항,STI,MDST,카리브해,Dominican Republic,도미니카공화국,Santiago,산티아고
Santiago de Compostela Airport,산티아고 데 콤포스텔라 공항,SCQ,LEST,유럽,Spain,스페인,Santiago de Compostela,산티아고 데 콤포스텔라
Santiago de Cuba Antonio Maceo Airport,안토니오 마세오 국제공항,SCU,MUCU,카리브해,Cuba,쿠바,Santiago de Cuba,산티아고데쿠바
Santiago Del Estero Airport,비스코모도로 앙헬 데 라 파스 아라고네스 공항,SDE,SANE,라틴아메리카,Argentina,아르헨티나,Santiago del Estero,산티아고델에스테로
Santiago International Airport,아르투로 메리노 베니테스 국제공항,SCL,SCEL,라틴아메리카,Chile,칠레,Santiago,산티아고
Santo Angelo Sepe Tiaraju Airport,세페 티아라주 공항,GEL,SBNM,라틴아메리카,Brazil,브라질,Santo angelo,산투앙젤루
Santo Domingo Las Americas International Airport,라스 아메리카스 국제공항,SDQ,MDSD,카리브해,Dominican Republic,도미니카공화국,Santo Domingo,산토도밍고
Santo Domingo Mayo Guerrero Airport,시장 부에나벤투라 비바스 공항,STD,SVSO,라틴아메리카,Venezuela,베네수엘라,Santo Domingo,산토도밍고
Sanya Phoenix International Airport,싼야 봉황국제공항,SYX,ZJSY,아시아태평양,China,중국,Sanya,싼야
Sao Borja Airport,상 보르하 공항,JBS,SSSB,라틴아메리카,Brazil,브라질,Sao Borja,상보르하
Sao Carlos Mario Pereira Lopes State Airport,마리오 페레이라 로페스 공항,QSC,SDSC,라틴아메리카,Brazil,브라질,Sao Carlos,상카를루스
Sao Felix do Araguaia Airport,상펠릭스 두 아라과이아 공항,SXO,n/a,라틴아메리카,Brazil,브라질,Sao Felix do Araguaia,상펠릭스 두 아라과이아
Sao Filipe Airport,상 필리페 공항,SFL,GVSF,아프리카,Cabo Verde,카보베르데,Sao Filipe,상필리페
Sao Gabriel da Cachoeira Airport,상 가브리엘 다 카초에이라 공항,SJL,SBUA,라틴아메리카,Brazil,브라질,Sao Gabriel da Cachoeira,상가브리엘 다 카초에이라
Sao Joao Del Rei Airport,프레페이토 옥타비오 데 알메이다 네베스 공항,JDR,n/a,라틴아메리카,Brazil,브라질,Sao Joao del Rei,상조앙델레이
Sao Jorge Island Airport,상 조르즈 공항,SJZ,LPSJ,유럽,Portugal,포르투갈,Sao Jorge Island,상조르즈섬
Sao Jose Do Rio Preto Airport,에리벨토 마노엘 레이노 주립 공항교수,SJP,SBSR,라틴아메리카,Brazil,브라질,Sao Jose do Rio Preto,상조제두리우프레투
Sao Jose dos Campos Airport,우르바노 에르네스토 스텀프 공항교수,SJK,SBSJ,라틴아메리카,Brazil,브라질,Sao Jose dos Campos,상조제두스캄푸스
Sao Luis Marechal Cunha Machado Airport,마레찰 쿠냐 마차도 국제공항,SLZ,SBSL,라틴아메리카,Brazil,브라질,Sao LuIs,상루이스
Sao Nicolau Preguica Airport,프레기사 공항,SNE,GVSN,아프리카,Cabo Verde,카보베르데,Sao Nicolau,상니콜라우
Sao Paulo Campo de Marte Airport,상파울루 캄포 데 마르테 공항,RTE,SBMT,라틴아메리카,Brazil,브라질,Sao Paulo,상파울루
Sao Paulo Catarina Executive Airport,상파울루 카타리나 이그제큐티브 공항,JHF,SBJH,라틴아메리카,Brazil,브라질,Sao Paulo,상파울루
Sao Paulo Congonhas Airport,상파울루 콩고냐스 공항,CGH,SBSP,라틴아메리카,Brazil,브라질,Sao Paulo,상파울루
Sao Paulo de Olivenca Airport,세나도라 유니스 미킬레스 공항,OLC,SDCG,라틴아메리카,Brazil,브라질,Sao Paulo de Olivenca,상파울루 데 올리벤사
Sao Pedro Cesaria Evora Airport,체사리아 에보라 공항,VXE,GVSV,아프리카,Cabo Verde,카보베르데,Sao Vicente,상비센트
Sao Tome International Airport,상투메 국제공항,TMS,FPST,아프리카,Sao Tome and Principe,상투메프린시페,Sao Tome,상투메
Sapporo Chitose Airport,신치토세 공항,CTS,RJCC,아시아태평양,Japan,일본,Sapporo,삿포로
Sapporo Okadama Airport,오카다마 공항,OKD,RJCO,아시아태평양,Japan,일본,Sapporo,삿포로
Saqqaq Heliport,사카크 헬리포트,QUP,BGSQ,유럽,Greenland,그린란드,Saqqaq,사카크
Sara Airport,사라 공항,SSR,NVSH,아시아태평양,Vanuatu,바누아투,Sara,사라
Sarajevo Butmir International Airport,사라예보 국제공항,SJJ,LQSA,유럽,Bosnia and Herzegovina,보스니아 헤르체고비나,Sarajevo,사라예보
Saranac Lake Adirondack Regional Airport,애디론댁 공항,SLK,KSLK,북아메리카,United States of America,미국,Saranac Lake,새러낵레이크
Saransk Airport,사란스크 공항,SKX,UWPS,유럽,Russian Federation,러시아,Saransk,사란스크
Sarasota Bradenton International Airport,새러소타 브레이든턴 국제공항,SRQ,KSRQ,북아메리카,United States of America,미국,Sarasota,새러소타
Saratov Gagarin International Airport,사라토프 가가린 공항,GSV,UWSG,유럽,Russian Federation,러시아,Saratov,사라토프
Saravan Airport,사라반 공항,n/a,OIZS,중동,Iran,이란,Saravan,사라반
Saravena Airport,로스 콜로니자도레스 공항,RVE,SKSA,라틴아메리카,Colombia,콜롬비아,Saravena,사라베나
Sarh Airport,사르 공항,SRH,FTTA,아프리카,Chad,차드,Sarh,사르
Sari Dashte Naz Airport,다쉿 나즈 공항,SRY,OINZ,중동,Iran,이란,Sari,사리
Sarnia Chris Hadfield Airport,사니아 크리스 해드필드 공항,YZR,n/a,북아메리카,Canada,캐나다,Sarnia,사니아
Saskatoon International Airport,새스커툰 국제공항,YXE,CYXE,북아메리카,Canada,캐나다,Saskatoon,새스커툰
Saskylakh Airport,사스카라크 공항,SYS,n/a,유럽,Russian Federation,러시아,Saskylakh,사스킬라흐
Satna Airport,사트나 공항,TNI,VEST,아시아태평양,India,인도,Satna,사트나
Satu Mare Airport,사투마레 국제공항,SUJ,LRSM,유럽,Romania,루마니아,Satu Mare,사투마레
Saudarkrokur Airport,스카가비요뒤르 공항,SAK,BIKR,유럽,Iceland,아이슬란드,Saudarkrokur,사우다르크로쿠르
Sault Ste. Marie Airport,수세인트마리 공항,YAM,CYAM,북아메리카,Canada,캐나다,Sault Ste. Marie,수세인트마리
Saumlaki Airport,사움라키 공항,SXK,WAPS,아시아태평양,Indonesia,인도네시아,Saumlaki,사움라키
Saurimo Airport,사우리모 공항,VHC,FNSA,아프리카,Angola,앙골라,Saurimo,사우리무
Savannah Hunter Army Airfield,헌터 육군 비행장,SVN,n/a,북아메리카,United States of America,미국,Savannah,사바나
Savannah/Hilton Head International Airport,사바나/힐튼헤드 국제공항,SAV,KSAV,북아메리카,United States of America,미국,Savannah,사바나
Savannakhet Airport,사바나케트 공항,ZVK,VLSK,아시아태평양,Laos,라오스,Savannakhet,사반나케트
Savissivik Heliport,사비시빅 헬리포트,SVR,BGSV,유럽,Greenland,그린란드,Savissivik,사비시빅
Savonlinna Airport,사본린나 공항,SVL,EFSA,유럽,Finland,핀란드,Savonlinna,사본린나
Savoonga Airport,사봉가 공항,SVA,PASA,북아메리카,United States of America,미국,Savoonga,사붕가
Savusavu Airport,사부사부 공항,SVU,NFNS,아시아태평양,Fiji,피지,Savusavu,사부사부
Sawan Airport,사완공항,RZS,n/a,아시아태평양,Pakistan,파키스탄,Sawan,사완
Scammon Bay Sea Plane Base,스캐먼 베이 수상비행장,SCM,PACM,북아메리카,United States of America,미국,Scammon Bay,스캐먼베이
Schefferville Airport,셰퍼빌 공항,YKL,CYKL,북아메리카,Canada,캐나다,Schefferville,셰퍼빌
Schwerin Parchim Airport,슈베린 파르침 국제공항,SZW,EDOP,유럽,Germany,독일,Schwerin,슈베린
Scottsbluff Western Nebraska Regional Airport,웨스턴 네브래스카 리저널 공항,BFF,KBFF,북아메리카,United States of America,미국,Scottsbluff,스코츠블러프
Scottsdale Airport,스코츠데일 공항,SCF,KSDL,북아메리카,United States of America,미국,Scottsdale,스코츠데일
Seal Bay Airport,씰 베이 수상비행기 기지,SYB,n/a,북아메리카,United States of America,미국,Seal Bay,씰베이
Seattle King County International Airport,킹 카운티 국제공항,BFI,KBFI,북아메리카,United States of America,미국,Seattle,시애틀
Seattle Lake Union SPB Airport,켄모어 에어 하버 수상 비행장,LKE,n/a,북아메리카,United States of America,미국,Seattle,시애틀
Seattle Paine Field International Airport,페인 필드 공항,PAE,KPAE,북아메리카,United States of America,미국,Everett,에버렛
Seattle-Tacoma International Airport,시애틀 타코마 국제공항,SEA,KSEA,북아메리카,United States of America,미국,Seattle,시애틀
Sebha Airport,사바 공항,SEB,HLLS,아프리카,Libya,리비아,Sebha,세바
Sechelt Airport,세첼트 비행장,YHS,n/a,북아메리카,Canada,캐나다,Sechelt,세첼트
Seghe Airport,세게 공항,EGM,AGGS,아시아태평양,Solomon Islands,솔로몬 제도,Seghe,세게
Seinajoki Ilmajoki Airport,세이나요키 공항,SJY,EFSI,유럽,Finland,핀란드,Seinajoki,세이나요키
Seiyun International Airport,사윤공항,GXF,OYSY,중동,Yemen,예멘,Sayun,사이윤
Selawik Airport,셀라윅 공항,WLK,PASK,북아메리카,United States of America,미국,Selawik,셀라윅
Selayar H. Aroeppala Airport,H 아로에팔라 공항,KSR,WAWH,아시아태평양,Indonesia,인도네시아,Aroeppala,아로에팔라
Seldovia Airport,셀도비아 공항,SOV,PASO,북아메리카,United States of America,미국,Seldovia,셀도비아
Selebi Phikwe Airport,셀레비 피크웨 공항,PKW,FBSP,아프리카,Botswana,보츠와나,Selebi-Phikwe,셀레비 피크웨
Semarang General Ahmad Yani Airport,아흐마드 야니 국제공항,SRG,WARS,아시아태평양,Indonesia,인도네시아,Semarang,세마랑
Semera Airport,세메라 공항,SZE,HASM,아프리카,Ethiopia,이디오피아,Semera,세메라
Semey Airport,세메이 공항,PLX,UASS,아시아태평양,Kazakhstan,카자흐스탄,Semey,세메이
Semnan Airport,셈난 시립공항,SNX,OIIS,중동,Iran,이란,Semnan,셈난
Sena Madureira Airport,세나 마두레이라 공항,ZMD,n/a,라틴아메리카,Brazil,브라질,Sena Madureira,세나 마두레이라
Sendai Airport,센다이 공항,SDJ,RJSS,아시아태평양,Japan,일본,Sendai,센다이
Seosan Air Base,서산 공군기지,n/a,RKTP,아시아태평양,South Korea,대한민국,Seosan,서산
Seoul Gimpo International Airport,김포국제공항,GMP,RKSS,아시아태평양,South Korea,대한민국,Seoul,서울
Seoul Incheon International Airport,인천국제공항,ICN,RKSI,아시아태평양,South Korea,대한민국,Seoul,서울
Sept-Iles Airport,셉트일 공항,YZV,CYZV,북아메리카,Canada,캐나다,Sept-Iles,셉트일
Seronera Airport,세로네라 활주로,SEU,HTSN,아프리카,Tanzania,탄자니아,Seronera,세로네라
Serra Talhada Santa Magalhaes Airport,세라 탈하다 산타 마갈랴에스 공항,SET,n/a,라틴아메리카,Brazil,브라질,Serra Talhada,세라 탈하다
Setif Airport,아인 아르나트 공항,QSF,DAAS,아프리카,Algeria,알제리,Setif,세티프
Severodonetsk Airport,세베로도네츠크 공항,n/a,UKCS,유럽,Ukraine,우크라이나,Severodonetsk,세베로도네츠크
Severo-Evensk Airport,세베로에벤스크 공항,SWV,n/a,유럽,Russian Federation,러시아,Evensk,에벤스크
Severo-Kurilsk Airport,세베로쿠릴스크 공항,n/a,n/a,유럽,Russian Federation,러시아,Severo-Kurilsk,세베로쿠릴스크
Seville Airport,세비야 공항,SVQ,LEZL,유럽,Spain,스페인,Sevilla,세비야
Seychelles International Airport,세이셸 국제공항,SEZ,FSIA,아프리카,Seychelles,세이셸,Mahe Island,마헤섬
Seymchan Airport,세임찬 공항,n/a,UHMU,유럽,Russian Federation,러시아,Seymchan,세임찬
Sfax Thyna Airport,스팍스 티나 국제공항,SFA,DTTX,아프리카,Tunisia,튀니지,Sfax,스팍스
Shache Yeerqiang Airport,샤체 공항,QSZ,ZWSC,아시아태평양,China,중국,Shache,샤처
Shageluk Airport,샤겔룩 공항,SHX,PAHX,북아메리카,United States of America,미국,Shageluk,샤겔룩
Shahre-Kord Airport,샤레코르드 공항,CQD,OIFS,중동,Iran,이란,Shahrekord,샤레코르드
Shahroud Airport,샤루드 공항,RUD,n/a,중동,Iran,이란,Shahrud,샤루드
Shakhrisabz Airport,샤흐리사브즈 공항,RBZ,n/a,아시아태평양,Uzbekistan,우즈베키스탄,Shakhrisabz,샤흐리사브즈
Shakhtersk Airport,샤흐티오르스크 공항,EKS,UHSK,유럽,Russian Federation,러시아,Shakhtyorsk,샤흐티오르스크
Shaktoolik Airport,샥툴릭 공항,SKK,n/a,북아메리카,United States of America,미국,Shaktoolik,샥툴릭
Shamattawa Airport,샤마타와 공항,ZTM,n/a,북아메리카,Canada,캐나다,Shamattawa,샤마타와
Shanghai Hongqiao International Airport,상하이 훙차오 국제공항,SHA,ZSSS,아시아태평양,China,중국,Shanghai,상하이
Shanghai Pudong International Airport,상하이 푸둥 국제공항,PVG,ZSPD,아시아태평양,China,중국,Shanghai,상하이
Shangrao Sanqingshan Airport,상라오 싼칭산 공항,SQD,ZSSR,아시아태평양,China,중국,Shangrao,상라오
Shannan Longzi Airport,산난 롱즈 공항,LGZ,ZUSH,아시아태평양,China,중국,Shannan,산난
Shannon Airport,섀넌 공항,SNN,EINN,유럽,Ireland,아일랜드,Shannon,섀넌
Shaoguan Danxia Airport,샤오관 구이터우 공항,HSC,n/a,아시아태평양,China,중국,Shaoguan,샤오관
Shaoyang Wugang Airport,샤오양 우강 공항,WGN,n/a,아시아태평양,China,중국,Shaoyang,샤오양
Sharjah Airport,샤르자 국제공항,SHJ,OMSJ,중동,United Arab Emirates,아랍에미레이트,Sharjah,샤르자
Sharm el-Sheikh International Airport,샤름 엘 셰이크 국제공항,SSH,HESH,아프리카,Egypt,이집트,Sharm el-Sheikh,샤름 엘 셰이크
Sharq Al-Owainat Airport,샤르크 알 오와이낫 공항,GSQ,HEOW,아프리카,Egypt,이집트,Sharq Al Owainat,샤르크 알 오와이낫
Sharurah Airport,샤루라 국내선 공항,SHW,OESH,중동,Saudi Arabia,사우디아라비아,Sharurah,샤루라
Sharypovo Airport,샤리포보 공항,n/a,UNKO,유럽,Russian Federation,러시아,Sharypovo,샤리포보
Shati-Gaduud Airport,바이도아 공항,BIB,n/a,아프리카,Somalia,소말리아,Baidoa,바이도아
Sheldon Point Sheldon Sea Plane Base,셸던 포인트 수상비행장,SXP,n/a,북아메리카,United States of America,미국,Nunam Iqua,누남이콰
Shell Mera Rio Amazonas Airport,쉘 메라 리오 아마조나스 공항,PTZ,SESM,라틴아메리카,Ecuador,에콰도르,Shell Mera,셸 메라
Shellharbour Airport,셸하버 공항,WOL,YSHL,아시아태평양,Australia,오스트레일리아,Wollongong,울런공
Shenandoah Valley Regional Airport,셰넌도어 밸리 공항,SHD,KSHD,북아메리카,United States of America,미국,Staunton-Waynesboro,스턴턴-웨인즈버러
Shennongjia Hongping Airport,선농자 홍핑 공항,HPG,ZHSN,아시아태평양,China,중국,Shennongjia,선농자
Shenyang Taoxian International Airport,선양 타오셴 국제공항,SHE,ZYTX,아시아태평양,China,중국,Shenyang,선양
Shenzhen Bao'an International Airport,선전 바오안 국제공항,SZX,ZGSZ,아시아태평양,China,중국,Shenzhen,선전
Sherbrooke Airport,셔브룩 공항,YSC,CYSC,북아메리카,Canada,캐나다,Sherbrooke,셔브룩
Sheridan County Airport,셰리든 카운티 공항,SHR,KSHR,북아메리카,United States of America,미국,Sheridan,셰리든
Shetland Islands Scatsta Airport,셰틀랜드 제도 스캣스타 공항,SCS,EGPM,유럽,United Kingdom,영국,Shetland Islands,셰틀랜드 제도
Shetland Islands Sumburgh Airport,섬버그 공항,LSI,EGPB,유럽,United Kingdom,영국,Shetland Islands,셰틀랜드 제도
Shetland Islands Tingwall Airport,팅월 공항,LWK,EGET,유럽,United Kingdom,영국,Lerwick,러윅
Shigatse Peace Airport,시가체 평화 공항,RKZ,ZURK,아시아태평양,China,중국,Shigatse,시가체
Shihezi Huayuan Airport,스허지 화위안 공항,SHF,ZWHZ,아시아태평양,China,중국,Shihezi,스허쯔
Shijiazhuang Zhengding International Airport,스자좡 정딩 국제공항,SJW,ZBSJ,아시아태평양,China,중국,Shijiazhuang,스자좡
Shillavo Airport,실라보 공항,HIL,n/a,아프리카,Ethiopia,이디오피아,Shilavo,실라보
Shillong Airport,실롱 공항,SHL,VEBI,아시아태평양,India,인도,Shillong,실롱
Shimla Airport,심라 공항,SLV,VISM,아시아태평양,India,인도,Shimla,심라
Shimojishima Airport,시모지시마 공항,SHI,RORS,아시아태평양,Japan,일본,Shimojishima,시모지시마
Shinyanga Airport,신양가공항,SHY,HTSY,아프리카,Tanzania,탄자니아,Shinyanga,신양가
Shirahama Airport,난키 시라하마 공항,SHM,RJBD,아시아태평양,Japan,일본,Shirahama,시라하마
Shiraz Airport,시라즈 국제공항,SYZ,OISS,중동,Iran,이란,Shiraz,시라즈
Shirdi Sri Saibaba International Airport,쉬르디 공항,SAG,VASD,아시아태평양,India,인도,Shirdi,쉬르디
Shire Inda Selassie Airport,샤이어 공항,SHC,n/a,아프리카,Ethiopia,이디오피아,IndaSelassie,인다셀라시에
Shishmaref Airport,시슈마레프 공항,SHH,PASH,북아메리카,United States of America,미국,Shishmaref,시슈마레프
Shivamogga Airport,시바마가 공항,RQY,VOSH,아시아태평양,India,인도,Shivamogga,시바모가
Shiyan Wudangshan Airport,스옌 우당산 공항,WDS,ZHSY,아시아태평양,China,중국,Shiyan,스옌
Shonai Airport,쇼나이 공항,SYO,RJSY,아시아태평양,Japan,일본,Shonai,쇼나이
Show Low Regional Airport,로우 지역 공항표시,SOW,KSOW,북아메리카,United States of America,미국,Show Low,쇼로우
Shravasti Airport,슈레바스티 공항,VSV,VISV,아시아태평양,India,인도,Shravasti,슈라바스티
Shreveport Barksdale AFB Airport,바크스데일 공군기지,BAD,n/a,북아메리카,United States of America,미국,Bossier City,보저시티
Shreveport Regional Airport,슈리브포트 공항,SHV,KSHV,북아메리카,United States of America,미국,Shreveport,슈리브포트
Shungnak Airport,슝낙 공항,SHG,PAGH,북아메리카,United States of America,미국,Shungnak,슝낙
Shuozhou Zirun Airport,슈저우 즈룬 공항,SZH,ZBSG,아시아태평양,China,중국,Shuozhou,숴저우
Shushenskoye Airport,슈셴스코에 공항,n/a,UNAU,유럽,Russian Federation,러시아,Shushenskoye,슈셴스코예
Shymkent Airport,쉼켄트 국제공항,CIT,UAII,아시아태평양,Kazakhstan,카자흐스탄,Shymkent,쉼켄트
Sialkot International Airport,시알코트 국제공항,SKT,OPST,아시아태평양,Pakistan,파키스탄,Sialkot,시알코트
Siauliai International Airport,샤울라이 국제공항,SQQ,EYSA,유럽,Lithuania,리투아니아,Siauliai,샤울라이
Sibiti Airport,시비티 공항,SIB,FCBS,아프리카,Republic of the Congo,콩고,Sibiti,시비티
Sibiu Airport,시비우 국제공항,SBZ,LRSB,유럽,Romania,루마니아,Sibiu,시비우
Sibolga Ferdinand Lumban Tobing Airport,페르디난드 룸반 토빙 공항,FLZ,WIMS,아시아태평양,Indonesia,인도네시아,Sibolga,시볼가
Siborong-Borong Raja Sisingamangaraja XII International Airport,실랑깃 공항,DTB,WIMN,아시아태평양,Indonesia,인도네시아,Siborong-Borong,시보롱보롱
Sibu Airport,시부 공항,SBW,WBGS,아시아태평양,Malaysia,말레이시아,Sibu,시부
Sicogon Island Airport,시코곤 공항,ICO,n/a,아시아태평양,Philippines,필리핀,Sicogon,시코곤
Siddharthanagar Gautam Buddha Airport,고탐 부다 공항,BWA,VNBW,아시아태평양,Nepal,네팔,Siddharthanagar,싯다르타나가르
Sidi Bel Abbes Airport,시디벨아베스 공항,BFW,DAOS,아프리카,Algeria,알제리,Sidi Bel Abbes,시디벨아베스
Sidney City Airport,시드니 뮤니시펄 공항,SNY,KSNY,북아메리카,United States of America,미국,Sidney,시드니
Sidney Richland Municipal Airport,시드니 리치랜드 공항,SDY,KSDY,북아메리카,United States of America,미국,Sidney,시드니
Siegen Siegerland Airport,시거랜드 공항,SGE,EDGS,유럽,Germany,독일,Siegen,지겐
Siem Reap-Angkor International Airport,씨엠립 공항국제공항,SAI,VDSA,아시아태평양,Cambodia,캄보디아,Siem Reap,씨엠립
Sigiriya Airport,시기리야 공항,GIU,VCCS,아시아태평양,Sri Lanka,스리랑카,Sigiriya,시기리야
Sihanoukville Airport,시아누크빌 국제공항,KOS,VDSV,아시아태평양,Cambodia,캄보디아,Sihanoukville,시아누크빌
Siirt Airport,시이르트 공항,SXZ,LTCL,중동,Turkiye,터키,Siirt,시이르트
Sikhuphe King Mswati III International Airport,킹 음스와티 3세 국제공항,SHO,FDSK,아프리카,Eswatini,에스와티니,Manzini,만지니
Sikorsky Memorial Airport,시코르스키 메모리얼 공항,BDR,KBDR,북아메리카,United States of America,미국,Bridgeport,브리지포트
Silchar Kumbhirgram Airport,실차르 공항,IXS,VEKU,아시아태평양,India,인도,Silchar,실차르
Silver City Grant County Airport,그랜트 카운티 공항,SVC,KSVC,북아메리카,United States of America,미국,Silver,실버시티
Silver Creek Airport,실버 크릭 공항,SVK,n/a,라틴아메리카,Belize,벨리즈,Belize City,벨리즈시티
Simara Airport,시마라 공항,SIF,VNSI,아시아태평양,Nepal,네팔,Simara,시마라
Simferopol International Airport,심페로폴 국제공항,SIP,UKFF,유럽,Ukraine,우크라이나,Simferopol,심페로폴
Simikot Airport,시미콧 공항,IMK,VNST,아시아태평양,Nepal,네팔,Simikot,시미콧
Sindal Airport,신달 공항,CNL,EKSN,유럽,Denmark,덴마크,Sindal,신달
Sindhudurg Airport,신두르그 공항,SDW,VOSR,아시아태평양,India,인도,Sindhudurg,신두두르그
Singapore Changi Airport,싱가포르 창이 공항,SIN,WSSS,아시아태평양,Singapore,싱가포르,Singapore,싱가포르
Singapore Seletar Airport,셀레타르 공항,XSP,WSSL,아시아태평양,Singapore,싱가포르,Singapore,싱가포르
Singkawang Airport,싱카왕 공항,SKJ,n/a,아시아태평양,Indonesia,인도네시아,Singkawang,싱카왕
Sinop Airport,시놉 공항,NOP,LTCM,중동,Turkiye,터키,Sinop,시놉
Sinop Presidente Joao Figueiredo Airport,프레지덴테 주앙 피게이레도 공항,OPS,SWSI,라틴아메리카,Brazil,브라질,Sinop,시놉
Sint Maarten Princess Juliana International Airport,프린세스 줄리아나 국제공항,SXM,TNCM,카리브해,Sint Maarten,네덜란드령 세인터마틴,Sint Maarten,세인트마틴
Sintang Tebelian Airport,테벨리안 공항,SQG,WIOS,아시아태평양,Indonesia,인도네시아,Sintang,신탕
Sion Airport,시온 공항,SIR,LSGS,유럽,Switzerland,스위스,Sion,시옹
Siorapaluk Heliport,시오라팔루크 헬리포트,SRK,BGSI,유럽,Greenland,그린란드,Siorapaluk,시오라팔루크
Sioux County Regional Airport,수 카운티 지역 공항,n/a,KSXK,북아메리카,United States of America,미국,Sioux,수
Sioux Falls Regional Airport,수폴스 지역공항,FSD,KFSD,북아메리카,United States of America,미국,Sioux Falls,수폴스
Sioux Gateway Airport,수 게이트웨이 공항,SUX,KSUX,북아메리카,United States of America,미국,Sioux,수
Sioux Lookout Airport,수 룩아웃 공항,YXL,CYXL,북아메리카,Canada,캐나다,Sioux Lookout,수 룩아웃
Sipora Rokot Airport,시포라 로코트 공항,RKI,WIEB,아시아태평양,Indonesia,인도네시아,Sipora,시포라
Siquijor Airport,시키호르 공항,QUJ,RPVZ,아시아태평양,Philippines,필리핀,Siquijor,시키호르
Sir Abubakar Tafawa Balewa International Airport,바우치 주립 공항,BCU,DNBC,아프리카,Nigeria,나이지리아,Bauchi,바우치
Sir Bani Yas Island Airport,시르 바니야스 공항,XSB,OMBY,중동,United Arab Emirates,아랍에미레이트,Sir Bani Yas,시르바니야스
Sirjan Airport,시르잔 공항,SYJ,OIKY,중동,Iran,이란,Sirjan,시르잔
Sirnak Airport,시르낙 공항,NKT,LTCV,중동,Turkiye,터키,Sirnak,시르낙
Sirri Island Airport,시리 아일랜드 공항,SXI,OIBS,중동,Iran,이란,Sirri Island,시리 아일랜드
Sirsa Airport,시르사 공항,n/a,VISA,아시아태평양,India,인도,Sirsa,시르사
Sirte Airport,가르다비아 공항,SRX,HLGD,아프리카,Libya,리비아,Sirte,시르테
Sishen Airport,시셴 공항,SIS,FASS,아프리카,South Africa,남아프리카,Sishen,시셴
Sisimiut Airport,시시미우트 공항,JHS,BGSS,유럽,Greenland,그린란드,Sisimiut,시시미우트
Siteia Airport,시티아 공항,JSH,LGST,유럽,Greece,그리스,Sitia,시티아
Sitka Rocky Gutierrez Airport,싯카 록키 구티에레스 공항,SIT,PASI,북아메리카,United States of America,미국,Sitka,싯카
Sittwe Civil Airport,시트웨 공항,AKY,VYSW,아시아태평양,Myanmar,미얀마,Sittwe,시트웨
Siuna Airport,시우나 공항,SIU,n/a,라틴아메리카,Nicaragua,니카라과,Siuna,시우나
Sivas Airport,시바스 공항,VAS,LTAR,중동,Turkiye,터키,Sivas,시바스
Siverskij Airport,시베르스키 공항,n/a,ULLS,유럽,Russian Federation,러시아,Siverskij,시베르스키
Siwa Oasis North Airport,시와 오아시스 노스 에어포트,SEW,n/a,아프리카,Egypt,이집트,Siwa Oasis,시와오아시스
Skagway Municipal Airport,스캐그웨이 공항,SGY,PAGY,북아메리카,United States of America,미국,Skagway,스캐그웨이
Skardu Airport,스카르두 공항,KDU,OPSD,아시아태평양,Pakistan,파키스탄,Skardu,스카르두
Skelleftea Airport,스켈레프테오 공항,SFT,ESNS,유럽,Sweden,스웨덴,Skelleftea,스켈레프테오
Skiathos Alexandros Papadiamantis Airport,스키아토스 아일랜드 내셔널 공항,JSI,LGSK,유럽,Greece,그리스,Skiathos,스키아토스
Skien Airport,스키엔 공항,SKE,ENSN,유럽,Norway,노르웨이,Skien,스키엔
Skopje International Airport,"스코페 ""알렉산더 대왕"" 공항",SKP,LWSK,유럽,North Macedonia,북마케도니아,Skopje,스코페
Skovde Airport,훼브데 공항,KVB,n/a,유럽,Sweden,스웨덴,Skvde,셰브데
Skukuza Airport,스쿠쿠자 공항,SZK,FASZ,아프리카,South Africa,남아프리카,Skukuza,스쿠쿠자
Skyros Airport,스키로스 아일랜드 내셔널 공항,SKU,LGSY,유럽,Greece,그리스,Skyros,스키로스
Sleetmute Airport,슬리트무트 공항,SLQ,PASL,북아메리카,United States of America,미국,Sleetmute,슬리트뮤트
Sliac Airport,슬리악 공항,SLD,LZSL,유럽,Slovakia,슬로바키아,Sliac,슬리아치
Sligo Airport,슬라이고 공항,SXL,EISG,유럽,Ireland,아일랜드,Sligo,슬라이고
Slovenj Gradec Airport,슬로베니아 그라데츠 공항,n/a,LJSG,유럽,Slovenia,슬로베니아,Slovenj Gradec,슬로벤그라데츠
Smara Airport,스마라 공항,SMW,n/a,아프리카,Morocco,서사하라,Smara,스마라
Smith Reynolds Airport,스미스 레이놀즈 공항,INT,KINT,북아메리카,United States of America,미국,Winston-Salem,윈스턴세일럼
Smithers Regional Airport,스미더스 공항,YYD,CYYD,북아메리카,Canada,캐나다,Smithers,스미더스
Smyrna Airport,서머나 공항,MQY,KMQY,북아메리카,United States of America,미국,Smyrna,서머나
Snake Bay Airport,스네이크 베이 공항,SNB,YSNB,아시아태평양,Australia,오스트레일리아,Milikapiti,밀리카피티
Snare Lake Airport,베크웨티 공항,YFJ,n/a,북아메리카,Canada,캐나다,Wekweeti,베퀘티
Sobral Regional Airport,소브랄 지역 공항,JSO,n/a,라틴아메리카,Brazil,브라질,Sobral,소브랄
Sochi International Airport,소치 국제공항,AER,URSS,유럽,Russian Federation,러시아,Sochi,소치
Socotra Airport,소코트라 공항,SCT,OYSQ,중동,Yemen,예멘,Socotra,소코트라
Sogndal Haukasen Airport,송달 공항,SOG,ENSG,유럽,Norway,노르웨이,Sogndal,소그달
Sohag International Airport,서학국제공항,HMB,HESG,아프리카,Egypt,이집트,Sohag,소하그
Sohar Airport,소하르 공항,OHS,OOSH,중동,Oman,오만,Sohar,소하르
Sokoto Airport,사디크 아부바카르 III 국제공항,SKO,DNSO,아프리카,Nigeria,나이지리아,Sokoto,소코토
Sola Airport,바누아 라바 공항,SLH,NVSC,아시아태평양,Vanuatu,바누아투,Sola,솔라
Solapur Airport,솔라푸르 공항,SSE,n/a,아시아태평양,India,인도,Solapur,솔라푸르
Solent Airport,솔런트 공항,n/a,EGHF,유럽,United Kingdom,영국,Solent,솔렌트
Solo City Adi Sumarmo Airport,아디수마르모 국제공항,SOC,WARQ,아시아태평양,Indonesia,인도네시아,Surakarta,수라카르타
Solomon Airport,솔로몬 공항,SLJ,YSOL,아시아태평양,Australia,오스트레일리아,Solomon,솔로몬
Solovetsky Solovki Airport,솔로브키 공항,CSH,ULAS,유럽,Russian Federation,러시아,Solovetsky Islands,솔로베츠키 제도
Solwezi Airport,솔웨지 공항,SLI,FLSW,아프리카,Zambia,잠비아,Solwezi,솔웨지
Sonderborg Airport,쇠네르보르 공항,SGD,EKSB,유럽,Denmark,덴마크,Sonderborg,쇠네르보르
Songea Airport,송에아 공항,SGX,HTSO,아프리카,Tanzania,탄자니아,Songea,손게아
Songpan Jiuzhaigou Huanglong Airport,주자이 황룽 공항,JZH,ZUJZ,아시아태평양,China,중국,Jiuzhaigou,주자이거우
Songyuan Chaganhu Airport,쑹위안 차간후 공항,YSQ,n/a,아시아태평양,China,중국,Songyuan,쑹위안
Sorkjosen Airport,쇠르요센 공항,SOJ,ENSR,유럽,Norway,노르웨이,Sorkjosen,쇠르요센
Sorocaba Airport,베르트람 루이스 로이폴츠 소로카바 공항,SOD,SDCO,라틴아메리카,Brazil,브라질,Sorocaba,소로카바
Sorong Domine Eduard Osok Airport,도미니크 에드워드 오속 공항,SOQ,WASS,아시아태평양,Indonesia,인도네시아,Sorong,소롱
Sorowako Airport,소로아코 공항,SQR,WAWS,아시아태평양,Indonesia,인도네시아,Soroako,소로아코
Sorriso Airport,소리소 공항,SMT,SBSO,라틴아메리카,Brazil,브라질,Sorriso,소리소
South Andros Airport,사우스 안드로스 공항,TZN,n/a,카리브해,Bahamas,바하마,South Andros,사우스안드로스
South Bend International Airport,사우스 벤드 국제공항,SBN,KSBN,북아메리카,United States of America,미국,South Bend,사우스벤드
South Indian Lake Airport,사우스 인디언 레이크 공항,XSI,n/a,북아메리카,Canada,캐나다,South Indian Lake,사우스인디언레이크
South Naknek Airport,사우스 나크넥 공항,WSN,PFWS,북아메리카,United States of America,미국,South Naknek,사우스나크넥
South West Bay Airport,사우스 웨스트 베이 공항,SWJ,NVSX,아시아태평양,Vanuatu,바누아투,South West Bay,사우스웨스트베이
Southampton Airport,사우샘프턴 공항,SOU,EGHI,유럽,United Kingdom,영국,Southampton,사우샘프턴
Southern California Logistics Airport,서던 캘리포니아 로지스틱스 공항,VCV,KVCV,북아메리카,United States of America,미국,Victorville,빅터빌
Southern Pines Moore County Airport,무어 카운티 공항,SOP,KSOP,북아메리카,United States of America,미국,Southern Pines,서던파인스
Southern Wisconsin Regional Airport,서던 위스콘신 공항,JVL,KJVL,북아메리카,United States of America,미국,Janesville,제인즈빌
Southwest Georgia Regional Airport,사우스웨스트 조지아 지역 공항,ABY,KABY,북아메리카,United States of America,미국,Southwest Georgia,서남조지아
Southwest Oregon Regional Airport,사우스웨스트 오리건 공항,OTH,KOTH,북아메리카,United States of America,미국,North Bend,노스벤드
Sovetskaya Gavan May-Gatka Airport,소베츠카야 가반 공항,GVN,UHKG,유럽,Russian Federation,러시아,Sovetskaya Gavan,소베츠카야가반
Sovetsky Airport,소베츠키 공항,OVS,USHS,유럽,Russian Federation,러시아,Sovetsky,소베츠키
Soyo Airport,소요공항,SZA,FNSO,아프리카,Angola,앙골라,Soyo,소요
Space Coast Regional Airport,스페이스 코스트 지역 공항,TIX,KTIX,북아메리카,United States of America,미국,Space Coast,스페이스코스트
Spirit Of St Louis Airport,스피릿 오브 세인트루이스 공항,SUS,KSUS,북아메리카,United States of America,미국,St. Louis,세인트루이스
Split Saint Jerome Airport,스플리트 공항,SPU,LDSP,유럽,Croatia,크로아티아,Split,스플리트
Spokane Fairchild AFB Airport,페어차일드 공군기지,SKA,n/a,북아메리카,United States of America,미국,Spokane,스포캔
Spokane International Airport,스포캔 국제공항,GEG,KGEG,북아메리카,United States of America,미국,Spokane,스포캔
Spring Point Springpoint Airport,스프링 포인트 공항,AXP,MYAP,카리브해,Bahamas,바하마,Spring Point,스프링포인트
Springfield Westover Airport,웨스트오버 메트로폴리탄 공항,CEF,KCEF,북아메리카,United States of America,미국,Springfield,스프링필드
Springfield-Branson National Airport,스프링필드 브랜슨 내셔널 공항,SGF,KSGF,북아메리카,United States of America,미국,Springfield,스프링필드
Srednekolymsk Airport,스레드네콜림스크 공항,SEK,n/a,유럽,Russian Federation,러시아,Srednekolymsk,스레드네콜림스크
Srinagar Airport,셰이크 울 알람 국제공항,SXR,VISR,아시아태평양,India,인도,Srinagar,스리나가르
St Augustine Northeast Florida Regional Airport,노스이스트 플로리다 지역공항,UST,KSGJ,북아메리카,United States of America,미국,St. Augustine,세인트오거스틴
St Catherine International Airport,세인트 캐서린 국제공항,SKV,HESC,아프리카,Egypt,이집트,Saint Catherine,세인트 캐서린
St Clair County International Airport,세인트 클레어 카운티 국제공항,PHN,KPHN,북아메리카,United States of America,미국,Port Huron,포트 휴런
St Cloud Regional Airport,세인트 클라우드 공항,STC,KSTC,북아메리카,United States of America,미국,St. Cloud,세인트 클라우드
St Gallen-Altenrhein Airport,장크트갈렌 알텐라인 공항,ACH,LSZR,유럽,Switzerland,스위스,St Gallen-Altenrhein,장크트갈렌
St George Regional Airport,세인트 조지 공항,SGU,KSGU,북아메리카,United States of America,미국,St George,세인트 조지
St John's International Airport,세인트 존스 국제공항,YYT,CYYT,북아메리카,Canada,캐나다,St. Johns,세인트존스
St Louis Downtown Airport,세인트루이스 다운타운 공항,CPS,n/a,북아메리카,United States of America,미국,Cahokia,카호키아
St Louis Lambert International Airport,램버트 세인트루이스 국제공항,STL,KSTL,북아메리카,United States of America,미국,St. Louis,세인트루이스
St Louis MidAmerica Airport,미드아메리카 세인트루이스 공항,BLV,KBLV,북아메리카,United States of America,미국,Belleville,벨빌
St Peter-Ording Airport,장크트 페터 오르딩 공항,PSH,n/a,유럽,Germany,독일,Sankt Peter-Ording,장크트페터오르딩
Stagen Gusti Syamsir Alam Airport,구스티 샴시르 알람 공항,KBU,WAOK,아시아태평양,Indonesia,인도네시아,Kotabaru,코타바루
Staniel Cay Airport,스타니엘 케이 공항,TYM,MYES,카리브해,Bahamas,바하마,Staniel Cay,스타니엘케이
State College Pennsylvania University Park Airport,스테이트 칼리지 지역공항,SCE,KUNV,북아메리카,United States of America,미국,State College,스테이트칼리지
Stavanger Sola Airport,스타방에르 공항 솔라,SVG,ENZV,유럽,Norway,노르웨이,Stavanger,스타방에르
Stavropol Shpakovskoye Airport,스타브로폴 슈파콥스코예 공항,STW,URMT,유럽,Russian Federation,러시아,Stavropol,스타브로폴
Steamboat Springs Airport,스팀보트 스프링스 공항,SBS,KSBS,북아메리카,United States of America,미국,Steamboat Springs,스팀보트스프링스
Stebbins Airport,스테빈스 공항,WBB,n/a,북아메리카,United States of America,미국,Stebbins,스테빈스
Stella Maris Estate Airstrip,스텔라 마리스 공항,SML,MYLS,카리브해,Bahamas,바하마,Stella Maris,스텔라마리스
Stepanavan Airport,스테파나반 공항,n/a,UDLS,유럽,Armenia,아르메니아,Stepanavan,스테파나반
Stephenville Dymond International Airport,스테판빌 국제공항,YJT,CYJT,북아메리카,Canada,캐나다,Stephenville,스테픈빌
Stevens Village Airport,스티븐스 빌리지 공항,SVS,n/a,북아메리카,United States of America,미국,Stevens Village,스티븐스빌리지
Stillwater Regional Airport,스틸워터 공항,SWO,KSWO,북아메리카,United States of America,미국,Stillwater,스틸워터
Stinson Municipal Airport,스틴슨 공항,SSF,KSSF,북아메리카,United States of America,미국,San Antonio,샌안토니오
Stockholm Arlanda Airport,스톡홀름 알란다 공항,ARN,ESSA,유럽,Sweden,스웨덴,Stockholm,스톡홀름
Stockholm Bromma Airport,스톡홀름 브롬마 공항,BMA,ESSB,유럽,Sweden,스웨덴,Stockholm,스톡홀름
Stockholm Skavsta Airport,스톡홀름 스카브스타 공항,NYO,ESKN,유럽,Sweden,스웨덴,Skavsta,스카브스타
Stockholm Vasteras Airport,스톡홀름 베스테로스 공항,VST,ESOW,유럽,Sweden,스웨덴,Vasteras,베스테로스
Stockton Metropolitan Airport,스톡턴 메트로폴리탄 공항,SCK,KSCK,북아메리카,United States of America,미국,Stockton,스톡턴
Stokmarknes Skagen Airport,스톡마크네스 공항,SKN,ENSK,유럽,Norway,노르웨이,Stokmarknes,스톡마르크네스
Stony Rapids Airport,스토니래피즈 공항,YSF,CYSF,북아메리카,Canada,캐나다,Stony Rapids,스토니래피즈
Stony River Airport,스토니 리버 공항,SRV,n/a,북아메리카,United States of America,미국,Stony River,스토니리버
Stord Airport,스트로드 공항,SRP,ENSO,유럽,Norway,노르웨이,Stord,스토르
Stornoway Airport,스토노웨이 공항,SYY,EGPO,유럽,United Kingdom,영국,Stornoway,스토노웨이
Storuman Gunnarn Airport,스토루만 공항,SQO,ESUD,유럽,Sweden,스웨덴,Storuman,스토루만
Strahan Airport,스트라한 공항,SRN,YSRN,아시아태평양,Australia,오스트레일리아,Strahan,스트라한
Strasbourg Entzheim Airport,스트라스부르 공항,SXB,LFST,유럽,France,프랑스,Strasbourg,스트라스부르
Straubing Wallmuehle Airport,스트라우빙 발뮐레 공항,RBM,EDMS,유럽,Germany,독일,Straubing,스트라우빙
Strezhevoy Airport,스트레체보이 공항,SWT,UNSS,유럽,Russian Federation,러시아,Strezhevoy,스트레체보이
Stronsay Airport,스트론세이 공항,SOY,EGER,유럽,United Kingdom,영국,Stronsay,스트론세이
Stuart Island Airport,스튜어트 아일랜드 활주로,YRR,n/a,북아메리카,Canada,캐나다,Stuart Island,스튜어트아일랜드
Stupino Airport,스투피노 공항,n/a,UUBW,유럽,Russian Federation,러시아,Stupino,스투피노
Stuttgart Airport,슈투트가르트 공항,STR,EDDS,유럽,Germany,독일,Stuttgart,슈투트가르트
Stuttgart Municipal(US) Airport,슈투트가르트(미국) 공항,SGT,KSGT,북아메리카,United States of America,미국,Stuttgart,슈투트가르트
Suavanao Airstrip,수아바나오 공항,VAO,AGGV,아시아태평양,Solomon Islands,솔로몬 제도,Suavanao,수아바나오
Subang Airport,수방 공항,SZB,WMSA,아시아태평양,Malaysia,말레이시아,Kuala Lumpur,쿠알라룸푸르
Subic Bay International Airport,수빅 베이 국제공항,SFS,RPLB,아시아태평양,Philippines,필리핀,Subic Bay,수빅 베이
Suceava stefan cel Mare Airport,수체아바 국제공항,SCV,LRSV,유럽,Romania,루마니아,Suceava,수체아바
Sucre Alcantari Airport,알칸타리 공항,SRE,SLAL,라틴아메리카,Bolivia,볼리비아,Sucre,수크레
Sui Airport,수이공항,SUL,OPSU,아시아태평양,Pakistan,파키스탄,Sui,수이
Suifenhe Dongning Airport,수이펀허 동닝 공항,HSF,ZYSD,아시아태평양,China,중국,Suifenhe,수이펀허
Sukhothai Airport,수코타이 공항,THS,VTPO,아시아태평양,Thailand,태국,Sukhothai,수코타이
Sukhumi Babushara Airport,수쿠미 바부샤라 공항,SUI,n/a,유럽,Georgia,조지아,Sukhumi,수후미
Suki Airport,스키 공항,SKC,n/a,아시아태평양,Papua New Guinea,파푸아뉴기니,Suki,스키
Sukkur Airport,수쿠르 공항,SKZ,OPSK,아시아태평양,Pakistan,파키스탄,Sukkur,수쿠르
Sulaymaniyah International Airport,술라이마니야 국제공항,ISU,ORSU,중동,Iraq,이라크,Sulaymaniyah,술라이마니야
Sullivan Bay Airport,설리번 베이 수상 비행장,YTG,n/a,북아메리카,Canada,캐나다,Sullivan Bay,설리번 베이
Sulphur Springs Airport,설파 스프링스 공항,SLR,KSLR,북아메리카,United States of America,미국,Sulphur Springs,설파 스프링스
Sumarorong Mamasa Airport,수마로롱 마마사 공항,n/a,WAFJ,아시아태평양,Indonesia,인도네시아,Sumarorong,수마로롱
Sumbawa Besar Sultan Muhammad Kaharuddin Airport,술탄 무하마드 카하루딘 3세 공항,SWQ,WADS,아시아태평양,Indonesia,인도네시아,Sumbawa,숨바와
Sumbawanga Airport,숨바왕가 공항,SUT,HTSU,아프리카,Tanzania,탄자니아,Sumbawanga,숨바왕가
Sumenep Trunojoyo Airport,트루노조요 공항,SUP,WART,아시아태평양,Indonesia,인도네시아,Trunojoyo,수메넵
Summer Beaver Airport,서머 비버 공항,SUR,n/a,북아메리카,Canada,캐나다,Summer Beaver,서머 비버
Sumy Airport,수미 공항,UMY,UKHS,유럽,Ukraine,우크라이나,Sumy,수미
Sun Valley Friedman Memorial Airport,프리드먼 메모리얼 공항,SUN,KSUN,북아메리카,United States of America,미국,Hailey-Sun Valley,선밸리
Sunchales Airport,순찰레스 에어로클럽 공항,NCJ,n/a,라틴아메리카,Argentina,아르헨티나,Sunchales,순찰레스
Sundsvall Timra Airport,순스발 티므루 공항,SDL,ESNN,유럽,Sweden,스웨덴,Sundsvall-HArnsand,순스발-헤르뇌산드
Sunshine Coast Airport,선샤인 코스트 공항,MCY,YBSU,아시아태평양,Australia,오스트레일리아,Sunshine Coast,선샤인 코스트
Suntar Airport,순타르 공항,SUY,n/a,유럽,Russian Federation,러시아,Suntar,순타르
Sunyani Airport,쑤냐니 공항,NYI,DGSN,아프리카,Ghana,가나,Sunyani,쑤냐니
Surabaya Juanda Airport,주안다 국제공항,SUB,WARR,아시아태평양,Indonesia,인도네시아,Surabaya,수라바야
Surat Airport,수랏 공항,STV,VASU,아시아태평양,India,인도,Surat,수랏
Surat Thani Airport,수랏타니 공항,URT,VTSB,아시아태평양,Thailand,태국,Surat Thani,수랏타니
Surgut Airport,수르구트 국제공항,SGC,USRR,유럽,Russian Federation,러시아,Surgut,수르구트
Surigao Airport,수리가오 공항,SUG,RPMS,아시아태평양,Philippines,필리핀,Surigao,수리가오
Surkhet Airport,수르케트 공항,SKH,VNSK,아시아태평양,Nepal,네팔,Surkhet,수르케트
Suva Nausori International Airport,나우소리 국제공항,SUV,NFNA,아시아태평양,Fiji,피지,Suva,수바
Suwalki Airport,수발키 공항,n/a,EPSU,유럽,Poland,폴란드,Suwalki,수바우키
Sveg Airport,스베그 공항,EVG,ESND,유럽,Sweden,스웨덴,Sveg,스베그
Svetlaya Airport,스베틀라야 공항,ETL,UHTQ,유럽,Russian Federation,러시아,Svetl라야,스베틀라야
Svolvaer Helle Airport,스볼베르 공항,SVJ,ENSH,유럽,Norway,노르웨이,Svolvaer,스볼베르
Swan River Airport,스완 리버 공항,ZJN,CZJN,북아메리카,Canada,캐나다,Swan River,스완리버
Swansea Airport,스완지 공항,SWS,EGFH,유럽,United Kingdom,영국,Swansea,스완지
Sydney Bankstown Airport,뱅크스타운 공항,BWU,YSBK,아시아태평양,Australia,오스트레일리아,Bankstown,뱅크스타운
Sydney Camden Airport,캠든 공항,CDU,YSCN,아시아태평양,Australia,오스트레일리아,Camden,캠던
Sydney Kingsford Smith Airport,시드니 공항,SYD,YSSY,아시아태평양,Australia,오스트레일리아,Sydney,시드니
Syktyvkar Airport,식티브카르 공항,SCW,UUYY,유럽,Russian Federation,러시아,Syktyvkar,식티프카르
Sylhet Osmani International Airport,오스마니 국제공항,ZYL,VGSY,아시아태평양,Bangladesh,방글라데시,Sylhet,실헛
Syracuse Hancock International Airport,시러큐스 핸콕 국제공항,SYR,KSYR,북아메리카,United States of America,미국,Syracuse,시러큐스
Syros Island Dimitrios Vikelas Airport,시로스 아일랜드 내셔널 공항,JSY,LGSO,유럽,Greece,그리스,Syros,시로스
Syunik Airport,슈니크 공항,YUK,n/a,유럽,Armenia,아르메니아,Syunik,슈니크
Szczecin Goleniow Airport,연대 슈체친 골레니우프 공항,SZZ,EPSC,유럽,Poland,폴란드,Szczecin,슈체친
Taba International Airport,타바 국제공항,TCP,HETB,아프리카,Egypt,이집트,Taba,타바
Tabarka Ain Draham Airport,타바르카 아인 드라함 국제공항,TBJ,DTKA,아프리카,Tunisia,튀니지,Tabarka,타바르카
Tabas Airport,타바스 공항,TCX,OIMT,중동,Iran,이란,Tabas,타바스
Tabatinga Airport,타바팅가 국제공항,TBT,SBTT,라틴아메리카,Brazil,브라질,Tabatinga,타바팅가
Tabiteuea North Airport,타비테우에아 북공항,TBF,NGTE,아시아태평양,Kiribati,키리바시,Tabiteuea North,타비테우에아노스
Tabiteuea South Airport,타비테우에아 사우스 공항,TSU,NGTS,아시아태평양,Kiribati,키리바시,Tabiteuea South,타비테우에아사우스
Tabora Airport,타보라 공항,TBO,HTTB,아프리카,Tanzania,탄자니아,Tabora,타보라
Tabriz Airport,타브리즈 국제공항,TBZ,OITT,중동,Iran,이란,Tabriz,타브리즈
Tabubil Airport,타부빌 공항,TBG,AYTB,아시아태평양,Papua New Guinea,파푸아뉴기니,Tabubil,타부빌
Tabuk Airport,타부크 공항,TUU,OETB,중동,Saudi Arabia,사우디아라비아,Tabuk,타부크
Tacheng Airport,타청 공항,TCG,ZWTC,아시아태평양,China,중국,Tacheng,타청
Tachilek Airport,타칠렉 공항,THL,n/a,아시아태평양,Myanmar,미얀마,Tachilek,타칠레익
Tacloban Daniel Z Romualdez Airport,다니엘 Z. 로무알데스 공항,TAC,RPVA,아시아태평양,Philippines,필리핀,Tacloban,타클로반
Tacna Airport,코로넬 FAP 카를로스 시리아니 산타 로사 국제공항,TCQ,SPTN,라틴아메리카,Peru,페루,Tacna,타크나
Tacoma Gray Army Airport,회색 육군 비행장,GRF,n/a,북아메리카,United States of America,미국,Tacoma,타코마
Tacoma Narrows Airport,타코마 내로스 공항,TIW,KTIW,북아메리카,United States of America,미국,Tacoma,타코마
Tadoule Lake Airport,타둘레 레이크 공항,XTL,n/a,북아메리카,Canada,캐나다,Tadoule Lake,타둘레레이크
Taganrog Airport,타간로크 공항,TGK,n/a,유럽,Russian Federation,러시아,Taganrog,타간로크
Tahoua Airport,타후아 공항,THZ,DRRT,아프리카,Niger,니제르,Tahoua,타후아
Tahuna Naha Airport,나하 공항,NAH,WAMH,아시아태평양,Indonesia,인도네시아,Tahuna,타후나
Taichung International Airport,타이중 공항,RMQ,RCMQ,아시아태평양,Taiwan,대만,Taichung,타이중
Taif International Airport,타이프 공항,TIF,OETF,중동,Saudi Arabia,사우디아라비아,Taif,타이프
Tainan Airport,타이난 공항,TNN,RCNN,아시아태평양,Taiwan,대만,Tainan,타이난
Taipei Songshan Airport,타이베이 쑹산 공항,TSA,RCSS,아시아태평양,Taiwan,대만,Taipei,타이베이
Taisha Airport,타이샤 공항,TSC,SETH,라틴아메리카,Ecuador,에콰도르,Taisha,타이샤
Taitung Airport,타이동 공항,TTT,RCFN,아시아태평양,Taiwan,대만,Taitung,타이둥
Taiwan Taoyuan International Airport,타이완 타오위안 국제공항,TPE,RCTP,아시아태평양,Taiwan,대만,Taipei,타이베이
Taiyuan Wusu International Airport,타이위안 우수 국제공항,TYN,ZBYN,아시아태평양,China,중국,Taiyuan,타이위안
Taiz Al Janad Airport,타이즈 국제공항,TAI,n/a,중동,Yemen,예멘,Taiz,타이즈
Taizhou Luqiao Airport,타이저우 루차오 공항,HYN,ZSLQ,아시아태평양,China,중국,Taizhou,타이저우
Tak Airport,탁 공항,TKT,VTPT,아시아태평양,Thailand,태국,Tak,탁
Takaka Airport,다카카 비행장,KTF,NZTK,아시아태평양,New Zealand,뉴질랜드,Takaka,타카카
Takamatsu Airport,다카마쓰 공항,TAK,RJOT,아시아태평양,Japan,일본,Takamatsu,타카마쓰
Takapoto Airport,다카포토 공항,TKP,NTGT,아시아태평양,French Polynesia,프랑스령 폴리네시아,Takapoto,타카포토
Takaroa Airport,다카로아 공항,TKX,NTKR,아시아태평양,French Polynesia,프랑스령 폴리네시아,Takaroa,타카로아
Takengon Rembele Airport,렘벨레 공항,TXE,WITK,아시아태평양,Indonesia,인도네시아,Takengon,타켄공
Takoradi Airport,타코라디 공항,TKD,DGTK,아프리카,Ghana,가나,Takoradi,타코라디
Takotna Airport,타코트나 공항,TCT,n/a,북아메리카,United States of America,미국,Takotna,타코트나
Takume Airport,다쿠메 공항,TJN,NTKM,아시아태평양,French Polynesia,프랑스령 폴리네시아,Takume,타쿠메
Talakan Airport,탈라칸 공항,TLK,UECT,유럽,Russian Federation,러시아,Talakan,탈라칸
Talara Airport,카피탄 FAP 빅토르 몬테스 아리아스 국제공항,TYL,SPYL,라틴아메리카,Peru,페루,Talara,탈라라
Talas Airport,탈라스 공항,n/a,UAFT,아시아태평양,Kyrgyzstan,키르기스스탄,Talas,탈라스
Talca Airport,팡길레모 공항,TLX,n/a,라틴아메리카,Chile,칠레,Talca,탈카
Taldykorgan Airport,탈디코간 공항,TDK,UAAT,아시아태평양,Kazakhstan,카자흐스탄,Taldykorgan,탈디코르간
Tallahassee International Airport,탤러해시 국제공항,TLH,KTLH,북아메리카,United States of America,미국,Tallahassee,탤러해시
Tallinn Lennart Meri Airport,탈린 공항,TLL,EETN,유럽,Estonia,에스토니아,Tallinn,탈린
Taloyoak Airport,탈로요크 공항,YYH,CYYH,북아메리카,Canada,캐나다,Taloyoak,탈로요아크
Tamale Airport,타말레 공항,TML,DGLE,아프리카,Ghana,가나,Tamale,타말레
Tamana Airport,다마나 공항,TMN,NGTM,아시아태평양,Kiribati,키리바시,Tamana,타마나
Tamarindo Airport,타마린도 공항,TNO,MRTM,라틴아메리카,Costa Rica,코스타리카,Tamarindo,타마린도
Tambacounda Airport,탐바쿤다 공항,TUD,n/a,아프리카,Senegal,세네갈,Tambacounda,탐바쿤다
Tambelan Airport,탐벨란 공항,TBX,n/a,아시아태평양,Indonesia,인도네시아,Tambelan,탐벨란
Tambolaka Airport,레데 칼룸방 공항,TMC,WATK,아시아태평양,Indonesia,인도네시아,Tambolaka,탐볼라카
Tambor Airport,탐보르 공항,TMU,MRTR,라틴아메리카,Costa Rica,코스타리카,Tambor,탐보르
Tambov Donskoye Airport,탐보프 돈스코예 공항,TBW,UUOT,유럽,Russian Federation,러시아,Tambov,탐보프
Tambrauw Werur Airport,탐브라우 웨루르 공항,WRR,WAJY,아시아태평양,Indonesia,인도네시아,Tambrauw,탐브라우
Tamchy Issyk-Kul International Airport,이시크쿨 국제공항,IKU,UCFL,아시아태평양,Kyrgyzstan,키르기스스탄,Tamchy,탐치
Tame Airport,가브리엘 바르가스 산토스 공항,TME,SKTM,라틴아메리카,Colombia,콜롬비아,Tame,타메
Tamenghest Aguenar Airport,타만라세트 공항,TMR,DAAT,아프리카,Algeria,알제리,Tamanrasset,타만라세트
Tampa International Airport,탬파 국제공항,TPA,KTPA,북아메리카,United States of America,미국,Tampa,탬파
Tampa St Pete-Clearwater International Airport,세인트피트 클리어워터 국제공항,PIE,KPIE,북아메리카,United States of America,미국,St. Petersburg,세인트피터즈버그
Tampere-Pirkkala Airport,탐페레 피르칼라 공항,TMP,EFTP,유럽,Finland,핀란드,Tampere,탐페레
Tampico Gen F Javier Mina Airport,제너럴 프란시스코 하비에르 미나 국제공항,TAM,MMTM,라틴아메리카,Mexico,멕시코,Tampico,탐피코
Tamuin National Airport,타무인 공항,TSL,MMTN,라틴아메리카,Mexico,멕시코,Tamuin,타무인
Tamworth Airport,탬워스 공항,TMW,YSTW,아시아태평양,Australia,오스트레일리아,Tamworth,탐워스
Tana Toraja Airport,타나 토라자 공항,TRT,WAFB,아시아태평양,Indonesia,인도네시아,Tana,타나토라자
Tanahmerah,타나 메라 공항,TMH,WAKT,아시아태평양,Indonesia,인도네시아,Tanahmerah,타나메라
Tanana Ralph Calhoun Airport,랄프 M. 칼훈 메모리얼 공항,TAL,n/a,북아메리카,United States of America,미국,Tanana,태나나
Tandag Airport,탄다그 공항,TDG,RPWW,아시아태평양,Philippines,필리핀,Tandag,탄다그
Tanegashima Airport,신다네가시마 공항,TNE,RJFG,아시아태평양,Japan,일본,Tanegashima,다네가시마
Tanga Airport,탕가 공항,TGT,HTTG,아프리카,Tanzania,탄자니아,Tanga,탕가
Tangara da Serra Airport,탕가라 다 세라 공항,TGQ,SWTS,라틴아메리카,Brazil,브라질,Tangara,탕가라다세라
Tangerang Budiarto Airport,탕에랑 부디아르토 공항,RTO,WIRR,아시아태평양,Indonesia,인도네시아,Tangerang,탕에랑
Tangier Ibn Batouta Airport,탕헤르 이븐 바투타 공항,TNG,GMTT,아프리카,Morocco,모로코,Tangier,탕헤르
Tangshan Sannuhe Airport,탕산 산뉘허 공항,TVS,ZBTS,아시아태평양,China,중국,Tangshan,탕산
Tanjung Balai Sei Bati Airport,세이바티 공항,TJB,WIBT,아시아태평양,Indonesia,인도네시아,Tanjung Balai,탄중발라이
Tanjung Manis Airport,탄중 마니스 공항,TGC,WBGT,아시아태평양,Malaysia,말레이시아,Tanjung Manis,탄중마니스
Tanjung Pandan Hanandjoeddin Airport,불루툼방 공항,TJQ,WIOD,아시아태평양,Indonesia,인도네시아,Tanjung Pandan,탄중판단
Tanjung Pinang Raja Haji Fisabilillah Airport,라자하지피사빌라 공항,TNJ,WIDN,아시아태평양,Indonesia,인도네시아,Tanjung Pinang,탄중피낭
Tanjung Selor Airport,탄중 하라판 공항,TJS,WALG,아시아태평양,Indonesia,인도네시아,Tanjung Selor,탄중셀로르
Tanjung Warukin Airport,와루킨 공항,TJG,WRBN,아시아태평양,Indonesia,인도네시아,Tanjung,탄중
Tanna Airport,화이트그래스 공항,TAH,NVVW,아시아태평양,Vanuatu,바누아투,Tanna Island,타나섬
Tan-Tan Plage Blanche Airport,탄탄 공항,TTA,GMAT,아프리카,Morocco,모로코,Tan-Tan,탄탄
Taos Regional Airport,타오스 지역공항,TSM,KSKX,북아메리카,United States of America,미국,Taos,타오스
Tapachula International Airport,타파출라 국제공항,TAP,MMTP,라틴아메리카,Mexico,멕시코,Tapachula,타파출라
Tapini Airport,타피니 공항,TPI,n/a,아시아태평양,Papua New Guinea,파푸아뉴기니,Tapini,타피니
Taplejung Airport,타평정 공항,TPJ,VNTJ,아시아태평양,Nepal,네팔,Taplejung,타플레중
Tarakan Juwata Airport,주와타 국제공항,TRK,WALR,아시아태평양,Indonesia,인도네시아,Tarakan,타라칸
Tarama Island Airport,타라마 공항,TRA,RORT,아시아태평양,Japan,일본,Tarama,타라마
Taranto-Grottaglie Airport,타란토 그로타글리 공항,TAR,LIBG,유럽,Italy,이탈리아,Taranto,타란토
Tarapaca Airport,타라파카 공항,TCD,n/a,라틴아메리카,Colombia,콜롬비아,Tarapaca,타라파카
Tarapoa Airport,타라포아 공항,TPC,n/a,라틴아메리카,Ecuador,에콰도르,Tarapoa,타라포아
Tarapoto Airport,캐디드 FAP 기예르모 델 카스티요 파레데스 공항,TPP,SPST,라틴아메리카,Peru,페루,Tarapoto,타라포토
Tarawa Bonriki Airport,본리키 국제공항,TRW,NGTA,아시아태평양,Kiribati,키리바시,Tarawa,타라와
Taraz Airport,타라즈 공항,DMB,UADD,아시아태평양,Kazakhstan,카자흐스탄,Taraz,타라즈
Tarbes Lourdes Pyrenees Airport,타르브 루르드 피레네 공항,LDE,LFBT,유럽,France,프랑스,Tarbes-Lourdes,타르브 루르드
Taree Airport,타리 공항,TRO,YTRE,아시아태평양,Australia,오스트레일리아,Taree,타리
Tari Airport,타리 공항,TIZ,AYTA,아시아태평양,Papua New Guinea,파푸아뉴기니,Tari,타리
Tarija Airport,캡틴 오리엘 레아 플라자 공항,TJA,SLTJ,라틴아메리카,Bolivia,볼리비아,Tarija,타리하
Tarko-Sale Airport,타르코살레 공항,TQL,n/a,유럽,Russian Federation,러시아,Tarko-Sale,타르코살레
Taroa Island Maloelap Airport,말로엘랍 공항,MAV,n/a,아시아태평양,Marshall Islands,마샬 군도,Maloelap Atol,말로엘랍
Taroom Airport,타룸 공항,XTO,YTAM,아시아태평양,Australia,오스트레일리아,Taroom,타룸
Tartagal Airport,타르타갈 공항,TTG,SAST,라틴아메리카,Argentina,아르헨티나,Tartagal,타르타갈
Tartu Ulenurme Airport,타르투 공항,TAY,EETU,유럽,Estonia,에스토니아,Tartu,타르투
Tashkent Islam Karimov International Airport,타슈켄트 국제공항,TAS,UZTT,아시아태평양,Uzbekistan,우즈베키스탄,Tashkent,타슈켄트
Tashkent-Vostochny Airport,타슈켄트-보스토치니 공항,n/a,UZTP,아시아태평양,Uzbekistan,우즈베키스탄,Tashkent,타슈켄트
Tashkurgan Airport,타슈쿠르간 공항,HQL,n/a,아시아태평양,China,중국,Tashkurgan,타슈쿠르간
Tashtagol Airport,타슈타고르 공항,n/a,UNRT,유럽,Russian Federation,러시아,Tashtagol,타슈타골
Tasiilaq Airport,타실라크 공항,AGM,n/a,유럽,Greenland,그린란드,Tasiilaq,타실라크
Tasikmalaya Cibeureum Airport,타식말라야 공항,TSY,WICM,아시아태평양,Indonesia,인도네시아,Tasikmalaya,타식말라야
Tasiujuaq Airport,타시우자크 공항,YTQ,n/a,북아메리카,Canada,캐나다,Tasiujaq,타시우자크
Tasiusaq Heliport,타시우사크 헬리포트,XEQ,BGTQ,유럽,Greenland,그린란드,Tasiusaq,타시우사크
Tatakoto Tuamoto  Airport,다타코토 공항,TKV,NTGO,아시아태평양,French Polynesia,프랑스령 폴리네시아,Tatakoto,타타코토
Tatalina LRRS,타탈리나 레이더기지,n/a,PATL,북아메리카,United States of America,미국,Tatalina,타탈리나
Tatitlek Airport,타타이틀크 공항,TEK,PAKA,북아메리카,United States of America,미국,Tatitlek,태티틀렉
Taupo Airport,타우포 공항,TUO,NZAP,아시아태평양,New Zealand,뉴질랜드,Taupo,타우포
Tauranga Airport,타우랑가 공항,TRG,NZTG,아시아태평양,New Zealand,뉴질랜드,Tauranga,타우랑가
Taveuni Matei Airport,마테이 공항,TVU,n/a,아시아태평양,Fiji,피지,Taveuni,타베우니
Tawau Airport,타와우 공항,TWU,WBKW,아시아태평양,Malaysia,말레이시아,Tawau,타와우
Tawitawi Airport,상가상가 공항,TWT,RPMN,아시아태평양,Philippines,필리핀,Tawitawi Island,타위타위섬
Taytay Sandoval CLR Airport,세자르 림 로드리게스 공항,RZP,n/a,아시아태평양,Philippines,필리핀,Taytay,타이타이
Tbilisi International Airport,트빌리시 국제공항,TBS,UGTB,유럽,Georgia,조지아,Tbilisi,트빌리시
Te Anau Manapouri Airport,테아나우 공항,TEU,NZMO,아시아태평양,New Zealand,뉴질랜드,Te Anau,테아나우
Tebessa Airport,테베사 공항,TEE,DABS,아프리카,Algeria,알제리,Tebessa,테베사
Ted Stevens Anchorage International Airport,테드 스티븐스 앵커리지 국제공항,ANC,PANC,북아메리카,United States of America,미국,Anchorage,앵커리지
Teesside International Airport,티스사이드 국제공항,MME,EGNV,유럽,United Kingdom,영국,Durham,더럼
Tefe Mayor Orlando Marinho Airport,테페 공항,TFF,SBTF,라틴아메리카,Brazil,브라질,Tefe,테페
Tegucigalpa Toncontin International Airport,톤콘틴 국제공항,TGU,MHTG,라틴아메리카,Honduras,온두라스,Tegucigalpa,테구시갈파
Tehran Imam Khomeini International Airport,테헤란 이맘 호메이니 국제공항,IKA,OIIE,중동,Iran,이란,Tehran,테헤란
Tehran Mehrabad Airport,메흐라바드 국제공항,THR,OIII,중동,Iran,이란,Tehran,테헤란
Tehuacan National Airport,테우아칸 공항,TCN,MMHC,라틴아메리카,Mexico,멕시코,Tehuacan,테우아칸
Teixeira de Freitas Airport,테세이라 데 프레이타스 공항,TXF,n/a,라틴아메리카,Brazil,브라질,Teixeira de Freitas,테세이라데프레이타스
Tekirdag Corlu Ataturk Airport,테키르다 촐루 공항,TEQ,LTBU,중동,Turkiye,터키,Tekirdag,테키르다
Tel Aviv Ben Gurion International Airport,벤구리온 공항,TLV,LLBG,중동,Israel,이스라엘,Tel Aviv,텔아비브
Tela Airport,텔라 공항,TEA,MHTE,라틴아메리카,Honduras,온두라스,Tela,텔라
Telavi Erekle II Airport,텔라비 에레클레 2세 공항,n/a,UGGT,유럽,Georgia,조지아,Telavi,텔라비
Telfer Airport,텔퍼 공항,TEF,YTEF,아시아태평양,Australia,오스트레일리아,Telfer,텔퍼
Teller Airport,텔러 공항,TLA,PATE,북아메리카,United States of America,미국,Teller,텔러
Teller Mission Brevig Mission Airport,브레빅 미션 공항,KTS,n/a,북아메리카,United States of America,미국,Brevig Mission,브레빅미션
Telluride Regional Airport,텔루라이드 지역공항,TEX,KTEX,북아메리카,United States of America,미국,Telluride,텔루라이드
Telupid Airport,텔루피드 공항,TEL,WBKE,아시아태평양,Malaysia,말레이시아,Telupid,텔루피드
Tembagapura Timika Airport,모제스 킬랑긴 공항,TIM,WAYY,아시아태평양,Indonesia,인도네시아,Tembagapura,템바가푸라
Temuco La Araucania International Airport,라 아라우카니아 공항,ZCO,SCQP,라틴아메리카,Chile,칠레,Temuco,테무코
Tenakee Springs Sea Plane Base,테나키 수상비행장,TKE,n/a,북아메리카,United States of America,미국,Tenakee,테나키
Tenerife-Norte Airport,테네리페 북부 공항,TFN,GCXO,유럽,Spain,스페인,Tenerife,테네리페
Tenerife-Sur Airport,테네리페 남부 공항,TFS,GCTS,유럽,Spain,스페인,Tenerife,테네리페
Tengchong Tuofeng Airport,텅충 투오펑 공항,TCZ,ZUTC,아시아태평양,China,중국,Tengchong,텅충
Tennant Creek Airport,테넌트 크릭 공항,TCA,YTNK,아시아태평양,Australia,오스트레일리아,Tennant Creek,테넌트크릭
Tepic Airport,아마도 네르보 국제공항,TPQ,MMEP,라틴아메리카,Mexico,멕시코,Tepic,테픽
Terceira Lajes Airport,라예즈 공항,TER,LPLA,유럽,Portugal,포르투갈,Terceira Island,테르세이라섬
Teresina Senador Petronio Portella Airport,테레지나 세나도르 페트로니우 포르텔라 공항,THE,SBTE,라틴아메리카,Brazil,브라질,Teresina,테레지나
Termez Airport,테르메스 공항,TMJ,UZST,아시아태평양,Uzbekistan,우즈베키스탄,Termez,테르메즈
Ternate Babullah Airport,술탄 바불라 공항,TTE,WAEE,아시아태평양,Indonesia,인도네시아,Ternate,테르나테
Terney Airport,터니 공항,NEI,n/a,유럽,Russian Federation,러시아,Terney,테르네이
Ternopil Airport,테르노필 공항,TNL,UKLT,유럽,Ukraine,우크라이나,Ternopil,테르노필
Terrace-Kitimat Northwest Regional Airport,노스웨스트 공항,YXT,CYXT,북아메리카,Canada,캐나다,Terrace,테라스
Terre Haute Regional Airport,테레 호트 국제공항,HUF,KHUF,북아메리카,United States of America,미국,Terre Haute,테레호트
Teruel Airport,테루엘 공항,TEV,LETL,유럽,Spain,스페인,Teruel,테루엘
Tete Matundo Chingozi Airport,마툰도 공항,TET,FQTT,아프리카,Mozambique,모잠비크,Tete,테트
Tete-A-La Baleine Airport,테트아라발레인 공항,ZTB,n/a,북아메리카,Canada,캐나다,Tete-a-la-Baleine,테트알라발레인
Teterboro Airport,테터보로 공항,TEB,KTEB,북아메리카,United States of America,미국,Teterboro,테터보로
Tetouan Sania Ramel Airport,사니아 라멜 공항,TTU,GMTN,아프리카,Morocco,모로코,Tetouan,테투안
Texarkana Regional Airport,텍사캐나 지역공항,TXK,KTXK,북아메리카,United States of America,미국,Texarkana,텍사캐나
Tezpur Salonibari Airport,테즈퍼 공항,TEZ,VETZ,아시아태평양,India,인도,Tezpur,테즈푸르
Tezu Airport,테즈 공항,TEI,VETJ,아시아태평양,India,인도,Tezu,테주
Thandwe Airport,탄드웨 공항,SNW,VYTD,아시아태평양,Myanmar,미얀마,Thandwe,탄드웨
Thangool Airport,탄굴 공항,THG,YTNG,아시아태평양,Australia,오스트레일리아,Thangool,탄굴
Thanh Hoa Tho Xuan Airport,토 쑤언 공항,THD,VVTX,아시아태평양,Vietnam,베트남,Thanh Hoa,탄호아
Thargomindah Airport,달고민다 공항,XTG,YTGM,아시아태평양,Australia,오스트레일리아,Thargomindah,다고민다
The Granites Airport,더 그래니테스 공항,GTS,YTGT,아시아태평양,Australia,오스트레일리아,The Granites,더그래니테스
The Pas Airport,파스 공항,YQD,CYQD,북아메리카,Canada,캐나다,The Pas,더파
Thermal Jacqueline Cochran Regional Airport,재클린 코크란 공항,TRM,KTRM,북아메리카,United States of America,미국,Coachella Valley,코첼라밸리
Thermopolis Hot Springs County Airport,더모폴리스 핫 스프링스 카운티 공항,n/a,KHSG,북아메리카,United States,미국,Thermopolis,서모폴리스
Thessaloniki Makedonia Airport,테살로니키 공항,SKG,LGTS,유럽,Greece,그리스,Thessaloniki,테살로니키
Thief River Falls Regional Airport,시프 리버 폴스 공항,TVF,KTVF,북아메리카,United States of America,미국,Thief River Falls,시프리버폴스
Thimarafushi Airport,티마라푸시 공항,TMF,VRNT,아시아태평양,Maldives,몰디브,Thimarafushi,티마라푸시
Thira Santorini Airport,산토리니,JTR,LGSR,유럽,Greece,그리스,Thira,티라
Thiruvananthapuram Trivandrum International Airport,트리반드룸 국제공항,TRV,VOTV,아시아태평양,India,인도,Thiruvananthapuram,티루바난타푸람
Thompson Airport,톰슨 공항,YTH,CYTH,북아메리카,Canada,캐나다,Thompson,톰슨
Thorne Bay Airport,쏜 베이 수상비행기 기지,KTB,n/a,북아메리카,United States of America,미국,Thorne Bay,쏜베이
Thorshofn Airport,토르쇼픈 공항,THO,BITN,유럽,Iceland,아이슬란드,Thorshofn,소르스회픈
Thunder Bay International Airport,선더 베이 국제공항,YQT,CYQT,북아메리카,Canada,캐나다,Thunder Bay,선더 베이
Tiakur Jos Orna Imsula Airport,조스 오르노 임술라 공항,JIO,WAPM,아시아태평양,Indonesia,인도네시아,Tiakur,티아쿠르
Tianjin Binhai International Airport,톈진 빈하이 국제공항,TSN,ZBTJ,아시아태평양,China,중국,Tianjin,톈진
Tianshui Maijishan Airport,톈수이 마이지산 공항,THQ,ZLTS,아시아태평양,China,중국,Tianshui,톈수이
Tiaret Bouchekif Airport,압델하피드 부수프 부 체키프 공항,TID,DAOB,아프리카,Algeria,알제리,Tiaret,티아레트
Tiga Airport,티가 공항,TGJ,NWWA,아시아태평양,New Caledonia,뉴칼레도니아,Tiga Island,티가 섬
Tijuana Rodriguez Airport,티후아나 국제공항,TIJ,MMTJ,라틴아메리카,Mexico,멕시코,Tijuana,티후아나
Tikehau Atoll Airport,티케하우 공항,TIH,NTGC,아시아태평양,French Polynesia,프랑스령 폴리네시아,Tikehau,티케하우
Tiksi Airport,틱시 공항,IKS,UEST,유럽,Russian Federation,러시아,Tiksi,틱시
Timaru Richard Pearse Airport,리o드 피어스 공항,TIU,NZTU,아시아태평양,New Zealand,뉴질랜드,Timaru,티마루
Timbiqui Airport,팀비키 공항,TBD,SKMB,라틴아메리카,Colombia,콜롬비아,Timbiqui,팀비키
Timbuktu Airport,팀북투 공항,TOM,GATB,아프리카,Mali,말리,Tombouctou,팀북투
Timimoun Airport,티모운 공항,TMX,DAUT,아프리카,Algeria,알제리,Timimoun,티미문
Timisoara Traian Vuia Airport,티미쇼아라 트라이안 부이아 국제공항,TSR,LRTR,유럽,Romania,루마니아,Timisoara,티미쇼아라
Timmins Victor M. Power Airport,티민스 빅터 M. 파워 공항,YTS,CYTS,북아메리카,Canada,캐나다,Timmins,티민스
Tin City LRRS,틴 시티 레이더기지,TNC,PATC,북아메리카,United States of America,미국,Tin City,틴시티
Tindouf Airport,틴두프 공항,TIN,DAOF,아프리카,Algeria,알제리,Tindouf,틴두프
Tingo Maria Airport,팅고 마리아 공항,TGI,SPGM,라틴아메리카,Peru,페루,Tingo Maria,팅고마리아
Tinian International Airport,티니안 국제공항,TIQ,PGWT,아시아태평양,Northern Mariana Islands,북마리아나 제도,Tinian,티니안
Tiniteqilaaq Heliport,티니테킬라크 헬리포트,TQI,BGTN,유럽,Greenland,그린란드,Tiniteqilaaq,티니테킬라크
Tinum Chichen Itza International Airport,치첸이트사 국제공항,CZA,MMCT,라틴아메리카,Mexico,멕시코,Chichen Itza,치첸이트사
Tioman Airport,티오만 공항,TOD,WMBT,아시아태평양,Malaysia,말레이시아,Tioman Island,티오만 섬
Tirana Rinas Airport,티라나 국제공항Nene Tereza,TIA,LATI,유럽,Albania,알바니아,Tirana,티라나
Tiree Airport,티리 공항,TRE,EGPU,유럽,United Kingdom,영국,Tiree,티리
Tires Cascais Municipal Airport,카스카이스 시립 비행장,CAT,LPCS,유럽,Portugal,포르투갈,Cascais,카스카이스
Tirgu Mures Airport,타르구 무레슈 국제공항,TGM,LRTM,유럽,Romania,루마니아,Targu Mures,트르구무레슈
Tirinkot Airport,타린코트 공항,TII,OATN,아시아태평양,Afghanistan,아프가니스탄,TarinKot,타린코트
Tiruchirappalli Airport,티루치라팔리 국제공항,TRZ,VOTR,아시아태평양,India,인도,Tiruchirappalli,티루치라팔리
Tirupati Airport,티루파티 공항,TIR,VOTP,아시아태평양,India,인도,Tirupati,티루파티
Tissa Tank Airport,티사 탱크 워터드롬,TTW,n/a,아시아태평양,Sri Lanka,스리랑카,Tissamaharama,티사마하라마
Tivat Airport,티밧 공항,TIV,LYTV,유럽,Montenegro,몬테네그로,Tivat,티바트
Tlemcen Zenata Airport,제나타 메살리 엘 하지,TLM,DAON,아프리카,Algeria,알제리,Tlemcen,틀렘센
Toamasina Airport,토아마시나 공항,TMM,FMMT,아프리카,Madagascar,마다가스카르,Toamasina,토아마시나
Tobago ANR Robinson International Airport,아서 나폴레옹 레이몬드 로빈슨 국제공항,TAB,TTCP,카리브해,Trinidad and Tobago,트리니다드토바고,Tobago,토바고
Tobolsk Remezov Airport,토볼스크 레메조프 공항,RMZ,USTJ,유럽,Russian Federation,러시아,Tobolsk,토볼스크
Tobruk Airport,토브룩 공항,TOB,HLTQ,아프리카,Libya,리비아,Tobruk,토브루크
Toccoa Airport,토코아 공항,TOC,n/a,북아메리카,United States of America,미국,Toccoa,토코아
Tofino Airport,토피노 롱비치 공항,YAZ,CYAZ,북아메리카,Canada,캐나다,Tofino,토피노
Togiak Airport,토기악 공항,TOG,PATG,북아메리카,United States of America,미국,Togiak,토기악
Tojo Una Una Tanjung Api Airport,도조 우나 우나 탄중 아피 공항,OJU,WAFU,아시아태평양,Indonesia,인도네시아,Tojo Una Una,토조우나우나
Tok Airport,톡 정션 공항,TKJ,n/a,북아메리카,United States of America,미국,Tok,톡
Tokat Airport,토캇 공항,TJK,LTAW,중동,Turkiye,터키,Tokat,토카트
Toksook Bay Airport,톡숙베이 공항,OOK,PAOO,북아메리카,United States of America,미국,Toksook Bay,톡숙베이
Tokunoshima Airport,도쿠노시마 공항,TKN,RJKN,아시아태평양,Japan,일본,Tokunoshima,도쿠노시마
Tokushima Awaodori Airport,도쿠시마 공항,TKS,RJOS,아시아태평양,Japan,일본,Tokushima,도쿠시마
Tokyo Haneda Airport,하네다 공항,HND,RJTT,아시아태평양,Japan,일본,Tokyo,도쿄
Tokyo Narita Airport,나리타 국제공항,NRT,RJAA,아시아태평양,Japan,일본,Tokyo,도쿄
Toledo Luiz dal Canalle Filho Airport,루이스 달 카날레 필류 공항,TOW,SBTD,라틴아메리카,Brazil,브라질,Toledo,톨레도
Toliara Airport,톨리아라 공항,TLE,FMST,아프리카,Madagascar,마다가스카르,Toliara,톨리아라
Tolitoli Lalos Airport,술탄 반티란 공항,TLI,WAFL,아시아태평양,Indonesia,인도네시아,Tolitoli,톨리톨리
Tolu Golfo de Morrosquillo Airport,골포 데 모로스키요 공항,TLU,SKTL,라틴아메리카,Colombia,콜롬비아,TolU,톨루
Tomsk Bogashevo Airport,보가셰보 공항,TOF,UNTT,유럽,Russian Federation,러시아,Tomsk,톰스크
Tonghua Sanyuanpu Airport,퉁화 싼위안푸 공항,TNH,ZYTN,아시아태평양,China,중국,Tonghua,퉁화
Tongliao Airport,퉁랴오 공항,TGO,ZBTL,아시아태평양,China,중국,Tongliao,퉁랴오
Tongoa Airport,통고아 공항,TGH,n/a,아시아태평양,Vanuatu,바누아투,Tongoa,통고아
Tongren Fenghuang Airport,퉁런 펑황 공항,TEN,ZUTR,아시아태평양,China,중국,Tongren,퉁런
Toowoomba Airport,투움바 시티 비행장,TWB,YTWB,아시아태평양,Australia,오스트레일리아,Toowoomba,투움바
Toowoomba Wellcamp Airport,투움바 웰캠프 공항,WTB,YBWW,아시아태평양,Australia,오스트레일리아,Toowoomba,투움바
Topeka Regional Airport,토피카 공항,FOE,KFOE,북아메리카,United States of America,미국,Topeka,토피카
Toronto Buttonville Municipal Airport,버튼빌 공항,YKZ,CYKZ,북아메리카,Canada,캐나다,Toronto,토론토
Toronto Pearson International Airport,토론토 피어슨 국제공항,YYZ,CYYZ,북아메리카,Canada,캐나다,Toronto,토론토
Torreon Airport,프란시스코 사라비아 국제공항,TRC,MMTC,라틴아메리카,Mexico,멕시코,Torreon,토레온
Torres Airport,토레스 공항,TSQ,SSTE,라틴아메리카,Brazil,브라질,Torres,토레스
Torres Airstrip,토레스 공항,TOH,n/a,아시아태평양,Vanuatu,바누아투,Torres Islands,토레스 제도
Torsby Airport,토스비 공항,TYF,ESST,유럽,Sweden,스웨덴,Torsby,토스뷔
Tortola Terrance B Lettsome Airport,테런스 B. 레섬 국제공항,EIS,TUPJ,카리브해,British Virgin Islands,영국령 버진아일랜드,Tortola,토르톨라
Tortol챙 Arbatax Airport,토르톨리 공항,TTB,LIET,유럽,Italy,이탈리아,Tortoli,토르톨리
Tortuquero Airport,토르투게로 공항,TTQ,n/a,라틴아메리카,Costa Rica,코스타리카,Tortuguero,토르투게로
Tosontsengel Airport,토손첸겔 공항,TNZ,ZMTL,아시아태평양,Mongolia,몽골,Tosontsengel,토손첸겔
Tottori Sand Dunes Conan Airport,돗토리 공항,TTJ,RJOR,아시아태평양,Japan,일본,Tottori,돗토리
Touggourt Sidi Mahdi Airport,시디 마흐디 공항,TGR,DAUK,아프리카,Algeria,알제리,Touggourt,투구르트
Touho Airport,동방 공항,TOU,NWWU,아시아태평양,New Caledonia,뉴칼레도니아,Touho,투오
Toulon Hyeres Airport,툴롱 예르 공항,TLN,LFTH,유럽,France,프랑스,Toulon,툴롱
Toulouse Blagnac Airport,툴루즈 블라냑 공항,TLS,LFBO,유럽,France,프랑스,Toulouse,툴루즈
Toulouse Francazal Airport,툴루즈 프랑카잘 공항,n/a,LFBF,유럽,France,프랑스,Toulouse,툴루즈
Tours Val de Loire Airport,투르 발 드 루아르 공항,TUF,LFOT,유럽,France,프랑스,Tours,투르
Townsville Airport,타운스빌 공항,TSV,YBTL,아시아태평양,Australia,오스트레일리아,Townsville,타운즈빌
Toyama Airport,도야마 공항,TOY,RJNT,아시아태평양,Japan,일본,Toyama,도야마
Toyooka Tajima Airport,다지마 공항,TJH,RJBT,아시아태평양,Japan,일본,Toyooka,토요오카
Tozeur Nefta International Airport,토제르 네프타 국제공항,TOE,DTTZ,아프리카,Tunisia,튀니지,Tozeur,토죄르
Trabzon Airport,트라브존 공항,TZX,LTCG,중동,Turkiye,터키,Trabzon,트라브존
Trail Regional Airport,트레일 공항,YZZ,n/a,북아메리카,Canada,캐나다,Trail,트레일
Trang Airport,짱 공항,TST,VTST,아시아태평양,Thailand,태국,Trang,트랑
Trapani Birgi Airport,빈첸초 플로리오 공항트라파니 비르기,TPS,LICT,유럽,Italy,이탈리아,Trapani,트라파니
Trat Airport,뜨랏 공항,TDX,VTBO,아시아태평양,Thailand,태국,Trat,트랏
Treasure Cay Airport,트레저 케이 공항,TCB,MYAT,카리브해,Bahamas,바하마,Treasure Cay,트레저케이
Trelew Almirante Marcos A. Zar Airport,알미란테 마르코스 A. 자르 공항,REL,SAVT,라틴아메리카,Argentina,아르헨티나,Trelew,트렐레우
Trenton-Mercer Airport,트렌턴 머서 공항,TTN,KTTN,북아메리카,United States of America,미국,Trenton,트렌턴
Trepell Airport,트레펠 공항,TQP,YTEE,아시아태평양,Australia,오스트레일리아,Trepell,트레펠
Tres Coracoes Airport,쓰리 코라코이스 공항,n/a,SNVI,라틴아메리카,Brazil,브라질,Tres Coracoes,트레스코라소이스
Tres Lagoas Plinio Alarcom Airport,플리니우 알라콤 공항,TJL,SBTG,라틴아메리카,Brazil,브라질,Tres Lagoas,트레스라고아스
Tri-Cities Airport,트라이 시티스 공항,TRI,KTRI,북아메리카,United States of America,미국,Tri-City,트리시티
Trieste Friuli Venezia Giulia Airport,트리에스테 공항,TRS,LIPQ,유럽,Italy,이탈리아,Trieste,트리에스테
Trinidad Jorge Henrich Arauz Airport,테니엔테 호르헤 헨리히 아라우즈 공항,TDD,SLTR,라틴아메리카,Bolivia,볼리비아,Trinidad,트리니다드
Tripoli Idris International Airport,트리폴리 국제공항,TIP,HLLT,아프리카,Libya,리비아,Tripoli,트리폴리
Tripoli Mitiga Airport,미티가 국제공항,MJI,HLLM,아프리카,Libya,리비아,Tripoli,트리폴리
Trois-Rivieres Airport,트루아 리비에르 공항,YRQ,CYRQ,북아메리카,Canada,캐나다,Trois-Rivieres,트루아리비에르
Trombetas Airport,포르토 트롬베타스 공항,TMT,n/a,라틴아메리카,Brazil,브라질,Trombetas,트롬베타스
Tromso/Langnes Airport,트롬쇠 공항,TOS,ENTC,유럽,Norway,노르웨이,Tromso,트롬쇠
Trondheim Vaernes Airport,트론헤임 공항,TRD,ENVA,유럽,Norway,노르웨이,Trondheim,트론헤임
Troyes Barberey Airport,트루아 바르베리 공항,QYR,LFQB,유럽,France,프랑스,Troyes,트루아
Truckee-Tahoe Airport,트러키 타호 공항,TKF,KTRK,북아메리카,United States of America,미국,Truckee,트러키
Trujillo Capiro Airport,트루히요 공항,TJI,MHTJ,라틴아메리카,Honduras,온두라스,Trujillo,트루히요
Trujillo Carlos Martinez de Pinillos Airport,카피탄 FAP 카를로스 마르티네즈 데 피닐로스 공항,TRU,SPRU,라틴아메리카,Peru,페루,Trujillo,트루히요
Tshikapa Airport,치카파 공항,TSH,n/a,아프리카,Democratic Republic of the Congo,콩고 민주공화국,Tshikapa,치카파
Tsiroanomandidy Airport,치로아노만디디 공항,WTS,n/a,아프리카,Madagascar,마다가스카르,Tsiroanomandidy,치로아노만디디
Tsushima Airport,쓰시마 공항,TSJ,RJDT,아시아태평양,Japan,일본,Tsushima,쓰시마
Tubala Airport,투발라 공항,TUW,n/a,라틴아메리카,Panama,파나마,Tubala,투발라
Tubuai Island Airport,투부아이 마타우라 공항,TUB,NTAT,아시아태평양,French Polynesia,프랑스령 폴리네시아,Tubuai,투부아이
Tucson Davis-Monthan Air Force Base,데이비스 몬탄 공군기지,DMA,n/a,북아메리카,United States of America,미국,Tucson,투손
Tucson International Airport,투손 국제공항,TUS,KTUS,북아메리카,United States of America,미국,Tucson,투손
Tucuman Benjamin Matienzo Airport,테니엔테 제네랄 벤하민 마티엔조 국제공항,TUC,SANT,라틴아메리카,Argentina,아르헨티나,Tucuman,투쿠만
Tucupita San Rafael Airport,산 라파엘 공항,TUV,n/a,라틴아메리카,Venezuela,베네수엘라,Tucupita,투쿠피타
Tucurui Airport,투쿠루이 공항,TUR,SBTU,라틴아메리카,Brazil,브라질,Tucurui,투쿠루이
Tufi Airport,투피 공항,TFI,AYTU,아시아태평양,Papua New Guinea,파푸아뉴기니,Tufi,투피
Tugdan Airport,툭단 공항,TBH,RPVU,아시아태평양,Philippines,필리핀,Tablas Island,타블라스 섬
Tuguegarao Airport,투게가라오 공항,TUG,RPUT,아시아태평양,Philippines,필리핀,Tuguegarao,투게가라오
Tuktoyaktuk Airport,툭토야크툭/제임스 그루벤 공항,YUB,n/a,북아메리카,Canada,캐나다,Tuktoyaktuk,툭토야크툭
Tulcan Airport,테니엔테 코로넬 루이스 아 만티야 국제공항,TUA,n/a,라틴아메리카,Ecuador,에콰도르,Tulcan,툴칸
Tulcea Airport,툴체아 다뉴브 델타 공항,TCE,LRTC,유럽,Romania,루마니아,Tulcea,툴체아
Tulita/Fort Norman Tulita Airport,툴리타 공항,ZFN,CZFN,북아메리카,Canada,캐나다,Tulita,툴리타
Tulsa International Airport,털사 국제공항,TUL,KTUL,북아메리카,United States of America,미국,Tulsa,털사
Tulsa Riverside Airport,리o드 로이드 존스 주니어 공항,RVS,KRVS,북아메리카,United States of America,미국,Tulsa,털사
Tuluksak Airport,툴룩삭 공항,TLT,n/a,북아메리카,United States of America,미국,Tuluksak,툴룩삭
Tulum Felipe Carrillo Puerto International Airport,툴룸 국제공항,TQO,MMTL,라틴아메리카,Mexico,멕시코,Tulum,툴룸
Tumaco La Florida Airport,라 플로리다 공항,TCO,SKCO,라틴아메리카,Colombia,콜롬비아,Tumaco,투마코
Tumbang Samba Airport,툼방 삼바 공항,TBM,n/a,아시아태평양,Indonesia,인도네시아,Tumbang Samba,툼방삼바
Tumbes Airport,페드로 칸가 로드리게스 공항,TBP,SPME,라틴아메리카,Peru,페루,Tumbes,툼베스
Tumling Tar Airport,툼링타르 공항,TMI,VNTR,아시아태평양,Nepal,네팔,Tumlingtar,툼링타르
Tumushuke Tangwangcheng Airport,툼쑥 탕왕청 공항,TWC,ZWTS,아시아태평양,China,중국,Tumxuk,툼슈크
Tunica Municipal Airport,투니카 시립공항,UTM,KUTA,북아메리카,United States of America,미국,Tunica,투니카
Tunis Carthage Airport,튀니스 카르타고 국제공항,TUN,DTTA,아프리카,Tunisia,튀니지,Tunis,튀니스
Tuntutuliak Airport,툰투툴리악 공항,WTL,n/a,북아메리카,United States of America,미국,Tuntutuliak,툰투툴리악
Tununak Airport,투누낙 공항,TNK,n/a,북아메리카,United States of America,미국,Tununak,투누낙
Tupelo Regional Airport,투펠로 공항,TUP,KTUP,북아메리카,United States of America,미국,Tupelo,투펠로
Tupile Airport,투필레 공항,TUE,n/a,라틴아메리카,Panama,파나마,Tupile,투필레
Turaif Airport,투라이프 국내선 공항,TUI,OETR,중동,Saudi Arabia,사우디아라비아,Turaif,투라이프
Turbat Airport,투르바트 국제공항,TUK,OPTU,아시아태평양,Pakistan,파키스탄,Turbat,투르바트
Tureia Airport,투레이아 공항,ZTA,NTGY,아시아태평양,French Polynesia,프랑스령 폴리네시아,Tureia,투레이아
Turin Caselle Airport,토리노 공항,TRN,LIMF,유럽,Italy,이탈리아,Turin,토리노
Turkistan International Airport,하즈렛 술탄 국제공항,HSA,UAIT,아시아태평양,Kazakhstan,카자흐스탄,Turkistan,투르키스탄
Turkmenabad Airport,투르크메나바트 공항,CRZ,UTAV,아시아태평양,Turkmenistan,투르크메니스탄,Trkmenabat,투르크메나바트
Turkmenbashi Airport,투르크멘바시 국제공항,KRW,UTAK,아시아태평양,Turkmenistan,투르크메니스탄,TrkmenbaSy,투르크멘바시
Turku Airport,투르쿠 공항,TKU,EFTU,유럽,Finland,핀란드,Turku,투르쿠
Turpan Jiaohe Airport,투르판 자오허 공항,TLQ,ZWTP,아시아태평양,China,중국,Turpan,투루판
Turukhansk Airport,투루한스크 공항,THX,UOTT,유럽,Russian Federation,러시아,Turukhansk,투루한스크
Tuscaloosa National Airport,터스컬루사 공항,TCL,KTCL,북아메리카,United States of America,미국,Tuscaloosa,터스컬루사
Tuticorin Airport,투티코린 공항,TCR,VOTK,아시아태평양,India,인도,Tuticorin,투티코린
Tuxtla Gutierrez Angel Albino Corzo International Airport,앙헬 알비노 코르조 국제공항,TGZ,MMTG,라틴아메리카,Mexico,멕시코,Tuxtla Gutierrez,툭스틀라구티에레스
Tuy Hoa Airport,동택 공항,TBB,VVTH,아시아태평양,Vietnam,베트남,Tuy Hoa,투이호아
Tuzla International Airport,투즐라 국제공항,TZL,LQTZ,유럽,Bosnia and Herzegovina,보스니아 헤르체고비나,Tuzla,투즐라
Tver Migalovo Airport,미갈로보 공군기지,KLD,UUEM,유럽,Russian Federation,러시아,Tver,트베리
Tweed New Haven Airport,트위드 뉴 헤이븐 공항,HVN,KHVN,북아메리카,United States of America,미국,Haven,뉴헤이븐
Twin Hills Airport,트윈 힐스 공항,TWA,n/a,북아메리카,United States of America,미국,Twin Hills,트윈힐스
Tyler Pounds Regional Airport,타일러 파운즈 공항,TYR,KTYR,북아메리카,United States of America,미국,Tyler,타일러
Tymovskoye Zonalnoye Airport,조날노예 공항,ZZO,UHSO,유럽,Russian Federation,러시아,Zonalnoe,조날노예
Tynda Airport,틴다 공항,TYD,UHBW,유럽,Russian Federation,러시아,Tynda,틴다
Tyumen Roshchino Airport,로시치노 국제공항,TJM,USTR,유럽,Russian Federation,러시아,Tyumen,튜멘
Ua Huka Airport,우아후카 공항,UAH,NTMU,아시아태평양,French Polynesia,프랑스령 폴리네시아,Ua Huka,우아후카
"Ua Pou, Marquesas Island Ua Pou Airport",우아포우 공항,UAP,NTMP,아시아태평양,French Polynesia,프랑스령 폴리네시아,Ua Pou,우아포우
Ubari Airport,우바리 공항,QUB,n/a,아프리카,Libya,리비아,Ubari,우바리
Ube Airport,야마구치 우베 공항,UBJ,RJDC,아시아태평양,Japan,일본,Ube,우베
Uberaba Airport,마리오 데 알메이다 프랑코 공항,UBA,SBUR,라틴아메리카,Brazil,브라질,Uberaba,우베라바
Uberlandia Cesar Bombonato Airport,우벨란디아 공항,UDI,SBUL,라틴아메리카,Brazil,브라질,Uberlandia,우베를란디아
Ubon Ratchathani Muang Ubon Airport,우본랏차타니 공항,UBP,VTUU,아시아태평양,Thailand,태국,Ubon Ratchathani,우본랏차타니
Udaipur Dabok Airport,마하라나 프라탑 공항,UDR,VAUD,아시아태평양,India,인도,Udaipur,우다이푸르
Udon Thani Airport,우돈타니 국제공항,UTH,VTUD,아시아태평양,Thailand,태국,Udon Thani,우돈타니
Ufa International Airport,우파 국제공항,UFA,UWUU,유럽,Russian Federation,러시아,Ufa,우파
Uganik Airport,산후안,UGI,n/a,북아메리카,United States of America,미국,Uganik,우가닉
Uherske Hradiste Kunovice Airport,쿠노비체 공항,UHE,n/a,유럽,Czech Republic,체코,Uherske Hradiste,우헤르스케흐라디슈테
Uige Airport,위제 공항,UGO,FNUG,아프리카,Angola,앙골라,Uige,우이지
Ujae Island Airport,우재공항,UJE,n/a,아시아태평양,Marshall Islands,마샬 군도,Ujae Island,우재
Ukhta Airport,우흐타 공항,UCT,UUYH,유럽,Russian Federation,러시아,Ukhta,우흐타
Ukkusissat Heliport,우쿠시사트 헬리포트,JUK,BGUT,유럽,Greenland,그린란드,Ukkusissat,우쿠시사트
Ukunda Diani Airport,우쿤다 공항,UKA,HKUK,아프리카,Kenya,케냐,Ukunda,우쿤다
Ulaanbaatar Buyant Ukhaa International Airport,보얀트 우카 국제공항,ULN,ZMUB,아시아태평양,Mongolia,몽골,Ulaanbaatar,울란바토르
Ulaanbaatar Chinggis Khaan International Airport,칭기즈칸 국제공항,UBN,ZMCK,아시아태평양,Mongolia,몽골,Ulaanbaatar,울란바토르
Ulaangom Airport,콜론 힐 공항,ULO,MYCI,아시아태평양,Mongolia,바하마,Ulaangom,울란곰
Ulanhot Airport,울란하오터 공항,HLH,ZBUL,아시아태평양,China,중국,Ulanhot,울란하오터
Ulanqab Airport,울란차브 공항,UCB,ZBUC,아시아태평양,China,중국,Ulanqab,울란차브
Ulan-Ude Baikal Airport,바이칼 국제공항,UUD,UIUU,유럽,Russian Federation,러시아,Ulan-Ude,울란우데
Ulei Airport,울레이 공항,ULB,NVSU,아시아태평양,Vanuatu,바누아투,Ulei,울레이
Ulgit Airport,욀기 공항,ULG,ZMUL,아시아태평양,Mongolia,몽골,Olgii,올기
Uliastai Airport,도노이 공항,ULZ,n/a,아시아태평양,Mongolia,몽골,Uliastai,울리아스타이
Ulsan Airport,울산공항,USN,RKPU,아시아태평양,South Korea,대한민국,Ulsan,울산
Ulukhaktok Airport,울루하톡 공항,YHI,CYHI,북아메리카,Canada,캐나다,Ulukhaktok,울루하톡
Ulusaba Airport,울루사바 활주로,ULX,n/a,아프리카,South Africa,남아프리카,Ulusaba,울루사바
Ulyanovsk Baratayevka Airport,울리야놉스크 바라타예프카 공항,ULV,UWLL,유럽,Russian Federation,러시아,Ulyanovsk,울리야놉스크
Ulyanovsk Vostochny Airport,울리야놉스크 보스토크니 공항,ULY,UWLW,유럽,Russian Federation,러시아,Ulyanovsk,울리야놉스크
Uman Airport,우만 공항,n/a,UKWW,유럽,Ukraine,우크라이나,Uman,우만
Umea Airport,우메오 공항,UME,ESNU,유럽,Sweden,스웨덴,Umea,우메오
Umiujag Airport,우미우자크 공항,YUD,n/a,북아메리카,Canada,캐나다,Umiujaq,우미우자크
Una-Comandatuba Airport,우나 코만다투바 공항,UNA,SBTC,라틴아메리카,Brazil,브라질,Una,우나
Unalakleet Airport,어널래클릿 공항,UNK,PAUN,북아메리카,United States of America,미국,Unalakleet,어널래클릿
University of Illinois - Willard Airport,일리노이 대학교 윌러드 공항,CMI,KCMI,북아메리카,United States of America,미국,Champaign,샴페인
University-Oxford,유니버시티 옥스퍼드 공항,UOX,KUOX,북아메리카,United States of America,미국,Oxford,옥스퍼드
Upernavik Airport,우페르나비크 공항,JUV,BGUK,유럽,Greenland,그린란드,Upernavik,우페르나비크
Upington International Airport,어핑턴 공항,UTN,FAUP,아프리카,South Africa,남아프리카,Upington,어핑턴
Upland Cable Airport,케이블 공항,CCB,n/a,북아메리카,United States of America,미국,Upland,업랜드
Urad Middle Banner Airport,우라드 미들배너 공항,WZQ,n/a,아시아태평양,China,중국,Urad Middle Banner,우라드미들배너
Uranium City Airport,우라늄 시티 공항,YBE,CYBE,북아메리카,Canada,캐나다,Uranium City,우라늄시티
Uray Airport,우라이 공항,URJ,USHU,유럽,Russian Federation,러시아,Uray,우라이
Urdzhar Airport,우르자르 공항,UZR,UASU,아시아태평양,Kazakhstan,카자흐스탄,Urzhar,우르자르
Urgench Airport,우르겐치 국제공항,UGC,UZNU,아시아태평양,Uzbekistan,우즈베키스탄,Urgench,우르겐치
Urmieh Umieh Airport,우르미아 공항,OMH,OITR,중동,Iran,이란,Urmia,우르미아
Uruapan International Airport,이그나시오 로페스 라욘 국제공항,UPN,MMPN,라틴아메리카,Mexico,멕시코,Uruapan,우루아판
Uruguaiana Ruben Berta Airport,루벰 베르타 국제공항,URG,SBUG,라틴아메리카,Brazil,브라질,Uruguaiana,우루구아이아나
Urumqi Tianshan International Airport,우루무치 디워푸 국제공항,URC,ZWWW,아시아태평양,China,중국,Urumqi,우루무치
Usak Airport,우샤크 공항,USQ,LTBO,중동,Turkiye,터키,USak,우샤크
Usharal Airport,우샤랄 공항,USJ,UAAL,아시아태평양,Kazakhstan,카자흐스탄,Usharal,우샤랄
Ushuaia Islas Malvinas Airport,우수아이아 말비나스 아르헨티나스 국제공항,USH,SAWH,라틴아메리카,Argentina,아르헨티나,Ushuaia,우수아이아
Usinsk Airport,우신스크 공항,USK,UUYS,유럽,Russian Federation,러시아,Usinsk,우신스크
Ust-Ilimsk Airport,우스트 일림스크 공항,UIK,UIBS,유럽,Russian Federation,러시아,Ust-Ilimsk,우스트일림스크
Ust-Kamenogorsk Airport,오스케멘 공항,UKK,UASK,아시아태평양,Kazakhstan,카자흐스탄,Ust-Kamenogorsk,우스티카메노고르스크
Ust-Kut Airport,우스트 쿠트 공항,UKX,UITT,유럽,Russian Federation,러시아,Ust-Kut,우스트쿠트
Ust-Kuyga Airport,우스트 쿠이가 공항,UKG,UEBT,유럽,Russian Federation,러시아,UstKuyga,우스트쿠이가
Ust-Maya Airport,우스트 마야 공항,UMS,n/a,유럽,Russian Federation,러시아,Ust-Maya,우스트마야
Ust-Nera Airport,우스트 네라 공항,USR,n/a,유럽,Russian Federation,러시아,UstNera,우스트네라
Ust-Tsilma Airport,우스트 틸마 공항,UTS,UUYX,유럽,Russian Federation,러시아,Ust-Tsilma,우스트틸마
Ustupo Airport,우스투포 공항,UTU,n/a,라틴아메리카,Panama,파나마,Ustupo,우스투포
Utapao Rayong-Pattaya International Airport,우타파오 국제공항,UTP,VTBU,아시아태평양,Thailand,태국,Utapao,우타파오
Utila Airport,우틸라 공항,UII,MHUT,라틴아메리카,Honduras,온두라스,Utila,우틸라
Utirik Airport,유티릭 공항,UTK,n/a,아시아태평양,Marshall Islands,마샬 군도,Utirik Atoll,우티리크
Utkela Airport,우트켈라 공항,UKE,VEUK,아시아태평양,India,인도,Utkela,우트켈라
Uummannaq Umanak Airport,우만나크 우마낙 공항,UMD,BGUM,유럽,Greenland,그린란드,Uummannaq,우만나크
Uyuni Airport,우유니 공항,UYU,SLUY,라틴아메리카,Bolivia,볼리비아,Uyuni,우유니
Uzhhorod International Airport,우즈호로드 국제공항,UDJ,UKLU,유럽,Ukraine,우크라이나,Uzhhorod,우즈호로드
Uzice Ponikve Airport,우지체 포니크베 공항,UZC,LYUZ,유럽,Serbia,세르비아,Uzice,우지체
Vaasa Airport,바사 공항,VAA,EFVA,유럽,Finland,핀란드,Vaasa,바사
Vadodara Airport,바도다라 공항,BDQ,VABO,아시아태평양,India,인도,Vadodara,바도다라
Vadso Airport,바드쇠 공항,VDS,ENVD,유럽,Norway,노르웨이,Vadso,바드쇠
Vaeroy Airport,베로이 공항,VRY,ENVY,유럽,Norway,노르웨이,Vaeroy,베뢰위
Vahitahi Airport,바히타히 공항,VHZ,NTUV,아시아태평양,French Polynesia,프랑스령 폴리네시아,Vahitahi,바히타히
Vail Eagle County Regional Airport,이글 카운티 공항,EGE,KEGE,북아메리카,United States of America,미국,Vail,베일
Val D'Or Airport,발도르 공항,YVO,CYVO,북아메리카,Canada,캐나다,ValdOr,발도르
Valdez Municipal Airport,밸디즈 공항,VDZ,PAVD,북아메리카,United States of America,미국,Valdez,발디즈
Valdivia Pichoy Airport,피쵸이 공항,ZAL,SCVD,라틴아메리카,Chile,칠레,Valdivia,발디비아
Valdosta Regional Airport,발도스타 공항,VLD,KVLD,북아메리카,United States of America,미국,Valdosta,발도스타
Valenca Airport,발렌사 공항,VAL,n/a,라틴아메리카,Brazil,브라질,Valenca,발렌사
Valencia Arturo Michelena Airport,아르투로 미켈레나 국제공항,VLN,SVVA,라틴아메리카,Venezuela,베네수엘라,Valencia,발렌시아
Valencia Manises Airport,발렌시아 공항,VLC,LEVC,유럽,Spain,스페인,Valencia,발렌시아
Valera Carvajal Airport,닥터 안토니오 니콜라시 브리체뇨 공항,VLV,SVVL,라틴아메리카,Venezuela,베네수엘라,Valera,발레라
Valesdir Airport,발레스데르 공항,VLS,NVSV,아시아태평양,Vanuatu,바누아투,Valesdir,발레스디르
Valladolid Airport,바야돌리드 공항,VLL,LEVD,유럽,Spain,스페인,Valladolid,바야돌리드
Valledupar Alfonso Lopez Pumarejo Airport,알폰소 로페스 푸마레호 공항,VUP,SKVP,라틴아메리카,Colombia,콜롬비아,Valledupar,바예두파르
Vallenar Airport,발레나르 공항,VLR,SCLL,라틴아메리카,Chile,칠레,Vallenar,바예나르
Valverde El Hierro Airport,엘 히에로 공항,VDE,GCHI,유럽,Spain,스페인,Valverde,발베르데
Van Don Quang Ninh International Airport,반 돈 국제공항,VDO,VVVD,아시아태평양,Vietnam,베트남,Quangninh,꽝닌
Van Ferit Melen Airport,반 페리 멜렌 공항,VAN,LTCI,중동,Turkiye,터키,Van,반
Vanavara Airport,바나바라 공항,VAQ,UNIW,유럽,Russian Federation,러시아,Vanavara,바나바라
Vancouver Boundary Bay Airport,바운더리 베이 공항,YDT,CZBB,북아메리카,Canada,캐나다,Vancouver,밴쿠버
Vancouver Coal Harbour Sea Plane Base,밴쿠버 하버 수상비행장,CXH,CYHC,북아메리카,Canada,캐나다,Vancouver,밴쿠버
Vancouver International Airport,밴쿠버 국제공항,YVR,CYVR,북아메리카,Canada,캐나다,Vancouver,밴쿠버
Vanimo Airport,바니모 공항,VAI,AYVN,아시아태평양,Papua New Guinea,파푸아뉴기니,Vanimo,바니모
Vanuabalavu Airport,바누아발라부 공항,VBV,NFVB,아시아태평양,Fiji,피지,Vanua Balavu,바누아발라부
Varadero Juan Gualberto Gomez Airport,후안 구알베르토 고메즈 공항,VRA,MUVR,카리브해,Cuba,쿠바,Varadero,바라데로
Varanasi Lal Bahadur Shastri International Airport,랄 바하두르 샤스트리 공항,VNS,VIBN,아시아태평양,India,인도,Varanasi,바라나시
Vardo Svartnes Airport,바르되 공항 스바르트네스,VAW,ENSS,유럽,Norway,노르웨이,Vardo,바르되
Varginha Major Brigadeiro Trompowsky Airport,메이저 브리가데이로 트롬포프스키 공항,VAG,SBVG,라틴아메리카,Brazil,브라질,Varginha,바르지냐
Varkaus Airport,바르카우스 공항,VRK,EFVR,유럽,Finland,핀란드,Varkaus,바르카우스
Varna Airport,바르나 공항,VAR,LBWN,유럽,Bulgaria,불가리아,Varna,바르나
Vasil Levski Sofia Airport,소피아 공항,SOF,LBSF,유럽,Bulgaria,불가리아,Sofia,소피아
Vava'u International Airport,바바우 국제공항,VAV,NFTV,아시아태평양,Tonga,통가,Vavau,바바우
Vaxjo Airport,벡셰/크로노베르크 공항,VXO,ESMX,유럽,Sweden,스웨덴,VAxj,벡셰
Veliky Ustyug Airport,벨리키 우스티우그 공항,VUS,n/a,유럽,Russian Federation,러시아,Veliky Ustyug,벨리키우스튜그
Vellore Airport,벨로르 공항,n/a,VOVR,아시아태평양,India,인도,Vellore,벨로르
Velsk Airport,벨스크 공항,n/a,ULOO,유럽,Russian Federation,러시아,Velsk,벨스크
Venetie Airport,베네티 공항,VEE,PAVE,북아메리카,United States of America,미국,Venetie,베네티
Venice Marco Polo Airport,베네치아 마르코 폴로 공항,VCE,LIPZ,유럽,Italy,이탈리아,Venice,베네치아
Venice Municipal Airport,베니스 공항,VNC,KVNC,북아메리카,United States of America,미국,Venice,베니스
Venice Treviso Airport,트레비소 산탄젤로 공항,TSF,LIPH,유럽,Italy,이탈리아,Treviso,트레비조
Veracruz Las Bajadas Airport,헤네랄 헤리베르토 자라 국제공항,VER,MMVR,라틴아메리카,Mexico,멕시코,Veracruz,베라크루스
Verkhnevilyuysk Airport,베르흐네빌류스크 공항,VHV,n/a,유럽,Russian Federation,러시아,Verkhnevliyuy,베르흐네빌류스크
Vernal Regional Airport,버널 공항,VEL,KVEL,북아메리카,United States of America,미국,Vernal,버널
Vero Beach Regional Airport,베로비치 공항,VRB,KVRB,북아메리카,United States of America,미국,Vero Beach,베로비치
Verona Villafranca Airport,베로나 빌라프랑카 공항,VRN,LIPX,유럽,Italy,이탈리아,Verona,베로나
Vestmannaeyjar Airport,베스트만네이야 공항,VEY,BIVM,유럽,Iceland,아이슬란드,Vestmannaeyja,베스트만나에이야르
Victoria Falls Airport,빅토리아 폴스 공항,VFA,FVFA,아프리카,Zimbabwe,짐바브웨,Victoria Falls,빅토리아폴스
Victoria Inner Harbour Airport,빅토리아 하버 워터 공항,YWH,n/a,북아메리카,Canada,캐나다,Victoria,빅토리아
Victoria International Airport,빅토리아 국제공항,YYJ,CYYJ,북아메리카,Canada,캐나다,Victoria,빅토리아
Victoria Regional Airport,빅토리아 공항,VCT,KVCT,북아메리카,United States of America,미국,Victoria,빅토리아
Vidyanagar Jindal Airport,비댜나가르 공항,VDY,VOJV,아시아태평양,India,인도,Vidyanagar,비디아나가르
Viedma Airport,고베르나도르 에드가르도 카스텔로 공항,VDM,SAVV,라틴아메리카,Argentina,아르헨티나,Viedma,비에드마
Vienna International Airport,비엔나 국제공항,VIE,LOWW,유럽,Austria,오스트리아,Vienna,빈
Vientiane Wattay International Airport,왓타이 국제공항,VTE,VLVT,아시아태평양,Laos,라오스,Vientiane,비엔티안
Vieques Airport,안토니오 리베라 로드리게스 공항,VQS,TJVQ,북아메리카,Puerto Rico,푸에르토리코,Vieques,비에케스
Vieste Heliport,비에스테 헬리포트,VIF,LIBI,유럽,Italy,이탈리아,Vieste,비에스테
Vigan Mindoro Airport,비간 공항,VGN,RPUQ,아시아태평양,Philippines,필리핀,Vigan,비간
Vigo Airport,비고 페이나도르 공항,VGO,LEVX,유럽,Spain,스페인,Vigo,비고
Vijayawada/Gannavaram Airport,비쟈와와다 공항,VGA,VOBZ,아시아태평양,India,인도,Vijayawada,비자야와다
Vila Real Airport,빌라 레알 공항,VRL,LPVR,유럽,Portugal,포르투갈,Vila Real,빌라레알
Vila Rica Airport,빌라리카 공항,VLP,SWVC,라틴아메리카,Brazil,브라질,Vila Rica,빌라리카
Vilanculos Airport,빌란쿨로 공항,VNX,FQVL,아프리카,Mozambique,모잠비크,Vilankulo,빌랑쿨로
Vilhelmina Airport,빌헬미나 공항,VHM,ESNV,유럽,Sweden,스웨덴,Vilhelmina,빌헬미나
Vilhena Airport,빌헤나 공항,BVH,SBVH,라틴아메리카,Brazil,브라질,Vilhena,빌례나
Villa Gesell Airport,빌라 게셀 공항,VLG,SAZV,라틴아메리카,Argentina,아르헨티나,Villa Gesell,빌라헤셀
Villa International Airport,빌라 국제공항(마미길리) ,VAM,VRMV,아시아태평양,Maldives,몰디브,Maamigili,마미길리
Villa Reynolds Airport,빌라 레이놀즈 에어포트 ,VME,SAOR,라틴아메리카,Argentina,아르헨티나,Villa Reynolds,빌라레이놀즈
Villagarzon Airport,빌라 가르손 공항,VGZ,SKVG,라틴아메리카,Colombia,콜롬비아,Villagarzon,빌라가르손
Villahermosa Capitan Carlos Perez Airport,카를로스 로비로사 페레스 국제공항,VSA,MMVA,라틴아메리카,Mexico,멕시코,Villahermosa,비야에르모사
Villavicencio La Vanguardia Airport,라 방과디아 공항,VVC,SKVV,라틴아메리카,Colombia,콜롬비아,Villavicencio,비야비센시오
Vilnius International Airport,빌니우스 공항,VNO,EYVI,유럽,Lithuania,리투아니아,Vilnius,빌뉴스
Vilyuysk Airport,빌류이스크 공항,VYI,n/a,유럽,Russian Federation,러시아,Vilyuysk,빌류이스크
Vina del Mar Airport,비냐 델 마르 공항,KNA,SCVM,라틴아메리카,Chile,칠레,Vina del Mar,비냐델마르
Vinh City Airport,빈 국제공항,VII,VVVH,아시아태평양,Vietnam,베트남,Vinh,빈
Vinnytsia Airport,하브리시브카 빈니차 국제공항,VIN,UKWW,유럽,Ukraine,우크라이나,Vinnytsia,빈니차
Vipingo Airport,비핑고 공항,VPG,HKVG,아프리카,Kenya,케냐,Vipingo,비핑고
Virac Airport,비락 공항,VRC,RPUV,아시아태평양,Philippines,필리핀,Virac,비라크
Virgin Gorda Airport,버진고르다 공항,VIJ,TUPG,카리브해,British Virgin Islands,영국령 버진아일랜드,Virgin Gorda,버진고다
Visakhapatnam Airport,비사카파트남 공항,VTZ,VEVZ,아시아태평양,India,인도,Visakhapatnam,비사카파트남
Visalia Airport,비살리아 공항,VIS,KVIS,북아메리카,United States of America,미국,Visalia,바이세일리아
Visby Airport,비스비 공항,VBY,ESSV,유럽,Sweden,스웨덴,Visby,비스뷔
Viseu Airport,비세우 공항,VSE,LPVZ,유럽,Portugal,포르투갈,Viseu,비세우
Vitebsk Airport,비쳅스크 보스토크니 공항,VTB,UMII,유럽,Belarus,벨라루시,Vitebsk,비테브스크
Vitoria Airport,비토리아 공항,VIT,LEVT,유럽,Spain,스페인,Vitoria-Gasteiz,비토리아가스테이스
Vitoria da Conquista Glauber Rocha Airport,글라우버 로샤 공항,VDC,SBQV,라틴아메리카,Brazil,브라질,Vitoria da Conquista,비토리아다콘키스타
Vitoria Eurico Salles Airport,에우리코 살레즈 공항,VIX,SBVT,라틴아메리카,Brazil,브라질,Vitoria,비토리아
Vladikavkaz Beslan Airport,베슬란 공항,OGZ,URMO,유럽,Russian Federation,러시아,Vladikavkaz,블라디카프카스
Vladivostok Knevichi Airport,블라디보스토크 국제공항,VVO,UHWW,유럽,Russian Federation,러시아,Vladivostok,블라디보스토크
Voi Airport,보이 공항,n/a,HKVO,아프리카,Kenya,케냐,Voi,보이
Volgograd Gumrak Airport,볼고그라드 국제공항,VOG,URWW,유럽,Russian Federation,러시아,Volgograd,볼고그라드
Vologda Airport,볼로그다 공항,VGD,ULWW,유럽,Russian Federation,러시아,Vologda,볼로그다
Volos Nea Anchialos Airport,네아 안키알로스 공항,VOL,LGBL,유럽,Greece,그리스,Volos,볼로스
Vopnafjordur Airport,보프나피외르뒤르 공항,VPN,BIVO,유럽,Iceland,아이슬란드,Vopnafjordur,보프나피외르뒤르
Vorkuta Airport,보르쿠타 공항,VKT,UUYW,유럽,Russian Federation,러시아,Vorkuta,보르쿠타
Voronezh Chertovitskoye Airport,보로네시 국제공항,VOZ,UUOO,유럽,Russian Federation,러시아,Voronezh,보로네시
Voronezh Pridacha Airport,보로네시 프리다차 공항,n/a,UUOD,유럽,Russian Federation,러시아,Voronezh,보로네시
Wa Airport,와 공항,WZA,DGLW,아프리카,Ghana,가나,Wa,와
Wabush Airport,와부시 공항,YWK,CYWK,북아메리카,Canada,캐나다,Wabush,와부시
Waco Regional Airport,웨이코 지역 공항,ACT,KACT,북아메리카,United States of America,미국,Waco,웨이코
Wadi Ad Dawasir Airport,와디 알 다와시르 국내선 공항,WAE,OEWD,중동,Saudi Arabia,사우디아라비아,Wadi ad-Dawasir,와디알다와시르
Wadi Halfa Airport,와디 할파 공항,WHF,n/a,아프리카,Sudan,수단,Wadi Halfa,와디할파
Wagga Wagga Forrest Hill Airport,와가와가 공항,WGA,YSWG,아시아태평양,Australia,오스트레일리아,Wagga Wagga,와가와가
Waimea-Kohala Airport,와이메아 코할라 공항,MUE,PHMU,북아메리카,United States of America,미국,Kamuela,카무엘라
Waingapu Airport,마우하우 공항,WGP,WATU,아시아태평양,Indonesia,인도네시아,Waingapu,와잉가푸
Wainwright Airport,웨인라이트 공항,AIN,PAWI,북아메리카,United States of America,미국,Fort Wainwright,포트웨인라이트
Wajima Noto Airport,노토 공항,NTQ,RJNW,아시아태평양,Japan,일본,Wajima,와지마
Wajir Airport,와지르 공항,WJR,HKWJ,아프리카,Kenya,케냐,Wajir,와지르
Wakaya Island Airport,와카야공항,KAY,NFNW,아시아태평양,Fiji,피지,Wakaya Island,와카야아일랜드
Wakkanai Hokkaido Airport,왓카나이 공항,WKJ,RJCW,아시아태평양,Japan,일본,Wakkanai,왓카나이
Walaha Airport,왈라하 공항,WLH,NVSW,아시아태평양,Vanuatu,바누아투,Walaha,왈라하
Wales Airport,웨일스 공항,WAA,PAIW,북아메리카,United States of America,미국,Wales,웨일스
Walla Walla Regional Airport,왈라왈라 공항,ALW,KALW,북아메리카,United States of America,미국,Walla Walla,왈라왈라
Wallis Island Hififo Airport,히히포 공항,WLS,NLWW,아시아태평양,Wallis and Futuna Islands,월리스푸투나,Wallis Island,월리스섬
Walvis Bay Rooikop Airport,월브스 베이 공항,WVB,FYWB,아프리카,Namibia,나미비아,Walvis Bay,월비스베이
Wamena Airport,와메나 공항,WMX,WAJW,아시아태평양,Indonesia,인도네시아,Wamena,와메나
Wanaka Airport,와나카 공항,WKA,NZWF,아시아태평양,New Zealand,뉴질랜드,Wanaka,와나카
Wang-an Airport,왕안공항,WOT,RCWA,아시아태평양,Taiwan,대만,Wang'an,왕안
Wangi Wangi Matahora Airport,마타호라 공항,WNI,WAWD,아시아태평양,Indonesia,인도네시아,Wangi-wangi Island,왕이왕이섬
Wanigela Airport,와니겔라 공항,AGL,n/a,아시아태평양,Papua New Guinea,파푸아뉴기니,Wanigela,와니겔라
Wanzhou Wuqiao Airport,완저우 우차오 공항,WXN,ZUWX,아시아태평양,China,중국,Wanzhou,완저우
Wapenamanda Airport,와페나만다 공항,WBM,AYWD,아시아태평양,Papua New Guinea,파푸아뉴기니,Wapenamanda,와페나만다
Warangal Airport,와랑갈 공항,WGC,VOWA,아시아태평양,India,인도,Warangal,와랑갈
Warraber Island Airport,워레이버 아일랜드 공항,SYU,YWBS,아시아태평양,Australia,오스트레일리아,WarraberIs,워라버섬
Warri Airport,와리 공항,QRW,DNSU,아프리카,Nigeria,나이지리아,Warri,와리
Warrnambool Airport,워남불 공항,WMB,YWBL,아시아태평양,Australia,오스트레일리아,Warrnambool,워남불
Warsaw Frederic Chopin Airport,바르샤바 쇼팽 공항,WAW,EPWA,유럽,Poland,폴란드,Warsaw,바르샤바
Warsaw Modlin Airport,바르샤바 모들린 공항,WMI,EPMO,유럽,Poland,폴란드,Warsaw,바르샤바
Washington County Airport,워싱턴 카운티 공항,WSG,n/a,북아메리카,United States of America,미국,Washington,워싱턴
Washington Dulles International Airport,워싱턴 덜레스 국제공항,IAD,KIAD,북아메리카,United States of America,미국,Washington,워싱턴
Washington Ronald Reagan National Airport,로널드 레이건 워싱턴 내셔널 공항,DCA,KDCA,북아메리카,United States of America,미국,Washington,워싱턴
Waskaganish Airport,와스카가니시 공항,YKQ,CYKQ,북아메리카,Canada,캐나다,Waskaganish,와스카가니시
Waspam Airport,와스팸 공항,WSP,MNWP,라틴아메리카,Nicaragua,니카라과,Waspam,와스팜
Waterfall Sea Plane Base,워터폴 수상비행장,KWF,n/a,북아메리카,United States of America,미국,Waterfall,워터폴
Waterford Airport,워터퍼드 공항,WAT,EIWF,유럽,Ireland,아일랜드,Waterford,워터퍼드
Waterloo Regional Airport,워털루 공항,ALO,KALO,북아메리카,United States of America,미국,Waterloo,워털루
Watertown Airport,워터타운 지역공항,ATY,KATY,북아메리카,United States of America,미국,Watertown,워터타운
Watertown International Airport,워터타운 국제공항,ART,KART,북아메리카,United States of America,미국,Watertown,워터타운
Watson Lake Airport,왓슨 레이크 공항,YQH,n/a,북아메리카,Canada,캐나다,Watson Lake,왓슨레이크
Wau Airport,와우 공항,WUU,HSWW,아프리카,South Sudan,수단,Wau,와우
Waukesha County Airport,워키샤 카운티 공항,UES,KUES,북아메리카,United States of America,미국,Waukesha,워키샤
Way Tuba Gatot Subroto Airport,웨이 튜바 가토트 수브로토 공항,WTX,n/a,아시아태평양,Indonesia,인도네시아,Way Tuba,웨이투바
Waynesville-St. Robert Regional Airport,웨인스빌 세인트. 로버트 지역공항,TBN,KTBN,북아메리카,United States of America,미국,Fort Leonard Wood,포트레너드우드
Webequie Airport,웨퀴 공항,YWP,CYWP,북아메리카,Canada,캐나다,Webequie,웨퀴
Wedjh Airport,알 와즈 국내선 공항,EJH,OEWJ,중동,Saudi Arabia,사우디아라비아,Al Wajh,알와즈
Weerawila Airport,위라윌라 공항,WRZ,VCCW,아시아태평양,Sri Lanka,스리랑카,Weerawila,위라윌라
Weeze Airport,위즈 공항,NRN,EDLV,유럽,Germany,독일,Weeze,베제
Weifang Nanyuan Airport,웨이팡 공항,WEF,ZSWF,아시아태평양,China,중국,Weifang,웨이팡
Weihai Dashuibo Airport,웨이하이 다수이보 공항,WEH,ZSWH,아시아태평양,China,중국,Weihai,웨이하이
Weipa Airport,웨이파 공항,WEI,YBWP,아시아태평양,Australia,오스트레일리아,Weipa,웨이파
Wellington Airport,웰링턴 국제공항,WLG,NZWN,아시아태평양,New Zealand,뉴질랜드,Wellington,웰링턴
Wemindji Airport,웨민지 공항,YNC,CYNC,북아메리카,Canada,캐나다,Wemindji,웨민지
Weno Island Chuuk International Airport,추크 국제공항,TKK,PTKK,아시아태평양,Micronesia,미크로네시아연방,Chuuk,추크
Wenshan Puzhehei Airport,원산푸저헤이 공항,WNH,ZPWS,아시아태평양,China,중국,Wenshan,원산
Wenzhou Longwan International Airport,원저우 룽완 국제공항,WNZ,ZSWZ,아시아태평양,China,중국,Wenzhou,원저우
West Angelas Airport,웨스트 앤젤러스 공항,WLP,YANG,아시아태평양,Australia,오스트레일리아,West Angelas,웨스트앤젤러스
West Java Kertajati International Airport,케르타자티 국제공항,KJT,WICA,아시아태평양,Indonesia,인도네시아,Majalengka,마잘렝카
West Point Village Sea Plane Base,웨스트 포인트 빌리지 수상비행장,KWP,n/a,북아메리카,United States of America,미국,West Point,웨스트포인트
West Virginia International Yeager Airport,예거 공항,CRW,KCRW,북아메리카,United States of America,미국,Charleston,찰스턴
Westchester County Airport,웨스트체스터 카운티 공항,HPN,KHPN,북아메리카,United States of America,미국,Westcheste,웨스트체스터
Westerland Sylt Airport,실트 공항,GWT,EDXW,유럽,Germany,독일,Sylt,질트
Westerly State Airport,웨스털리 스테이트 공항,WST,KWST,북아메리카,United States of America,미국,Westerly,웨스터리
Westfield-Barnes Regional Airport,웨스트필드 반스 공항,BAF,KBAF,북아메리카,United States of America,미국,Westfield-Springfield,웨스트필드/스프링필드
Westport Airport,웨스트포트 공항,WSZ,NZWS,아시아태평양,New Zealand,뉴질랜드,Westport,웨스트포트
Westray Airport,웨스트레이 공항,WRY,EGEW,유럽,United Kingdom,영국,Westray,웨스트레이
Wewak Boram Airport,웨왁 공항,WWK,AYWK,아시아태평양,Papua New Guinea,파푸아뉴기니,Wewak,웨왁
Wha Ti/Lac La Martre Wha Ti Airport,화이티 공항,YLE,n/a,북아메리카,Canada,캐나다,Whati,와티
Whakatane Airport,와카타네 공항,WHK,NZWK,아시아태평양,New Zealand,뉴질랜드,Whakatane,와카타네
Whale Cove Airport,웨일 코브 공항,YXN,CYXN,북아메리카,Canada,캐나다,Whale Cove,웨일코브
Whale Pass Airport,노스 웨일 수상비행기 기지,WWP,n/a,북아메리카,United States of America,미국,Whale Pass,웨일패스
Whanganui Airport,황가누이 공항,WAG,NZWU,아시아태평양,New Zealand,뉴질랜드,Whanganui,황가누이
Whangarei Airport,황가레이 공항,WRE,NZWR,아시아태평양,New Zealand,뉴질랜드,Whangarei,황가레이
White Mountain Airport,화이트 마운틴 공항,WMO,PAWM,북아메리카,United States of America,미국,White Mountain,화이트마운틴
Whyalla Airport,화이앨라 공항,WYA,YWHA,아시아태평양,Australia,오스트레일리아,Whyalla,와이앨라
Wiarton Keppel International Airport,위어턴 공항,YVV,n/a,북아메리카,Canada,캐나다,Wiarton,위어턴
Wichita Colonel James Jabara Airport,위치타 대령 제임스 자바라 공항,AAO,KAAO,북아메리카,United States of America,미국,Wichita,위치타
Wichita Dwight D Eisenhower National Airport,위치타 드와이트 D. 아이젠하워 내셔널 공항,ICT,KICT,북아메리카,United States of America,미국,Wichita,위치타
Wichita Falls Regional Airport,위치타 폴스 공항,SPS,KSPS,북아메리카,United States of America,미국,Wichita Falls,위치타폴스
Wick Airport,윅 공항,WIC,EGPC,유럽,United Kingdom,영국,Wick,윅
Wildman Lake Airport,와일드먼 레이크 공항,EWD,n/a,북아메리카,United States of America,미국,Wildman Lake,와일드먼레이크
Wilhelmshaven Mariensiel Airport,제이드웨저공항,WVN,EDWI,유럽,Germany,독일,Wilhelmshaven,빌헬름스하펜
Wilkes-Barre/Scranton International Airport,윌크스배러/스크랜턴 국제공항,AVP,KAVP,북아메리카,United States of America,미국,Pittston Township,윌크스배러
Will Rogers World Airport,윌 로저스 월드 공항,OKC,KOKC,북아메리카,United States of America,미국,Oklahoma City,오클라호마시티
Williams Harbour Airport,윌리엄스 하버 공항,YWM,n/a,북아메리카,Canada,캐나다,Williams Harbour,윌리엄스하버
Williams Lake Airport,윌리엄스 레이크 공항,YWL,CYWL,북아메리카,Canada,캐나다,Williams Lake,윌리엄스레이크
Williamsport Regional Airport,윌리엄스포트 공항,IPT,KIPT,북아메리카,United States of America,미국,Williamsport,윌리엄스포트
Williston Basin International Airport,윌리스턴 베이슨 국제공항,XWA,KXWA,북아메리카,United States of America,미국,Williston,윌리스턴
Williston Sloulin Field International Airport,슬룰린 필드 국제공항,ISN,KISN,북아메리카,United States of America,미국,Williston,윌리스턴
Wilmington Air Park,윌밍턴 에어파크,ILN,KILN,북아메리카,United States of America,미국,Wilmington,윌밍턴
Wilmington International Airport,윌밍턴 국제공항,ILM,KILM,북아메리카,United States of America,미국,Wilmington,윌밍턴
Wilmington New Castle Airport,윌밍턴 공항,ILG,KILG,북아메리카,United States of America,미국,Wilmington,윌밍턴
Wiluna Airport,윌루나 공항,WUN,YWLU,아시아태평양,Australia,오스트레일리아,Wiluna,윌루나
Windhoek Eros Airport,에로스 공항,ERS,FYWE,아프리카,Namibia,나미비아,Windhoek,빈트후크
Windhoek Hosea Kutako International Airport,호세아 쿠타코 국제공항,WDH,FYWH,아프리카,Namibia,나미비아,Windhoek,빈트후크
Windorah Airport,윈도라 공항,WNR,YWDH,아시아태평양,Australia,오스트레일리아,Windorah,윈도라
Windsor International Airport,윈저 국제공항,YQG,CYQG,북아메리카,Canada,캐나다,Windsor,윈저
Winnipeg James Armstrong Richardson International Airport,위니펙 제임스 암스트롱 리o드슨 국제공항,YWG,CYWG,북아메리카,Canada,캐나다,Winnipeg,위니펙
Winnipeg St Andrews Airport,메이네 아일랜드 수상비행장,YAV,n/a,북아메리카,Canada,캐나다,Mayne,메인
Winter Haven Regional Airport,윈터 헤이븐 지역 공항,GIF,n/a,북아메리카,United States of America,미국,Winter Haven,윈터헤이븐
Winton Airport,윈턴 공항,WIN,YWTN,아시아태평양,Australia,오스트레일리아,Winton,윈턴
Wipim Airport,위핌 공항,WPM,n/a,아시아태평양,Papua New Guinea,파푸아뉴기니,Wipim,위핌
Wodgina Airport,워지나 공항,GYB,YWDC,아시아태평양,Australia,오스트레일리아,Wodgina,워지나
Woitape Airport,워이타페 공항,WTP,n/a,아시아태평양,Papua New Guinea,파푸아뉴기니,Woitape,워이타페
Woja Airport,워자 공항,WJA,n/a,아시아태평양,Marshall Islands,마샬 군도,Woja,워자
Wolf Point International Airport,LM 클레이튼 공항,OLF,KOLF,북아메리카,United States of America,미국,Wolf Point,울프포인트
Wollaston Lake Airport,월러스턴 레이크 공항,ZWL,CZWL,북아메리카,Canada,캐나다,Wollaston Lake,월러스턴레이크
Wonderboom National Airport,원더붐 공항,PRY,FAWB,아프리카,South Africa,남아프리카,Pretoria,프리토리아
Wonju Hoengseong Airport,원주공항,WJU,RKNW,아시아태평양,South Korea,대한민국,Wonju,원주
Woodie Woodie Airport,우디 우디 공항,WWI,YWWI,아시아태평양,Australia,오스트레일리아,Woodie Woodie,우디우디
Worcester Regional Airport,우스터 공항,ORH,KORH,북아메리카,United States of America,미국,Worcester,우스터
Worland Municipal Airport,월랜드 시립공항,WRL,KWRL,북아메리카,United States of America,미국,Worland,월랜드
Wotho Island Airport,워토 공항,WTO,n/a,아시아태평양,Marshall Islands,마샬 군도,Wotho Atoll,워토
Wotje Island Airport,워체 공항,WTE,n/a,아시아태평양,Marshall Islands,마샬 군도,Wotje Atoll,워체
Wrangell Sea Plane Base,랭겔 수상비행장,WRG,PAWG,북아메리카,United States of America,미국,Wrangell,랭걸
Wroclaw Strachowice Airport,브로츠와프 공항,WRO,EPWR,유럽,Poland,폴란드,WrocLaw,브로츠와프
Wudalianchi Dede Airport,우달리안치 공항,DTU,n/a,아시아태평양,China,중국,Wudalianchi,우다롄츠
Wuhai Airport,우하이 공항,WUA,ZBUH,아시아태평양,China,중국,Wuhai,우하이
Wuhan Hannan Municipal Airport,우한 한난 시 공항,WHN,n/a,아시아태평양,China,중국,Wuhan,우한
Wuhan Tianhe International Airport,우한 톈허 국제공항,WUH,ZHHH,아시아태평양,China,중국,Wuhan,우한
Wuhu Xuanzhou Airport,우후 쉬안저우 공항,WHA,n/a,아시아태평양,China,중국,Wuhu,우후
Wunnummin Lake Airport,운눔민 레이크 공항,WNN,n/a,북아메리카,Canada,캐나다,Wunnummin Lake,운눔민레이크
Wuxi Sunan Shuofang International Airport,쑤난 슈오팡 국제공항,WUX,ZSWX,아시아태평양,China,중국,Wuxi,우시
Wuyishan Airport,우이산 공항,WUS,ZSWY,아시아태평양,China,중국,Wuyishan,우이산
Wuzhou Changzhoudao Airport,우저우 창저우다오 공항,n/a,n/a,아시아태평양,China,중국,Wuzhou,우저우
Wuzhou Xijiang Airport,우저우 시장 공항,WUZ,ZGWZ,아시아태평양,China,중국,Wuzhou,우저우
Xai-Xai Chongoene Airport,샤이샤이 공항,VJB,FQXA,아프리카,Mozambique,모잠비크,XaiXai,샤이샤이
Xewkija Airport/Heliport,셰우키야 공항/헬리포트,n/a,LMMG,유럽,Malta,몰타,Xewkija,셰우키야
Xiamen Gaoqi International Airport,샤먼 가오치 국제공항,XMN,ZSAM,아시아태평양,China,중국,Xiamen,샤먼
Xian Xianyang International Airport,시안 셴양 국제공항,XIY,ZLXY,아시아태평양,China,중국,Xi'an,시안
Xiangxi Biancheng Airport,샹시 비엔청 공항,DXJ,ZGXX,아시아태평양,China,중국,Xiangxi,샹시
Xiangyang Liuji Airport,샹양 류지 공항,XFN,ZHXF,아시아태평양,China,중국,Xiangyang,샹양
Xichang Qingshan Airport,시창 칭산 공항,XIC,ZUXC,아시아태평양,China,중국,Xichang,시창
Xieng Khouang Airport,시엥 쿠앙 공항,XKH,VLXK,아시아태평양,Laos,라오스,Phonsavan,폰사반
Xigaze Dingri Airport,시가제 딩그리 공항,DDR,ZUDR,아시아태평양,China,중국,Xigaze,시가제
Xilinhot Airport,시린하오터 공항,XIL,ZBXH,아시아태평양,China,중국,Xilinhot,시린하오터
Xingtai Dalian Airport,싱타이 다롄 공항,XNT,ZBXT,아시아태평양,China,중국,Xingtai,싱타이
Xingyi Wanfenglin Airport,싱이 완펑린 공항,ACX,ZUYI,아시아태평양,China,중국,Xingyi,싱이
Xining Caojiabao Airport,시닝 차오자바오 공항,XNN,ZLXN,아시아태평양,China,중국,Xining,시닝
Xinyang Minggang Airport,신양 밍강 공항,XAI,n/a,아시아태평양,China,중국,Xinyang,신양
Xinyuan Nalati Airport,신위안 날라티 공항,NLT,ZWNL,아시아태평양,China,중국,Xinyuan,신위안
Xinzhou Wutaishan Airport,신저우 우타이산 공항,WUT,ZBXZ,아시아태평양,China,중국,Xinzhou,신저우
Xuzhou Guanyin International Airport,쉬저우 관음 공항,XUZ,ZSXZ,아시아태평양,China,중국,Xuzhou,쉬저우
Yabello Airport,야벨로 공항,n/a,HAYL,아프리카,Ethiopia,이디오피아,Yabello,야벨로
Yacuiba Airport,야쿠이바 공항,BYC,SLYA,라틴아메리카,Bolivia,볼리비아,YacuIba,야쿠이바
Yahukimo Nop Goliath Dekai Airport,놉 골리앗 데카이 공항,DEX,WAVD,아시아태평양,Indonesia,인도네시아,Yahukimo,야후키모
Yakima Air Terminal,야키마 에어 터미널,YKM,KYKM,북아메리카,United States of America,미국,Yakima,야키마
Yakushima Airport,야쿠시마 공항,KUM,RJFC,아시아태평양,Japan,일본,Yakushima,야쿠시마
Yakutat Airport,야쿠타트 공항,YAK,PAYA,북아메리카,United States of America,미국,Yakutat,야쿠타트
Yakutsk Platon Oyunsky International Airport,야쿠츠크 공항,YKS,UEEE,유럽,Russian Federation,러시아,Yakutsk,야쿠츠크
Yam Island Airport,얌 아일랜드 공항,XMY,YYMI,아시아태평양,Australia,오스트레일리아,Yam Island,얌섬
Yamagata Junmachi Airport,야마가타 공항,GAJ,RJSC,아시아태평양,Japan,일본,Yamagata,야마가타
Yampa Valley Regional Airport,얌파 밸리 공항,HDN,KHDN,북아메리카,United States of America,미국,Hayden,헤이든
Yan'an Nanniwan Airport,옌안 난니완 공항,ENY,ZLYA,아시아태평양,China,중국,Yan'an,옌안
Yanbu International Airport,옌부 국내공항,YNB,OEYN,중동,Saudi Arabia,사우디아라비아,Yanbu,옌부
Yancheng Nanyang International Airport,옌청 난양 국제공항,YNZ,ZSYN,아시아태평양,China,중국,Yancheng,옌청
Yangon Mingaladon Airport,양곤 국제공항,RGN,VYYY,아시아태평양,Myanmar,미얀마,Yangon,양곤
Yangyang International Airport,양양국제공항,YNY,RKNY,아시아태평양,South Korea,대한민국,Yangyang,양양
Yangzhou Taizhou Airport,양저우 타이저우 공항,YTY,ZSYA,아시아태평양,China,중국,Yangzhou,양저우
Yanji Chaoyangchuan Airport,옌지 차오양촨 공항,YNJ,ZYYJ,아시아태평양,China,중국,Yanji,옌지
Yantai Penglai International Airport,옌타이 펑라이 국제공항,YNT,ZSYT,아시아태평양,China,중국,Yantai,옌타이
Yaounde Nsimalen International Airport,야운데 은시말렌 국제공항,NSI,FKYS,아프리카,Cameroon,카메룬,Yaounde,야운데
Yap International Airport,얍 국제공항,YAP,PTYA,아시아태평양,Micronesia,미크로네시아연방,Yap,얍
Yarmouth International Airport,야머스 공항,YQI,CYQI,북아메리카,Canada,캐나다,Yarmouth,야머스
Yaroslavl Tunoshna Airport,투노쉬나 공항,IAR,UUDL,유럽,Russian Federation,러시아,Yaroslavl,야로슬라블
Yasouj Airport,야스즈 공항,YES,OISY,중동,Iran,이란,Yasuj,야수즈
Yavatmal Airport,야바트말 공항,n/a,n/a,아시아태평양,India,인도,Yavatmal,야바트말
Yazd Airport,사히드 사두히 공항,AZD,OIYY,중동,Iran,이란,Yazd,야즈드
Yecheon Air Base,예천 공군기지,YEC,RKTY,아시아태평양,South Korea,대한민국,Yecheon,예천
Yedinka Airport,예딘카 공항,EDN,n/a,유럽,Russian Federation,러시아,Yedinka,예딘카
Yekaterinburg Koltsovo Airport,콜초보 국제공항,SVX,USSS,유럽,Russian Federation,러시아,Yekaterinburg,예카테린부르크
Yellowknife Airport,옐로나이프 공항,YZF,CYZF,북아메리카,Canada,캐나다,Yellowknife,옐로나이프
Yellowstone Airport,옐로스톤 공항,WYS,KWYS,북아메리카,United States of America,미국,West Yellowstone,웨스트옐로스톤
Yenagoa Bayelsa Airport,예나고아 바예사 공항,n/a,DNBY,아프리카,Nigeria,나이지리아,Yenagoa Bayelsa,예나고아
Yeosu Airport,여수/순천공항,RSU,RKJY,아시아태평양,South Korea,대한민국,Yeosu/Suncheo,여수
Yerbogachen Airport,에르보가첸 공항,ERG,UIKE,유럽,Russian Federation,러시아,Yerbogachen,예르보가첸
Yerevan Zvartnots International Airport,즈바르트노츠 국제공항,EVN,UDYZ,유럽,Armenia,아르메니아,Yerevan,예레반
Yermolino Airport,예르몰리노 공항,n/a,UUWE,유럽,Russian Federation,러시아,Yermolino,예르몰리노
Yevlakh Airport,예블라크 공항,YLV,UBEE,유럽,Azerbaijan,아제르바이잔,Yevlakh,예블라크
Yeysk Eisk Airport,예이스크 공항,EIK,n/a,유럽,Russian Federation,러시아,Eisk,예이스크
Yibin Wuliangye Airport,이빈우량예 공항,YBP,ZUYB,아시아태평양,China,중국,Yibin,이빈
Yichang Sanxia Airport,이창 산샤 공항,YIH,ZHYC,아시아태평양,China,중국,Yichang,이창
Yichun Lindu Airport,이춘린두 공항,LDS,ZYLD,아시아태평양,China,중국,Yichun,이춘
Yichun Mingyueshan Airport,이춘 밍위에산 공항,YIC,ZSYC,아시아태평양,China,중국,Yichun,이춘
Yili Yining International Airport,이닝 공항,YIN,ZWYN,아시아태평양,China,중국,Yining,이닝
Yinchuan Hedong International Airport,인촨 허둥 국제공항,INC,ZLIC,아시아태평양,China,중국,Yinchuan,인촨
Yingkou Lanqi Airport,잉커우 란치 공항,YKH,ZYYK,아시아태평양,China,중국,Yingkou,잉커우
Yiwu Airport,이우 공항,YIW,ZSYW,아시아태평양,China,중국,Yiwu,이우
Yogyakarta Adisucipto International Airport,아디수킵토 국제공항,JOG,WARJ,아시아태평양,Indonesia,인도네시아,Yogyakarta,족자카르타
Yola Airport,욜라 공항,YOL,DNYO,아프리카,Nigeria,나이지리아,Yola,욜라
Yonago Miho Airport,미호 요나고 공항,YGJ,RJOH,아시아태평양,Japan,일본,Yonago,요나고
Yonaguni Airport,요나구니 공항,OGN,ROYN,아시아태평양,Japan,일본,Yonaguni,요나구니
Yongchuan Daan General Airport,융촨단 종합공항,YGA,n/a,아시아태평양,China,중국,Yongchuan,융촨
Yongshu Jiao Airport,용수교 공항,n/a,n/a,아시아태평양,China,중국,Yongshu Jiao,융수자오
Yongzhou Lingling Airport,융저우 링링 공항,LLF,ZGLG,아시아태평양,China,중국,Yongzhou,융저우
Yonphula Airport,용풀라 공항,YON,VQTY,아시아태평양,Bhutan,부탄,Trashigang,트라시강
York Landing Airport,요크 랜딩 공항,ZAC,n/a,북아메리카,Canada,캐나다,York Landing,요크랜딩
Yorke Island Airport,요크 아일랜드 공항,OKR,YYKI,아시아태평양,Australia,오스트레일리아,Yorke Island,요크아일랜드
Yorkton Municipal Airport,요크턴 공항,YQV,CYQV,북아메리카,Canada,캐나다,Yorkton,요크턴
Yoron Airport,요론 공항,RNJ,RORY,아시아태평양,Japan,일본,Yoronjima,요론지마
Yoshkar-Ola Airport,요시카르올라 공항,JOK,UWKJ,유럽,Russian Federation,러시아,Yoshkar-Ola,요시카르올라
Youngstown-Warren Regional Airport,영스타운 워렌 공항,YNG,KYNG,북아메리카,United States of America,미국,Youngstown,영스타운
Yueyang Sanhe Airport,웨양 산허 공항,YYA,n/a,아시아태평양,China,중국,Yueyang,웨양
Yulin Fumian Airport,위린 푸미안 공항,YLX,ZGYL,아시아태평양,China,중국,Yulin,위린
Yulin Yuyang Airport,위린 공항,UYN,ZLYL,아시아태평양,China,중국,Yulin,위린
Yuma International Airport,유마 국제공항,YUM,KNYL,북아메리카,United States of America,미국,Yuma,유마
Yuncheng Salt Lake International Airport,원청 관광 공항,YCU,ZBYC,아시아태평양,China,중국,Yuncheng,윈청
Yurimaguas Moises Benzaquen Rengifo Airport,유리마과스 모이세스 벤자켄 렌기포 공항,YMS,SPMS,라틴아메리카,Peru,페루,Yurimaguas,유리마과스
Yushu Batang Airport,유슈 바탕 공항,YUS,ZLYS,아시아태평양,China,중국,Yushu,위슈
Yutian Wanfang Airport,위톈 완팡 공항,YTW,n/a,아시아태평양,China,중국,Yutian,위톈
Yuzhno-Kurilsk Mendeleyevo Airport,유즈노쿠릴스크 멘델레예보 공항,DEE,n/a,유럽,Russian Federation,러시아,Yuzhno-Kurilsk,유즈노쿠릴스크
Yuzhno-Sakhalinsk Khomutovo Airport,유즈노사할린스크 공항,UUS,UHSS,유럽,Russian Federation,러시아,Yuzhno-Sakhalinsk,유즈노사할린스크
YYC Calgary International Airport,캘거리 국제공항,YYC,CYYC,북아메리카,Canada,캐나다,Calgary,캘거리
Zabol Airport,자볼 공항,ACZ,OIZB,중동,Iran,이란,Zabol,자볼
Zacatecas International Airport,제너럴 레오바르도 C. 루이즈 국제공항,ZCL,MMZC,라틴아메리카,Mexico,멕시코,Zacatecas,사카테카스
Zachar Bay Sea Plane Base,자차 베이 수상비행장,KZB,n/a,북아메리카,United States of America,미국,Zachar Bay,자차베이
Zadar Airport,자다르 공항,ZAD,LDZD,유럽,Croatia,크로아티아,Zadar,자다르
Zafer Airport,자페르 공항,KZR,LTBZ,중동,Turkiye,터키,Kutahya,퀴타히야
Zagarzazu International Airport,자가르자주 국제공항,n/a,SUCM,라틴아메리카,Uruguay,우루과이,Zagarzazu,자가르사수
Zagora Airport,자고라 공항,OZG,GMAZ,아프리카,Morocco,모로코,Zagora,자고라
Zagreb Airport,플레소 공항,ZAG,LDZA,유럽,Croatia,크로아티아,Zagreb,자그레브
Zahedan Airport,자헤단 공항,ZAH,OIZH,중동,Iran,이란,Zahedan,자헤단
Zaisan Airport,자이산 공항,SZI,UASZ,아시아태평양,Kazakhstan,카자흐스탄,Zaysan,자이산
Zakinthos Island Dionisios Salomos Airport,자킨토스 국제공항,ZTH,LGZA,유럽,Greece,그리스,Zakynthos,자킨토스
Zalingei Airport,잘링게이 공항,ZLX,HSZA,아프리카,Sudan,수단,Zalingei,잘링게이
Zamboanga International Airport,잠보앙가 국제공항,ZAM,RPMZ,아시아태평양,Philippines,필리핀,Zamboanga,잠보앙가
Zangilan International Airport,잔길란 국제공항,ZZE,UBBZ,유럽,Azerbaijan,아제르바이잔,Zangilan,잔길란
Zanjan Airport,잔잔 공항,JWN,OITZ,중동,Iran,이란,Zanjan,잔잔
Zanzibar Abeid Amani Karume International Airport,아베이드 아마니 카루메 국제공항,ZNZ,HTZA,아프리카,Tanzania,탄자니아,Zanzibar,잔지바르
Zaporizhia International Airport,자포리자 국제공항,OZH,UKDE,유럽,Ukraine,우크라이나,Zaporizhzhia,자포리자
Zaqatala Airport,자카탈라 국제공항,ZTU,UBBY,유럽,Azerbaijan,아제르바이잔,Zaqatala,자카탈라
Zarafshan Airport,자라프샨 공항,AFS,UZSN,아시아태평양,Uzbekistan,우즈베키스탄,Zarafshan,자라프샨
Zaragoza Airport,사라고사 공항,ZAZ,LEZG,유럽,Spain,스페인,Zaragoza,사라고사
Zaranj Airport,자란즈 공항,ZAJ,OAZJ,아시아태평양,Afghanistan,아프가니스탄,Zaranj,자란즈
Zargan Airport,자르간 공항,n/a,OISO,중동,Iran,이란,Zargan,자르간
Zaria Airport,자리아 공항,ZAR,DNZA,아프리카,Nigeria,나이지리아,Zaria,자리아
Zemio Airport,제미오 공항,IMO,FEFZ,아프리카,Central African Republic,중앙아프리카공화국,Zemio,제미오
Zephyrhills Municipal Airport,제퍼힐스 공항,ZPH,KZPH,북아메리카,United States of America,미국,Zephyrhills,제퍼힐스
Zeya Airport,제야 공항,EYA,UHBE,유럽,Russian Federation,러시아,Zeya,제야
Zhalantun Chengjisihan Airport,잘란툰 청지시한 공항,NZL,n/a,아시아태평양,China,중국,Zhalantun,잘란툰
Zhangjiajie Hehua International Airport,장자제 허화 공항,DYG,ZGDY,아시아태평양,China,중국,Zhangjiajie,장자제
Zhangjiakou Ningyuan Airport,장자커우 닝위안 공항,ZQZ,ZBZJ,아시아태평양,China,중국,Zhangjiakou,장자커우
Zhangye Ganzhou Airport,장예 간저우 공항,YZY,ZLZY,아시아태평양,China,중국,Zhangye,장예
Zhanjiang Wuchuan International Airport,잔장 우촨 공항,ZHA,ZGZJ,아시아태평양,China,중국,Zhanjiang,잔장
Zhaosu Tianma Airport,자오쑤 톈마 공항,ZFL,ZWZS,아시아태평양,China,중국,Zhaosu,자오쑤
Zhaotong Airport,자오퉁 공항,ZAT,ZPZT,아시아태평양,China,중국,Zhaotong,자오퉁
Zhengzhou Xinzheng International Airport,정저우 신정 국제공항,CGO,ZHCC,아시아태평양,China,중국,Zhengzhou,정저우
Zhezkazgan Airport,제즈카즈간 공항,DZN,UAKD,아시아태평양,Kazakhstan,카자흐스탄,Zhezkazgan,제즈카즈간
Zhigansk Airport,지간스크 공항,ZIX,UEVV,유럽,Russian Federation,러시아,Zhigansk,지가스크
Zhob Airport,조브 공항,PZH,OPZB,아시아태평양,Pakistan,파키스탄,Zhob,조브
Zhongwei Airport,중웨이 샤포토우 공항,ZHY,n/a,아시아태평양,China,중국,Zhongwei,중웨이
Zhoushan Putuoshan Airport,저우산 푸퉈산 공항,HSN,ZSZS,아시아태평양,China,중국,Zhoushan,저우산
Zhuhai Airport,주하이 주완 공항,ZUH,ZGSD,아시아태평양,China,중국,Zhuhai,주하이
Zhytomyr Smokovka Airport,지토미르 공항,ZTR,UKKV,유럽,Ukraine,우크라이나,Zhytomyr,지토미르
Zielona Gora Babimost Airport,지엘로나 고라 공항,IEG,EPZG,유럽,Poland,폴란드,Zielona Gora,지에로나구라
Ziguinchor Airport,지긴쇼르 공항,ZIG,GOGG,아프리카,Senegal,세네갈,Ziguinchor,지긴쇼르
Zilina Airport,질리나 공항,ILZ,n/a,유럽,Slovakia,슬로바키아,Zilina,질리나
Zinder Airport,진더 공항,ZND,DRZR,아프리카,Niger,니제르,Zinder,진더
Zintan Airport,알진탄 공항,ZIS,HLZN,아프리카,Libya,리비아,Zintan,진탄
Ziro Airport,제로 공항,ZER,VEZO,아시아태평양,India,인도,Ziro,지로
Zonguldak Caycuma Airport,존굴다크 공항,ONQ,LTAS,중동,Turkiye,터키,Zonguldak,존굴다크
Zouerate Tazadit Airport,타자디트 공항,OUZ,GQPZ,아프리카,Mauritania,모리타니아,Zouerate,주에라트
Zunyi Maotai Airport,쭌이 마오타이 공항,WMT,n/a,아시아태평양,China,중국,Maotai,마오타이
Zunyi Xinzhou Airport,쭌이 신저우 공항,ZYI,ZUZY,아시아태평양,China,중국,Zunyi,쭌이
Zurich Airport,취리히 공항,ZRH,LSZH,유럽,Switzerland,스위스,Zurich,취리히
Zweibruecken Airport,츠바이브뤼켄 공항,ZQW,EDRZ,유럽,Germany,독일,Zweibrucken,츠바이브뤼켄
Zyryanka Airport,지리얀카 공항,ZKP,UESU,유럽,Russian Federation,러시아,Zyryanka,지랸카
